Elevation,LandCover,Latitude,Longitude,NDVI,Rainfall,Slope,SoilClay,RF_Probability,XGB_Probability,XGB_Risk,RF_Risk
394,10,25.641509855432783,92.73725038319327,0.754813043478261,5.785641193389893,0.9274099469184875,304,0.24795701915975316,0.24194367,Medium,Medium
92,10,24.36407024386272,92.46928009401952,0.7029652173913044,10.618791580200195,4.224406719207764,276,0.4854894213327677,0.4615651,High,High
86,10,26.17836275912947,93.05747287007468,0.5350695652173914,5.2324323654174805,2.1224889755249023,288,0.028684728383351926,0.04719075,Low,Low
63,40,26.559353050478276,91.55289652972135,0.47640434782608704,5.346305847167969,2.2705929279327393,246,0.000613891981726586,0.007361068,Low,Low
645,10,26.03179561207678,92.42050935075649,0.6644173913043478,5.127140045166016,5.467624187469482,331,0.4649396195253066,0.44418472,High,High
86,10,26.48987231429978,92.98114086048133,0.6397391304347826,5.149012565612793,2.779280662536621,279,0.0747588015024197,0.06611308,Low,Low
764,10,26.229240678241233,93.50984248507568,0.8101478260869566,5.558996200561523,4.239608287811279,349,0.26572337953479214,0.17310697,Low,Medium
94,40,26.75273159766724,92.33295300391033,0.4566913043478261,5.923102855682373,5.918887615203857,297,0.07092586574965593,0.034919303,Low,Low
110,40,26.38628302897289,93.92896795275313,0.7282826086956522,6.556094169616699,1.035241961479187,253,0.01507290654470937,0.009821667,Low,Low
77,80,26.727325280718567,93.6480252656821,-0.09736,5.857621669769287,5.259578704833984,251,0.0777565634530717,0.059423693,Low,Low
41,40,26.334486048188197,90.92350863931355,0.5133391304347826,5.385525226593018,4.7406768798828125,262,0.01441800570271471,0.012780889,Low,Low
82,40,26.914565875231474,93.66286288028238,0.5428173913043478,6.0361175537109375,0.0,260,0.008408398452098077,0.006181617,Low,Low
144,10,26.793730561209813,91.71137971909593,0.6993086956521739,4.979344844818115,2.077183723449707,242,0.20801301860491225,0.15725991,Low,Medium
241,10,25.629340488301853,93.20190898788971,0.8008347826086958,4.231325149536133,13.112737655639648,313,0.12333259810173232,0.034663543,Low,Low
135,40,27.3689698406695,95.54729581394223,0.5668608695652174,6.062510967254639,2.1278059482574463,307,0.008219368425690656,0.012602031,Low,Low
83,10,26.792698829532686,93.44732056358629,0.6376782608695652,5.34461784362793,3.622469902038574,269,0.1419331190655853,0.05795049,Low,Low
69,40,26.696336457091896,92.94092623425183,0.47046086956521743,5.30403470993042,0.9274099469184875,250,0.010161337242937937,0.009025708,Low,Low
84,10,26.676891972303004,91.73171285756274,0.6685130434782609,4.954685211181641,2.0750560760498047,321,0.1384397830512448,0.12833263,Low,Low
48,30,26.25729976434636,91.83729653382682,0.2966739130434783,4.941909313201904,1.388907790184021,261,0.03512047194614962,0.021998825,Low,Low
447,10,26.1388047864573,93.35479890625993,0.8139086956521739,5.33831262588501,20.480077743530273,349,0.27099397960423244,0.20807981,Medium,Medium
45,40,26.303368828197108,91.32406992274211,0.5214260869565217,4.778807163238525,0.9274099469184875,267,0.013174815264978304,0.01704821,Low,Low
60,40,26.239598718522444,92.54559939615817,0.5200695652173913,4.6784987449646,2.1227540969848633,316,0.025483367573159412,0.035814535,Low,Low
97,60,27.35964514682376,94.17811156772026,0.440304347826087,7.4338765144348145,2.791224956512451,266,0.0031694056670779234,0.009576625,Low,Low
112,10,27.29147998391465,95.13139816575764,0.5981913043478261,6.771725654602051,1.04354989528656,250,0.0022500797100098286,0.014849636,Low,Low
993,40,25.76520131398415,92.22133892578233,0.7305,5.864162921905518,5.061102390289307,283,0.2966715157085161,0.124647275,Low,Medium
36,10,26.254312705228624,89.74181979006009,0.5973391304347826,7.26970100402832,0.9274099469184875,271,0.02775476132579177,0.016875194,Low,Low
90,40,26.70309715406122,92.09233219835066,0.6282826086956522,5.102946758270264,2.272974967956543,270,0.04752016453424989,0.015986882,Low,Low
65,40,26.578275023287702,89.88031868874731,0.5593826086956523,7.229860782623291,2.9668073654174805,252,5.634232869954597e-05,0.004917316,Low,Low
38,10,24.60260657452101,92.68652223967489,0.7715478260869565,10.851677894592285,2.7552952766418457,274,0.421040483446868,0.3763844,Medium,High
207,10,26.823948087783013,90.34411813732085,0.7298956521739131,5.297760009765625,2.7837975025177,244,0.282941229982503,0.17880931,Low,Medium
745,30,25.98315255091891,92.29845700389282,0.6750608695652174,5.653661727905273,9.602986335754395,292,0.39552021394811104,0.36160168,Medium,Medium
62,40,26.064577928717014,92.62794104739717,0.5920000000000001,5.303548336029053,1.0323859453201294,313,0.03736887370049742,0.022772422,Low,Low
584,10,26.541420450287866,93.10778696872472,0.7997478260869565,4.586025714874268,21.166913986206055,321,0.17402819739694422,0.03937787,Low,Low
94,40,27.204414705464433,94.74888365789758,0.5686521739130436,6.843298435211182,0.9274099469184875,269,1.6490788514484307e-05,0.00412558,Low,Low
478,10,25.83844490886546,91.01223394235186,0.6948260869565217,6.68142032623291,23.42053985595703,280,0.8853480594387012,0.93199176,Very High,Very High
64,10,26.572672129838683,91.59652169417123,0.591904347826087,5.346305847167969,2.7803924083709717,269,0.04141426886615198,0.022067362,Low,Low
83,10,24.75731620612995,93.07224177024037,0.8113652173913043,9.948169708251953,4.477729797363281,268,0.2489534113679873,0.089381784,Low,Medium
156,10,27.48429819237577,95.83774892984863,0.7040130434782609,6.997732162475586,3.47629451751709,292,0.13634763361429517,0.101040706,Low,Low
108,10,27.38581912572045,94.96266358487577,0.7275478260869566,6.717748165130615,2.284531593322754,242,0.04402355341910728,0.045712885,Low,Low
152,10,26.42682401367948,90.47878600634435,0.7039260869565217,6.758667469024658,14.8610200881958,321,0.8352435380217081,0.8650321,Very High,Very High
55,40,26.209612294213603,91.99485037294907,0.35101304347826084,4.181039810180664,1.3885916471481323,276,0.040821492114243275,0.017919559,Low,Low
82,10,26.67453820668791,93.31428230452468,0.6382652173913044,5.103636264801025,3.467301368713379,258,0.1905912424045256,0.08166633,Low,Low
113,40,26.058218718908115,93.21235652336401,0.5192478260869565,5.448123455047607,5.063168525695801,265,0.06727091043256732,0.04709495,Low,Low
136,40,27.623893521804504,95.62659862717899,0.6659782608695652,7.317212104797363,0.0,271,0.019318715638965853,0.014140769,Low,Low
73,10,26.573424524176435,91.9013573252772,0.5325391304347826,4.667984485626221,8.28943920135498,272,0.6396086166878038,0.69869465,High,High
117,40,27.29455293411913,95.27618316423207,0.5081391304347826,6.976992130279541,1.043581247329712,279,0.0011307901668023848,0.006089623,Low,Low
742,10,25.42140025300148,93.23578286992041,0.7500130434782609,5.747434139251709,28.945695877075195,284,0.7372377478090342,0.6243722,High,Very High
81,40,26.801471165955853,93.12982675461545,0.4828347826086957,5.551051616668701,1.0390044450759888,280,0.005020075017905166,0.01702233,Low,Low
94,40,27.1046275883216,93.8562262729096,0.5626652173913044,7.379115581512451,1.8543341159820557,258,5.634232869954597e-05,0.004454383,Low,Low
58,10,24.27432754104613,92.50501492156374,0.7132608695652174,10.555310249328613,11.442330360412598,268,0.47883400057426173,0.31482235,Medium,High
67,40,26.486346760220574,92.02836922162238,0.4974,4.67203950881958,1.3904340267181396,294,0.006669275143637193,0.034088712,Low,Low
674,10,25.275630805860548,92.91735258527599,0.7712304347826088,7.6677093505859375,6.777024269104004,308,0.44126246447072154,0.5680305,High,High
170,10,27.270199456046832,95.70620130325587,0.6516434782608697,6.836722373962402,3.8481178283691406,318,0.33770548984439475,0.34842873,Medium,Medium
175,10,25.832026525448327,93.64995491438606,0.6947913043478261,5.8035454750061035,11.571956634521484,276,0.6934604833004958,0.8257618,Very High,High
751,10,24.55393532364805,93.00646051967841,0.7556260869565218,9.64572811126709,21.198802947998047,292,0.5737854794520204,0.4837329,High,High
80,40,26.67747683287125,92.29021093181545,0.42457826086956524,5.849346160888672,4.2435173988342285,315,0.04990817272364213,0.040748347,Low,Low
47,10,26.48905674497806,90.74218446772949,0.610304347826087,6.108245849609375,3.846187114715576,287,0.06875991008362953,0.044772457,Low,Low
98,10,26.626497434263687,90.26312294159592,0.7433695652173913,6.657212734222412,2.1244471073150635,272,0.0496156005969167,0.045257553,Low,Low
106,40,26.7404142634704,94.32932889422219,0.6412521739130436,6.633038520812988,1.3921501636505127,270,0.005872827912323448,0.008207027,Low,Low
119,80,27.66793527636222,95.2789469212326,0.04013043478260869,7.614662170410156,2.093547821044922,291,0.004712231288621577,0.009944096,Low,Low
57,40,26.42139430509448,91.84450830869245,0.5935956521739131,4.631799221038818,2.9663147926330566,292,0.019386882184547823,0.019446352,Low,Low
700,10,25.970670843764424,92.20985926349387,0.6392304347826088,5.288817405700684,16.14318084716797,279,0.6463380212748501,0.62589556,High,High
47,40,26.300700319651963,90.55311918316104,0.6007391304347827,6.732335090637207,2.965939521789551,272,0.0035838307157793413,0.0077392682,Low,Low
106,40,26.71363614741333,94.29440095641961,0.649913043478261,6.489849090576172,1.0382022857666016,284,0.003941902354249933,0.009208338,Low,Low
40,40,26.15161286637653,91.26062629994874,0.4752347826086957,4.500363826751709,7.157013893127441,274,0.31144675236895303,0.14733754,Low,Medium
92,40,27.229586197421465,94.1100736432195,0.5475391304347826,8.600744247436523,2.1271626949310303,284,0.004311556602571807,0.009329436,Low,Low
87,60,26.885108543968503,94.23287472871964,0.087055,6.902736663818359,1.393139362335205,294,0.008207213420310147,0.011050462,Low,Low
422,10,25.80623609129781,92.63740018164151,0.7724695652173913,5.868940353393555,6.779734134674072,330,0.2541024122448196,0.28221148,Medium,Medium
60,10,24.602933859403905,92.24290108802313,0.8087739130434783,10.188994407653809,13.776991844177246,272,0.5001608351558234,0.47941577,High,High
119,10,25.84951420802275,93.02052966181934,0.7531130434782609,4.551418781280518,1.386235237121582,301,0.21168277477210737,0.11884558,Low,Medium
120,10,26.245937069352284,93.89151111092295,0.5894391304347826,6.611320495605469,0.9274099469184875,292,0.016659850995731244,0.03037373,Low,Low
87,40,26.853717044197403,94.13169340836548,0.5655173913043479,6.775592803955078,3.623915910720825,279,1.6490788514484307e-05,0.011473863,Low,Low
151,10,27.50359487020781,95.76748519202071,0.7230347826086957,6.934096813201904,2.2865679264068604,302,0.10159935867720105,0.06535275,Low,Low
65,40,26.53987245015297,92.65581968819936,0.6052347826086957,4.893627643585205,2.12406325340271,277,0.007929245592669255,0.020549338,Low,Low
64,10,24.991448664977156,92.58700504557734,0.7251173913043478,10.182706832885742,12.44075870513916,276,0.5780167146539853,0.71179026,Very High,High
97,50,26.6224067088565,93.84691507020578,0.6184173913043478,5.917891502380371,0.0,270,0.0713532593354742,0.026676837,Low,Low
1236,10,25.1464400301396,92.64791342566218,0.7015478260869565,8.871541976928711,29.279273986816406,312,0.5449942061208543,0.5969076,High,High
85,40,26.766529297193745,92.61203189470024,0.5167652173913043,5.454747676849365,1.3923280239105225,314,0.037057588665492726,0.03286809,Low,Low
104,40,27.498811374511764,94.76377555620195,0.529595652173913,6.828256130218506,1.8543341159820557,268,5.634232869954597e-05,0.00440816,Low,Low
60,10,26.65378711198848,91.00465374504957,0.6803739130434784,5.779338359832764,2.124567747116089,265,0.04820208304839099,0.04361769,Low,Low
96,40,27.248483863226518,94.53216176551183,0.5547652173913044,6.747304916381836,0.9274099469184875,292,0.0002574301182189814,0.0064409245,Low,Low
42,40,26.39965104997147,91.13593251663234,0.5041130434782609,5.092482566833496,2.267974853515625,275,0.0021728000731204076,0.012967755,Low,Low
133,10,26.382316343750215,93.8552923542526,0.7767086956521739,6.4288249015808105,0.0,291,0.07141765007868947,0.058442928,Low,Low
79,10,25.9286773774321,92.73849298905122,0.6565347826086957,5.557595252990723,2.9647974967956543,280,0.05876308327114905,0.080350384,Low,Low
67,10,25.99542395480882,91.41231720332993,0.701004347826087,4.6583638191223145,13.042444229125977,282,0.6730687454390764,0.70256525,Very High,High
60,10,24.93914195714212,92.86540321033539,0.7972260869565218,10.394758224487305,10.912195205688477,284,0.3900086418359917,0.30802625,Medium,Medium
291,10,26.53312276286315,93.45659880209651,0.7935304347826088,5.411005973815918,7.218306541442871,275,0.12606493768266386,0.07986045,Low,Low
81,80,26.863300948953263,93.88929716500446,-0.05026666666666667,6.495288372039795,2.2756500244140625,266,0.000191658857517494,0.006980798,Low,Low
75,40,26.802739935447377,92.97984554564741,0.5605565217391304,5.598343372344971,1.3925763368606567,263,5.634232869954597e-05,0.0081672,Low,Low
48,80,26.14782583890409,91.2876001523556,0.03313478260869565,4.880363941192627,4.969790458679199,290,0.11221635340150489,0.10329896,Low,Low
63,40,26.429277302658612,92.86625397550324,0.5580434782608696,5.226619243621826,2.9663398265838623,318,0.040998544033355955,0.025364,Low,Low
79,10,26.661890010887742,91.46614015900141,0.5738565217391304,5.347706317901611,1.0377318859100342,284,0.0572172105468274,0.042153545,Low,Low
59,10,26.632620823961464,90.99698485401478,0.6166434782608696,5.574554443359375,3.1096765995025635,248,0.09436714215085407,0.09064723,Low,Low
248,10,27.344657974437634,95.94459606933901,0.7924913043478261,7.421565055847168,6.378271579742432,338,0.3178473341721076,0.26498657,Medium,Medium
172,10,27.367024970294615,95.6893120167508,0.7976782608695653,6.513613700866699,5.89604377746582,314,0.24582728094849743,0.1925779,Low,Medium
224,10,25.468236967206135,93.14105293100653,0.6996,5.610677242279053,10.999198913574219,327,0.6197642278198436,0.7340634,Very High,High
54,40,26.270708627473542,92.14426518030409,0.3511173913043479,5.0477800369262695,1.3889942169189453,281,0.0012144736779182849,0.007982023,Low,Low
131,10,26.80020575779884,92.11895345496504,0.7147260869565217,5.200366497039795,1.392559289932251,284,0.07333474380185581,0.099901766,Low,Low
31,60,25.998996110638785,90.09775301334038,-0.01988181818181818,7.593830108642578,2.2614920139312744,281,0.03544653674879492,0.011456305,Low,Low
102,40,26.73009172496383,91.39011473705442,0.6553347826086957,5.537591457366943,2.7825186252593994,258,0.01119467980079049,0.015219407,Low,Low
504,10,25.47541410393558,92.87842003136025,0.7820739130434783,6.0683979988098145,11.48246955871582,343,0.3659271010628551,0.36758175,Medium,Medium
293,10,26.379375642502147,93.4116620294542,0.7532478260869565,5.5666279792785645,24.675146102905273,297,0.8650119235117116,0.84084606,Very High,Very High
138,10,25.885140215742513,91.07823919639775,0.6836826086956522,6.326071262359619,15.108414649963379,262,0.7044917475774983,0.75055635,Very High,Very High
256,10,25.691230506635925,93.46773509464657,0.8183521739130435,5.437497615814209,11.746575355529785,311,0.18854591359684159,0.11920585,Low,Low
91,40,27.292312385038095,94.13019064110011,0.5739869565217391,7.609763145446777,0.9274099469184875,269,0.0033498241218478174,0.0047091236,Low,Low
167,10,26.71967640063757,89.97976367946757,0.7385478260869566,6.34852933883667,2.7823753356933594,251,0.18672366166759288,0.103160575,Low,Low
46,40,26.41906276524669,90.31687067209451,0.5302652173913043,6.8290791511535645,1.8543341159820557,279,0.0001926456233220749,0.0062842,Low,Low
698,10,25.031209549273697,92.7213336467869,0.7438956521739131,9.729592323303223,21.74258804321289,295,0.7248821053820335,0.70922416,Very High,Very High
93,40,26.89669567703747,94.49395501867318,0.422704347826087,6.61771297454834,3.251427173614502,305,0.0077700715988853935,0.010132783,Low,Low
116,40,26.27843351211007,93.88672645753726,0.6504826086956522,6.601283073425293,0.9274099469184875,297,0.01374075851660822,0.013663916,Low,Low
59,40,26.72440076763348,91.22857808683352,0.4985130434782609,5.310825347900391,1.3920423984527588,273,1.6490788514484307e-05,0.008640922,Low,Low
86,40,26.051020701809595,92.98623526021156,0.495895652173913,5.308316707611084,10.246916770935059,295,0.690537848338298,0.42255634,High,High
122,10,25.760076688895204,93.08018363839503,0.7513217391304349,4.147935390472412,2.964289665222168,289,0.3222693967825529,0.18715295,Low,Medium
50,10,24.288121434496368,92.53747284533041,0.6483130434782609,10.555310249328613,10.460923194885254,266,0.5877500194595499,0.5275284,High,High
91,80,26.971734010312865,94.37564526854193,0.011205882352941177,6.536315441131592,5.069847106933594,271,0.05894008234453949,0.038788173,Low,Low
72,40,26.583871310602614,91.86522773511128,0.5647217391304348,4.766181468963623,1.3910901546478271,277,0.015337730478362236,0.027375786,Low,Low
751,10,25.795682265119286,92.32910937149647,0.7424826086956522,6.290728569030762,22.4630184173584,288,0.690353819166905,0.5652489,High,High
166,10,25.860904058877235,92.738408773522,0.7675652173913043,5.575527667999268,17.359121322631836,309,0.7816032837424136,0.87367374,Very High,Very High
464,10,25.463929992999912,92.84187729231871,0.7484608695652174,6.114633083343506,24.81293296813965,329,0.850026949548928,0.80941135,Very High,Very High
647,10,25.689672571012615,92.56274081741867,0.7560869565217392,6.028481960296631,21.282548904418945,299,0.5969114187605904,0.5691108,High,High
69,40,26.529737817319567,92.97328133903765,0.38596956521739134,5.053229808807373,2.1240193843841553,278,0.0012144736779182849,0.0100609,Low,Low
40,40,26.088482159880876,91.21968049844953,0.5120826086956523,5.329866409301758,1.3877923488616943,274,0.014349493643032896,0.009926784,Low,Low
633,10,25.05426403333228,92.98752146060875,0.813095652173913,8.460667610168457,33.81696319580078,299,0.5055260940327266,0.499713,High,High
58,10,24.3591094466932,92.62607510055736,0.7491130434782609,10.44316291809082,10.179754257202148,281,0.39854629443461154,0.29749915,Medium,Medium
36,10,26.03700057320984,90.21291019100703,0.5227347826086958,7.2463459968566895,2.9651272296905518,269,0.033644788413349454,0.014318666,Low,Low
66,40,26.593997144999665,91.5223796935136,0.5678347826086957,5.559905052185059,2.9668564796447754,271,1.6490788514484307e-05,0.010600938,Low,Low
339,10,26.01402000308331,91.71054135111318,0.6980347826086958,4.727734565734863,22.10116958618164,279,0.7840533440814883,0.6951279,High,Very High
61,10,26.341484914196464,91.74489511559523,0.5748869565217392,4.727481842041016,1.3894648551940918,283,0.1883547567473027,0.13286602,Low,Low
34,80,26.17452723489593,90.63781714595395,0.28329565217391306,6.823641777038574,6.344278335571289,296,0.1318668318658929,0.059638187,Low,Low
122,10,27.51892714359219,95.40204304071193,0.6863086956521739,6.877674102783203,2.9698593616485596,264,0.012566220161022311,0.017292144,Low,Low
74,40,26.84948514763306,93.66238872803206,0.6231173913043478,5.738404273986816,0.9274099469184875,258,0.014987559916283932,0.01887394,Low,Low
68,40,26.339312426892416,92.84884064329577,0.6086391304347827,4.995222091674805,0.9274099469184875,278,0.014815414866306635,0.022012627,Low,Low
39,40,26.119911581058957,90.53622293088524,0.5814217391304348,6.905905723571777,0.0,317,0.05643671152538767,0.019201403,Low,Low
612,10,25.156989785290524,92.9925197350758,0.7539565217391304,8.066160202026367,36.89086151123047,293,0.9353023134801619,0.95844644,Very High,Very High
37,40,26.337798128720152,90.88220559630791,0.46165217391304353,5.5817131996154785,0.0,271,0.04352828721076595,0.01317314,Low,Low
54,40,26.378395696945688,89.94231184878855,0.5806173913043479,7.140440940856934,3.704791784286499,307,0.00544855252160204,0.01575861,Low,Low
86,60,26.88134692584189,94.25046403235396,-0.0034111111111111117,6.492920398712158,1.3931145668029785,306,0.022740960656422362,0.017434984,Low,Low
855,10,25.750501564189133,92.28329384351697,0.7085043478260871,6.316733360290527,24.687850952148438,303,0.6188376930438625,0.5599,High,High
92,10,26.86516634052491,92.89983226743703,0.5622782608695652,5.643238067626953,3.847104549407959,280,0.03531232633929799,0.06363833,Low,Low
219,10,25.690745525895426,93.29720773234202,0.8037347826086957,4.376296520233154,7.225530624389648,313,0.12802864528877816,0.042386957,Low,Low
155,10,27.467749648136788,95.86143844937301,0.7386826086956523,7.176943302154541,2.0897343158721924,293,0.1142937009189644,0.051713936,Low,Low
96,40,27.41205440892456,94.55689687994365,0.5864260869565218,6.960279941558838,0.9274099469184875,265,5.634232869954597e-05,0.0047720214,Low,Low
98,40,26.877492104427827,92.66962586862252,0.563804347826087,5.871561050415039,0.9274099469184875,277,1.6490788514484307e-05,0.008990691,Low,Low
85,60,26.93500320103472,94.18698287984267,0.5385913043478261,7.172544956207275,4.836645603179932,297,0.036130606565069966,0.11580121,Low,Low
111,10,27.00541994879983,95.01649866041026,0.7313086956521739,7.273574352264404,2.0810821056365967,268,0.02945325296306235,0.022076255,Low,Low
67,40,25.921641221589674,92.80798732624422,0.5568217391304349,5.440389156341553,1.3867037296295166,298,0.0002574301182189814,0.015212997,Low,Low
86,40,27.028517924090703,94.24106778611201,0.5156304347826087,6.656432628631592,2.0815036296844482,294,0.0002574301182189814,0.0074845892,Low,Low
111,40,27.381389351280223,95.15964351844082,0.5685347826086957,6.8683552742004395,3.704791784286499,276,0.0033498241218478174,0.009736123,Low,Low
130,10,27.867810228970615,95.4910407352943,0.5152521739130436,9.820501327514648,1.0490466356277466,305,0.0990814343361104,0.0781667,Low,Low
55,10,26.48489462533327,89.92389139699067,0.5879652173913044,7.271484375,1.036128044128418,256,0.004487793719064583,0.013632057,Low,Low
104,10,27.017453299611248,95.03443105602678,0.6583782608695652,7.273574352264404,2.081303119659424,271,0.006977732678164473,0.018284969,Low,Low
54,10,26.428163925906333,90.79037539569318,0.6093652173913043,6.110071182250977,2.1235744953155518,295,0.03298408456611903,0.027749345,Low,Low
58,40,26.42220900673727,92.30850019062773,0.3732478260869565,5.060944557189941,2.268342971801758,286,0.00702132072141847,0.009013359,Low,Low
57,10,25.99530143054477,90.54013006455732,0.6962,7.430116176605225,12.442187309265137,267,0.6486941440764225,0.28340814,Medium,High
108,10,26.931630519891332,93.55864302544282,0.6017739130434783,6.213450908660889,0.0,247,0.0136532445027869,0.018486924,Low,Low
88,40,27.2424990774961,94.22549519737069,0.5873739130434783,8.177985191345215,4.266754627227783,289,0.002401203950890319,0.028443333,Low,Low
1182,10,25.199083369101984,92.73752935731363,0.8047869565217391,8.256783485412598,25.67588233947754,319,0.5596891353245259,0.5725349,High,High
112,40,27.43496961832434,95.13870105969403,0.5505217391304348,6.85582160949707,0.0,243,0.0017265932247568939,0.004638272,Low,Low
1023,10,25.780137900307892,92.19211208250917,0.737195652173913,5.944211959838867,13.648222923278809,277,0.29681698696792946,0.12126497,Low,Medium
53,10,26.576255636680514,90.83386520933705,0.5714260869565218,6.140758037567139,2.1242237091064453,265,0.01555774869766978,0.013582226,Low,Low
50,60,26.242941843294794,91.64738181611949,0.5594217391304348,4.136020660400391,2.2654197216033936,277,0.10234644165458069,0.054162513,Low,Low
100,40,27.221258425251886,94.77698955047872,0.5779565217391305,6.6527299880981445,1.3954699039459229,272,1.6490788514484307e-05,0.0071405475,Low,Low
67,40,26.5242646432909,92.55755352683833,0.5446260869565217,5.110236167907715,1.0364837646484375,291,0.003710943929744821,0.013161721,Low,Low
26,40,26.125305614018085,89.81066439793018,0.45622173913043484,7.256416320800781,0.0,270,0.03677748471401942,0.008127053,Low,Low
84,40,26.732134559110655,94.080222850283,0.3942652173913044,6.622559547424316,4.1697306632995605,290,0.011461582281265396,0.012145019,Low,Low
60,10,26.34300434965531,91.64810437597811,0.5236130434782609,4.896826267242432,5.855007171630859,292,0.3609409798318435,0.38267276,Medium,Medium
99,10,27.088125994204624,94.69283350591428,0.6945130434782609,6.423475742340088,2.1265182495117188,271,0.009953592261466226,0.020984558,Low,Low
56,10,24.41812978830881,92.61632613018799,0.6263782608695653,10.492793083190918,8.926732063293457,295,0.5890280804328748,0.78656447,Very High,High
57,40,26.223457984541124,92.56488042858165,0.3367913043478261,4.68540620803833,3.098680257797241,336,0.07960884355463188,0.023992399,Low,Low
125,10,26.73584299271618,90.38019428328732,0.6561565217391304,6.154320240020752,2.967306613922119,272,0.03948900807006997,0.036784813,Low,Low
587,10,25.472144551297035,93.27815313225965,0.7811565217391304,5.456809997558594,25.916748046875,362,0.7213841345678631,0.81004447,Very High,Very High
105,40,27.334439915239155,94.96753961528661,0.5139869565217391,6.492395877838135,1.3962630033493042,236,0.005067095016871589,0.0071957563,Low,Low
121,40,27.674128946888807,95.48727721036869,0.6179565217391304,8.047783851623535,3.643705368041992,286,0.05084737795502991,0.052335475,Low,Low
163,10,27.275135333257523,95.47949277893213,0.7938782608695653,6.943558692932129,7.768628120422363,322,0.35221728453969314,0.22342777,Medium,Medium
89,10,26.85505535773209,93.4617763572889,0.6680304347826087,5.7278594970703125,3.115755558013916,264,0.06666211041003924,0.049737692,Low,Low
39,40,26.055705125897717,90.62706804876518,0.45543478260869574,6.837855339050293,3.8451545238494873,307,0.03739706662669808,0.021541087,Low,Low
144,10,25.589543373554758,92.93619059433881,0.7066913043478261,5.6287617683410645,7.392409324645996,292,0.3746691400408324,0.42173755,High,Medium
873,10,26.201770067860554,93.56879026589188,0.7651869565217392,5.562027454376221,20.33629608154297,352,0.53599584973088,0.5995772,High,High
78,10,25.886286525562006,91.4247330386996,0.6350173913043479,5.817934513092041,2.060976982116699,262,0.07786891454137695,0.064859375,Low,Low
55,40,26.137897040403974,92.03793905708056,0.45691739130434783,5.322190761566162,0.9274099469184875,275,0.0030808083022192743,0.008372418,Low,Low
30,10,24.65150930598094,92.79292373606575,0.7302565217391305,10.639286041259766,2.1161983013153076,262,0.24489799173204393,0.14824617,Low,Medium
269,10,25.922473678033775,93.26354555054488,0.7342478260869565,4.773301124572754,3.226369857788086,318,0.3575105771143846,0.14235112,Low,Medium
953,10,25.145394980141596,93.16876189053977,0.7902,7.500242233276367,28.309911727905273,303,0.5878404148638386,0.58031875,High,High
100,10,26.595290711506504,93.8978328017838,0.5970739130434783,6.110873222351074,3.6178574562072754,270,0.044363848522812784,0.028087875,Low,Low
32,40,24.50118197857912,92.6075666204542,0.5727173913043478,10.706962585449219,3.445164442062378,259,0.16503354861460418,0.19002713,Low,Low
97,40,25.791941648573722,92.92095360207962,0.6404304347826087,4.976949691772461,2.120842695236206,290,0.041987825676404134,0.026440976,Low,Low
64,40,26.49910233924948,91.90975959325706,0.522604347826087,4.443981170654297,1.0362582206726074,297,0.03829660489309929,0.048826642,Low,Low
96,60,26.15994618176666,93.12619860702442,0.5482826086956523,5.17392110824585,2.0657787322998047,291,0.03567838658081384,0.039187513,Low,Low
114,40,27.444213977239393,95.19175981095148,0.5099304347826087,6.7715020179748535,1.3970376253128052,275,1.6490788514484307e-05,0.0062453747,Low,Low
292,40,26.346353045790007,93.31680263051643,0.5909478260869565,5.51997184753418,2.0690979957580566,308,0.352840289393156,0.28528222,Medium,Medium
47,60,26.23139733177307,91.64805725525743,0.4866478260869565,4.136020660400391,0.9274099469184875,288,0.11555976445269418,0.09004182,Low,Low
77,30,26.77926874455065,92.7118958651246,0.6316304347826087,5.266210556030273,1.392415165901184,313,0.09601142788075903,0.086622104,Low,Low
159,10,26.578799973339557,94.36443023247125,0.7895260869565217,6.651133060455322,1.0369783639907837,270,0.19471717915239067,0.06968848,Low,Low
156,80,26.799091236467998,90.48356665852133,0.3229478260869565,6.489966869354248,1.3925516605377197,275,0.09138672454373271,0.021294087,Low,Low
27,40,24.488710608962872,92.43545424189446,0.5625913043478261,10.140973091125488,2.115561008453369,286,0.153504787509104,0.13793159,Low,Low
90,30,26.697183909408878,91.75297155067746,0.4586521739130435,5.03716516494751,1.391857385635376,310,0.06251333946535545,0.06385323,Low,Low
27,10,24.611042712691482,92.65721626424616,0.6346869565217391,10.851677894592285,1.3784948587417603,285,0.4177642695653342,0.36824936,Medium,High
84,10,26.562939614466544,93.11768658478144,0.6480304347826087,5.084802150726318,8.289020538330078,285,0.4663452516224162,0.5372207,High,High
43,10,24.61612184862321,92.68865350405531,0.717095652173913,10.851677894592285,7.623135566711426,292,0.44026881859286693,0.4673742,High,High
133,10,26.6894732070492,90.17108684936257,0.7299869565217392,6.364376544952393,4.832331657409668,267,0.14588647839110883,0.114616886,Low,Low
110,10,27.685694255188054,94.99550834625069,0.7307260869565217,6.56485652923584,0.9274099469184875,269,0.03233870510866179,0.024446595,Low,Low
84,40,26.941152749078768,94.07514990944962,0.5934391304347826,7.508336067199707,0.9274099469184875,277,0.0014485743779428801,0.0074076797,Low,Low
26,40,24.586848556289258,92.60304438165724,0.5095086956521739,10.862749099731445,2.1159441471099854,285,0.19985207038866637,0.1665897,Low,Low
263,10,26.734736505841386,90.04725074555043,0.7753434782608696,6.747808933258057,18.152223587036133,278,0.6378773940075433,0.6744001,High,High
109,40,27.672121570278033,94.95122268624465,0.5937695652173913,6.56485652923584,0.9274099469184875,282,1.6490788514484307e-05,0.0062903943,Low,Low
47,40,26.376498391553138,90.5910112616588,0.6319043478260871,6.755617618560791,1.3896980285644531,281,0.02782786223359312,0.013592036,Low,Low
108,30,27.533480584982968,94.5309049476387,0.6051913043478261,6.507853984832764,3.1347289085388184,279,0.02061983783678233,0.021520484,Low,Low
37,40,26.275162777125804,90.98495724936092,0.4422304347826087,5.217493057250977,2.96586012840271,268,0.033198346503455975,0.010689657,Low,Low
102,30,27.364130831790867,94.1496841891687,0.5073173913043478,7.489241123199463,2.284158229827881,284,0.014657969854284454,0.014198146,Low,Low
83,30,26.738900546510234,93.81680455429597,0.5914304347826087,6.204803466796875,1.3921406269073486,268,0.005821891824367474,0.011209735,Low,Low
55,40,25.93081240414344,90.53917165260914,0.512804347826087,7.472785472869873,5.224825382232666,264,0.07664614033529239,0.027140202,Low,Low
24,40,24.526348866655624,92.40977424002531,0.5273913043478261,10.256141662597656,1.8543341159820557,271,0.096779096848597,0.106293,Low,Low
418,10,25.109072739972742,92.7982509109991,0.7950913043478262,9.274908065795898,20.74660873413086,309,0.3886923610976425,0.3594729,Medium,Medium
153,10,26.594059340471475,93.57287416814394,0.6878217391304349,5.573747634887695,18.234651565551758,287,0.9419158396814964,0.9454936,Very High,Very High
128,10,26.193834260208327,91.9734154433097,0.6043826086956522,4.558377265930176,12.808241844177246,257,0.846515377518146,0.84911525,Very High,Very High
93,40,26.713834710077446,91.4905455921802,0.5944826086956523,5.329493999481201,0.9274099469184875,265,5.634232869954597e-05,0.007089574,Low,Low
44,60,26.187581841754003,91.31307458136791,-0.07592222222222222,4.3785881996154785,3.233057975769043,273,0.03135086699729011,0.05151605,Low,Low
108,10,27.398091444438315,94.84094196141363,0.6171173913043478,6.675283432006836,0.9274099469184875,262,0.015326042557216937,0.031885296,Low,Low
74,10,26.714888960721584,92.82246457387348,0.5558434782608697,5.350993633270264,0.0,255,0.04266957301258655,0.027197547,Low,Low
99,10,27.282745033707947,94.18410942643852,0.5918826086956522,7.554843425750732,0.0,285,0.023851065685438114,0.023663266,Low,Low
33,40,26.174480173885893,90.16782938422828,0.40214347826086955,7.925967216491699,0.0,320,0.12988875657602778,0.034231476,Low,Low
46,10,26.14512690404341,90.50269584579014,0.5781086956521739,6.905905723571777,5.847328186035156,311,0.20297298076575554,0.14338431,Low,Medium
266,10,27.124148087187585,95.33982384254513,0.7991304347826087,7.1604905128479,9.195145606994629,302,0.27257814541401276,0.20157145,Medium,Medium
90,10,26.636096384450617,90.29433040394382,0.7205956521739131,6.657212734222412,2.9669899940490723,275,0.08411383161962552,0.04931839,Low,Low
90,40,27.109544964482552,94.38992368195115,0.5423739130434784,6.668408393859863,1.3946894407272339,318,0.019434273985558283,0.014315961,Low,Low
49,60,26.081483039743734,91.38537893074165,0.4643260869565217,4.596523284912109,5.469655513763428,251,0.174091729869504,0.1538899,Low,Low
350,10,26.408380219871358,90.55109871195026,0.7096826086956523,6.659162998199463,14.82182788848877,290,0.7747798495807886,0.8554018,Very High,Very High
194,10,25.987855410274175,93.70200427449129,0.7747608695652174,6.412547588348389,6.435654163360596,280,0.21756303162150278,0.1685034,Low,Medium
155,10,27.4235615831062,94.16924887466766,0.8288913043478261,7.3464579582214355,4.563119411468506,268,0.22196872164279238,0.06343195,Low,Medium
45,40,26.512618970880403,91.18331581525094,0.5574086956521739,5.545485019683838,2.123943567276001,289,0.0011025484902071633,0.01455486,Low,Low
96,40,26.82843187508097,94.60553160358013,0.5379260869565218,6.6024088859558105,1.8543341159820557,284,0.0002574301182189814,0.0073978617,Low,Low
231,10,26.778336907837847,91.29647800238678,0.7366347826086957,5.348055839538574,3.6221370697021484,258,0.2931096352188767,0.14811766,Low,Medium
101,80,27.27588717148455,94.65949396747132,-0.006042857142857143,6.577935695648193,2.9690539836883545,288,0.0002574301182189814,0.009968952,Low,Low
51,40,26.329453947228235,91.7700579376931,0.5044608695652174,4.815507411956787,1.0347349643707275,284,0.02194907653080217,0.01796594,Low,Low
75,40,26.64464459161159,92.36140813442951,0.5748391304347826,5.773375988006592,3.704791784286499,297,0.00694420312177784,0.02531663,Low,Low
141,40,26.226281733089657,93.78964102352116,0.7229565217391304,6.401499271392822,1.3887017965316772,263,0.06471448479960283,0.026767066,Low,Low
1351,10,25.073016476609844,93.02008858444822,0.7637304347826087,8.225687980651855,18.168020248413086,335,0.45188748193939593,0.4955516,High,High
76,10,26.525076404926377,92.82137781682563,0.5933782608695652,4.8667426109313965,3.6162257194519043,295,0.23820967666700607,0.34364843,Medium,Medium
59,40,26.50369403233631,89.87224589573069,0.3812565217391305,7.5627336502075195,1.0362982749938965,270,0.0012144736779182849,0.0043452526,Low,Low
81,30,26.94737855653621,93.92277136913984,0.5827478260869565,7.0864033699035645,2.277059316635132,255,0.00820156076442188,0.011032732,Low,Low
91,10,26.732640241194805,92.4222491640774,0.6633608695652174,6.020870208740234,0.9274099469184875,287,0.024103817819915656,0.029551143,Low,Low
94,40,26.507362617712978,93.87237679499735,0.5038521739130435,6.1112961769104,0.0,264,0.0017265932247568939,0.0054754536,Low,Low
45,40,26.009877823300343,91.21237669637412,0.4798521739130435,5.733499526977539,2.121767282485962,284,0.0004335849530265719,0.011505167,Low,Low
105,10,26.4308953143142,93.90050581608483,0.7985478260869565,6.448414325714111,1.3900617361068726,282,0.07616894984615666,0.04253723,Low,Low
25,40,24.912747161135535,92.80295860878319,0.6177826086956523,10.330382347106934,3.2017345428466797,303,0.38518069249230935,0.21795377,Medium,Medium
290,10,26.423288788826163,93.49540274063888,0.7503869565217391,5.601352691650391,9.251310348510742,296,0.3564239111476683,0.31035548,Medium,Medium
106,10,27.408680978596163,94.90763309685725,0.6914,6.683241367340088,1.0446546077728271,261,0.012852253438110747,0.021610785,Low,Low
86,10,27.1787547155823,94.22164713069058,0.6385086956521739,7.904788494110107,3.8478870391845703,298,0.07199199103324004,0.1110283,Low,Low
100,40,27.093685516542298,94.92194565729554,0.5154652173913044,7.200913429260254,1.3945794105529785,253,5.634232869954597e-05,0.0044658333,Low,Low
88,40,27.125299364243727,93.97430265871968,0.5930608695652174,7.861133575439453,0.0,251,0.0031177726493758747,0.008520495,Low,Low
27,40,24.629470046777154,92.9008551262488,0.5148086956521739,10.27145004272461,1.8543341159820557,282,0.10461323398127287,0.11973457,Low,Low
118,40,26.438766286360384,93.76683709825879,0.5898608695652174,6.12971305847168,2.268615961074829,303,6.19895176523798e-05,0.0075739794,Low,Low
194,10,27.386327188471487,95.59895082034328,0.7607217391304348,6.0716657638549805,0.9274099469184875,336,0.2911519639325699,0.24449843,Medium,Medium
36,80,26.21070421339081,90.61827799178857,0.06820434782608696,6.843231678009033,3.6090073585510254,294,0.04697007147969342,0.017598733,Low,Low
141,10,26.972058172513766,95.00063472581222,0.8028260869565217,7.488307952880859,3.4705588817596436,284,0.19102656447483665,0.08015392,Low,Low
184,10,25.960953646033953,91.33092414977133,0.7107478260869565,4.929059028625488,7.3788604736328125,279,0.3678693899272835,0.49556693,High,Medium
43,40,26.302873813533136,91.1837433486205,0.5248086956521739,4.965579986572266,1.8543341159820557,286,0.002936270237666744,0.015944002,Low,Low
69,10,25.921955071403804,91.26653487670593,0.6262782608695653,5.4278059005737305,4.819234848022461,279,0.21222374869925814,0.19427754,Low,Medium
43,40,26.0109581961355,91.05225458149285,0.459995652173913,5.897444248199463,0.0,278,0.004450863450393087,0.010289121,Low,Low
378,10,26.3858595746732,93.27374468505748,0.7738304347826087,5.103824615478516,4.236260414123535,336,0.36162084998606375,0.3088548,Medium,Medium
83,40,25.894084160391262,92.95208948505548,0.5039043478260871,4.84372091293335,2.121274709701538,308,0.050246479274574714,0.050553557,Low,Low
83,40,26.76061342308655,93.89895401020277,0.550004347826087,5.981082916259766,3.4682376384735107,281,0.0029108602473760688,0.010289583,Low,Low
76,40,26.631352322271916,93.52279027266738,0.5309,5.709751129150391,0.0,270,0.003914542233656219,0.012284264,Low,Low
103,10,26.608491817124442,93.6892811808418,0.6442869565217392,6.145885467529297,7.563100814819336,252,0.25908890589480477,0.18322593,Low,Medium
39,10,24.73945286123943,92.42256183422568,0.5910695652173913,10.060734748840332,8.40913200378418,244,0.3946267490928424,0.31098357,Medium,Medium
134,10,27.510666479564435,95.60715787249009,0.5986043478260871,6.863354206085205,2.2866885662078857,273,0.028060370454437683,0.031717908,Low,Low
35,40,26.166877987032077,89.82721718197006,0.5410565217391304,7.373250961303711,2.264192819595337,281,0.008501997436115474,0.009124292,Low,Low
83,10,24.806631334897954,93.18139630370872,0.8018434782608697,9.116560935974121,8.935494422912598,317,0.42720126604181125,0.29289982,Medium,High
147,10,26.20047714358376,92.27382637489951,0.6875739130434784,5.0163493156433105,16.25594711303711,279,0.9242094498505776,0.9380583,Very High,Very High
68,10,26.019885976056234,92.840217439024,0.4683521739130435,5.570953369140625,2.9650754928588867,253,0.0383402394894225,0.043472376,Low,Low
98,40,26.76655066486751,92.45602047154696,0.6651782608695652,5.798340797424316,2.7830135822296143,308,0.07569212652366857,0.03634185,Low,Low
243,10,26.041965219259325,93.26929132037232,0.7206739130434783,5.144014358520508,9.859886169433594,300,0.4124312044256944,0.5045505,High,High
164,10,24.992735577025975,92.6489771004059,0.7773608695652174,9.775341033935547,12.240138053894043,294,0.6274235980083056,0.5998904,High,High
179,10,25.81982856871953,92.78466853971922,0.7769304347826087,5.860640048980713,20.074474334716797,287,0.6325034198661739,0.7612087,Very High,High
111,40,26.576676810635078,94.255035622363,0.5971217391304349,6.523212432861328,1.8543341159820557,254,0.00017176314407577818,0.004675856,Low,Low
98,40,27.143913686075557,94.74927885888508,0.6237086956521739,6.6503753662109375,1.3949309587478638,263,0.002505237104570882,0.010858589,Low,Low
43,40,26.01723393856066,91.04910145085921,0.4097391304347826,6.0819926261901855,2.965067148208618,283,0.0036036126216288473,0.005545661,Low,Low
176,10,25.457025196245578,92.92441076301564,0.784813043478261,6.279621601104736,21.629060745239258,311,0.653566471772331,0.7566295,Very High,High
73,50,26.003370411039757,92.8856559415405,0.4697608695652174,5.407916069030762,0.9274099469184875,302,0.05184307345126305,0.04848026,Low,Low
1028,10,25.24340646957783,93.2824815402492,0.7938478260869566,6.608396530151367,8.350532531738281,311,0.4119193081592314,0.52893084,High,High
173,10,26.805690459830334,91.50047134213,0.628613043478261,5.197009563446045,4.244656562805176,286,0.4521329770928523,0.52122295,High,High
54,40,26.385950521409736,91.90833852132809,0.46508695652173915,4.497219085693359,3.6130127906799316,287,0.025264638175563205,0.03978838,Low,Low
129,10,27.457028072275453,95.4282280148771,0.6718086956521739,6.970921516418457,1.3971281051635742,265,0.01780544534797743,0.022708613,Low,Low
145,40,25.872680778545494,93.17065961565392,0.6374695652173913,4.612306594848633,3.704791784286499,313,0.1812430245470801,0.100914806,Low,Low
123,30,27.810233368088543,95.67679954358597,0.5607347826086957,8.412005424499512,6.84668493270874,286,0.1908572923537502,0.18074481,Low,Low
47,40,26.19172992225288,91.48703154973798,0.5121086956521739,3.8205385208129883,2.0663444995880127,293,0.051436092078458,0.032000992,Low,Low
48,60,26.176613362509276,91.28454935979468,0.22138260869565216,4.500363826751709,2.1224818229675293,266,0.03136082897433818,0.029170245,Low,Low
189,10,24.972335164068404,93.08112100577905,0.8329826086956522,9.571197509765625,12.6179838180542,293,0.37843682193161166,0.3118663,Medium,Medium
46,10,26.093277346564626,90.49906609113502,0.5794391304347827,7.111531734466553,5.063417434692383,272,0.08911650579037834,0.078127414,Low,Low
104,10,27.3228731908629,94.83949794617418,0.6020173913043478,6.540777683258057,4.181935787200928,245,0.0141463872000913,0.030983191,Low,Low
106,10,27.48937265461202,94.30239040017987,0.5677130434782609,7.2185821533203125,2.793052911758423,284,0.03194567294185909,0.020895885,Low,Low
39,10,24.591512756570634,92.64289198332239,0.6050347826086957,10.862749099731445,3.194180488586426,275,0.29690074479222467,0.3370908,Medium,Medium
521,10,25.961889529236036,92.46155606930755,0.7218869565217392,5.294440269470215,7.64703369140625,281,0.24058624138224668,0.14501081,Low,Medium
132,10,26.83207030305773,92.22601216897021,0.706908695652174,5.444637775421143,1.3927757740020752,285,0.08247771910808646,0.10188814,Low,Low
102,40,27.14634167730948,93.90031012238912,0.5148782608695652,7.653687953948975,2.0836963653564453,250,0.001728391126690217,0.004936741,Low,Low
537,10,24.67461589038302,93.02915820832165,0.7921956521739131,10.155064582824707,26.938322067260742,324,0.6054994418271981,0.60447407,High,High
54,40,26.264274134450417,92.15348092030933,0.35568695652173915,5.014655590057373,1.3889538049697876,294,0.015082745261072969,0.01021169,Low,Low
32,10,26.04388114835629,89.88997335447247,0.5794652173913043,6.572964668273926,3.229421854019165,277,0.0588662509924097,0.02591443,Low,Low
476,10,25.232866167118,93.00126328421864,0.7749739130434783,7.754436492919922,26.30801010131836,311,0.908917377669548,0.9523303,Very High,Very High
64,10,25.945341385666996,90.92997390324125,0.6269434782608696,6.779760837554932,1.8543341159820557,259,0.04211745362012903,0.032333724,Low,Low
86,40,26.701374643617807,92.2851281337739,0.5075913043478262,6.1090407371521,0.0,315,0.028000439127383127,0.015684718,Low,Low
27,80,26.08124885613638,90.22889557540651,0.00067,7.661853313446045,0.0,277,0.040076346511391275,0.008785344,Low,Low
77,40,26.63188023179969,93.53909995190956,0.6371,5.709751129150391,2.2717955112457275,279,0.013453212685025947,0.020763576,Low,Low
101,10,26.69047072949721,90.57483524339993,0.6672869565217391,6.2012763023376465,1.3918120861053467,306,0.0403408961151629,0.03917055,Low,Low
48,40,26.111451296985376,91.4111824186486,0.5490434782608696,4.11247444152832,2.1222012042999268,283,0.06959765129852023,0.028608212,Low,Low
109,40,26.71688192529387,94.42596275423381,0.487304347826087,6.765746593475342,2.2732057571411133,288,0.001927681014276329,0.0064112805,Low,Low
48,10,26.582214540344587,90.87997677433862,0.647395652173913,6.123903274536133,1.3910788297653198,248,0.03012431286063844,0.019207103,Low,Low
655,30,25.081320603668043,93.27995015159196,0.7638521739130435,7.958152770996094,19.141494750976562,319,0.9291735380997818,0.9336554,Very High,Very High
73,10,26.67598001940039,92.827956570085,0.5442,5.079442024230957,5.175734519958496,257,0.17097189994416048,0.18360198,Low,Low
121,10,26.42821693226255,93.8377902091308,0.6515391304347826,6.360642910003662,4.163609027862549,261,0.03661028795606153,0.03889942,Low,Low
65,40,26.566708995971165,90.15127744487788,0.5071869565217392,6.927186489105225,0.9274099469184875,241,0.0017265932247568939,0.008171843,Low,Low
31,40,26.077622251767533,89.9881613282247,0.5133347826086957,6.846803188323975,1.0325011014938354,311,0.07660602169749132,0.02150436,Low,Low
58,10,26.473670017904674,90.36873867895953,0.6387260869565218,7.014995098114014,2.0713839530944824,273,0.025991206192381208,0.026608432,Low,Low
86,40,27.15420732345996,94.25583772959095,0.6344826086956522,7.532744884490967,3.63105845451355,297,0.04571849730404094,0.02483976,Low,Low
214,10,26.754618843166668,90.30663594345846,0.7675478260869565,6.43351936340332,4.244202136993408,275,0.17483099627027077,0.14645445,Low,Low
55,40,26.231529048696054,92.2113076735234,0.5177521739130435,4.693198204040527,3.462557792663574,272,0.023375793338469193,0.028439427,Low,Low
142,40,25.999491532369987,93.76714878080911,0.6346782608695652,6.357114315032959,3.460122585296631,270,0.0855322308623159,0.040431116,Low,Low
112,10,25.737721804886903,93.03430023587839,0.7584434782608697,4.289341926574707,14.878623008728027,272,0.5917824413503948,0.62795836,High,High
83,10,24.56194597920421,92.51074382613157,0.7024173913043479,10.389389038085938,2.11584734916687,252,0.4858538343369914,0.36551076,Medium,High
93,10,26.802636448402772,94.27537228854874,0.6000391304347826,6.282314777374268,2.9675192832946777,266,0.01638194112334217,0.015111661,Low,Low
241,10,26.582565585369107,93.65058250574558,0.7511260869565217,5.836833477020264,22.1961612701416,295,0.8532714181864418,0.8235644,Very High,Very High
99,40,25.802511176408117,92.83494258322261,0.6786739130434783,5.571789264678955,3.223372220993042,290,0.037469947911474615,0.024389802,Low,Low
67,40,26.530055707316222,91.97078877652852,0.6019130434782609,4.716253757476807,2.124020576477051,292,0.014817257806105672,0.036044728,Low,Low
23,40,24.764260243284713,92.82502731629333,0.5096608695652174,11.046957015991211,4.131888389587402,285,0.25113677384208194,0.25313446,Medium,Medium
46,40,26.422348587356154,90.16959328217281,0.5008130434782609,6.88889741897583,4.237527847290039,257,5.634232869954597e-05,0.007248706,Low,Low
82,40,26.81466836624677,93.49781754886335,0.5228347826086958,5.463126182556152,2.12528395652771,253,0.003951999146437887,0.010538341,Low,Low
909,10,25.050901645556046,92.87182675316049,0.757595652173913,8.915966987609863,18.165441513061523,290,0.3456663067574756,0.2215073,Medium,Medium
82,40,26.985624651726873,94.05985038693466,0.6167260869565218,7.787924766540527,0.9274099469184875,305,0.01463432944545248,0.033179466,Low,Low
99,80,27.39311311933554,94.72189081507075,0.056839130434782614,6.499139785766602,1.044507622718811,267,0.0012222747246894946,0.005821538,Low,Low
693,10,25.09375128248629,93.11102719280858,0.8130347826086958,8.108642578125,42.78273391723633,333,0.5885306227983039,0.6904413,High,High
835,10,26.371919633726428,93.64738108977613,0.7461130434782609,5.563281536102295,24.674184799194336,315,0.6175262456145083,0.6632922,High,High
120,10,26.92937943032748,94.86943011265016,0.7315521739130435,7.368976593017578,6.354143142700195,267,0.19690731724008276,0.07585195,Low,Low
97,10,26.998215599475014,94.83855705430966,0.6368652173913043,7.150029182434082,2.78619122505188,271,0.014808569016499264,0.019634493,Low,Low
52,10,26.57946908195026,90.81130730642221,0.5886304347826087,6.140758037567139,1.3910601139068604,278,0.014072579670672762,0.017978614,Low,Low
314,10,25.32879142238274,93.1986526485528,0.7456826086956523,6.793236255645752,9.250282287597656,317,0.5898716824102269,0.6043475,High,High
106,10,27.060218779951004,94.95997322634376,0.5646391304347826,7.354493618011475,2.9683496952056885,264,0.011268601994085116,0.0139116645,Low,Low
71,40,25.949836285868088,92.78094184822068,0.4513739130434783,5.763184070587158,4.819703578948975,278,0.03389791720469953,0.052249603,Low,Low
64,80,26.629372685582783,93.07969151519269,-0.04183888888888889,5.173596382141113,15.516175270080566,279,0.6877019546969296,0.69924647,High,High
69,40,26.695393175121023,92.8493314404946,0.49026956521739135,5.079442024230957,1.038035273551941,247,0.002281748250380539,0.013070656,Low,Low
94,40,26.882617588109998,94.52315208770014,0.5479347826086958,6.328799724578857,1.8543341159820557,293,0.0002574301182189814,0.0059278,Low,Low
405,10,26.16662149149854,93.2869095404226,0.7679608695652175,5.110108852386475,23.464609146118164,340,0.7438294368026517,0.8396612,Very High,Very High
115,30,27.46546183276025,95.1156517086229,0.4824521739130435,6.881496906280518,2.2859086990356445,263,0.01129147782773166,0.010290088,Low,Low
52,40,26.439001112937763,90.52100502915961,0.505,6.760901927947998,3.4647672176361084,319,0.03127941512207325,0.01906209,Low,Low
697,10,25.21660835797272,92.94566947206951,0.7571782608695652,7.710997104644775,7.522446155548096,320,0.6225726660661295,0.69274986,High,High
99,50,27.123478838178094,93.85818369950279,0.48470869565217395,7.379115581512451,4.552887916564941,249,0.026662268512612813,0.028772159,Low,Low
190,10,26.602929040923822,93.4931699994101,0.7233739130434783,5.832343101501465,26.782432556152344,251,0.7796449409882135,0.9487426,Very High,Very High
104,10,26.58499221163229,93.59928753354484,0.7180521739130435,5.573747634887695,0.9274099469184875,267,0.08417138591792835,0.04740902,Low,Low
81,10,24.30129022746137,92.61693077092335,0.7879695652173914,10.282430648803711,20.455156326293945,295,0.5740569970610482,0.44057724,High,High
64,10,25.953437953809793,90.86098504685322,0.6091652173913044,6.705252170562744,1.031407356262207,297,0.038098182027750685,0.04279319,Low,Low
59,40,26.66597344459379,91.27945683733408,0.5960565217391305,5.737945079803467,1.3916443586349487,261,5.634232869954597e-05,0.0092198225,Low,Low
90,10,27.006447785851726,94.47550498751986,0.49253913043478265,6.066527366638184,2.081097364425659,313,0.03530588820747151,0.037090793,Low,Low
102,10,27.185966781760904,94.92101020380011,0.5842608695652174,6.930919170379639,2.1269643306732178,256,0.0007414845911512016,0.012452983,Low,Low
50,10,26.519676841298676,90.99889214529959,0.5777434782608696,5.5616655349731445,2.779679298400879,271,0.013807009284829782,0.031212471,Low,Low
106,10,27.282266789359237,94.84599069089566,0.5737391304347826,6.5401930809021,2.1274051666259766,245,0.0060880053697482655,0.014463688,Low,Low
377,10,26.305018669568,93.21911716207067,0.7626782608695652,5.231205940246582,11.774008750915527,329,0.5497181879704911,0.4916557,High,High
106,10,26.659940059717336,90.62128345900624,0.7671869565217392,5.457439422607422,2.1245949268341064,300,0.0844030451145232,0.064115725,Low,Low
17,40,24.781905216526038,92.66834891886964,0.37769565217391304,10.887288093566895,1.3795303106307983,280,0.2773774090756541,0.20445564,Medium,Medium
476,10,25.345778074082368,93.24014298738457,0.7934739130434784,6.311609745025635,11.173731803894043,347,0.39236872113808313,0.3932004,Medium,Medium
351,10,26.037342489991737,92.48944853696582,0.7731,5.167645454406738,8.351351737976074,315,0.35172991386781055,0.31106803,Medium,Medium
641,10,26.40488984046893,93.1436285648378,0.8156521739130436,4.709965705871582,12.918697357177734,318,0.1327831544434028,0.018510025,Low,Low
770,30,26.064328310999137,93.45075480950537,0.7195391304347827,5.318340301513672,16.47140884399414,331,0.6182375520986355,0.5571137,High,High
1106,10,25.094341709959256,93.25788380897887,0.7655304347826087,7.958152770996094,35.60485076904297,322,0.5016413177647472,0.54291016,High,High
123,80,27.79181940842898,95.44520491634644,0.18903809523809523,8.204453468322754,0.9274099469184875,319,0.06733039403166413,0.028400743,Low,Low
103,40,27.508392762270958,94.66492599560866,0.5689217391304349,6.400907516479492,2.9698240756988525,263,5.634232869954597e-05,0.005203678,Low,Low
41,30,26.060950859293502,90.95972869686011,0.5049,5.633646011352539,1.387611985206604,300,0.021795671627577853,0.029176556,Low,Low
111,40,26.32039466869234,93.87881371258989,0.5528695652173913,6.378964424133301,1.3893262147903442,278,0.0019247626967863925,0.005405923,Low,Low
468,10,25.81701929150196,92.59786483042112,0.8036304347826088,5.901495456695557,17.460472106933594,349,0.3461965446109363,0.5542825,High,Medium
74,10,25.896219741773386,91.07964304592876,0.6706565217391305,6.326071262359619,3.704791784286499,272,0.07217295940305764,0.052671187,Low,Low
55,40,26.41994323054648,91.72890357253435,0.4586521739130435,4.641315460205078,2.123538017272949,298,0.01025090104387025,0.019686013,Low,Low
74,10,24.466105125199434,92.3848128968,0.7461695652173913,10.004463195800781,5.639189720153809,275,0.2547669757744992,0.22159556,Medium,Medium
141,10,24.709547358006436,93.03391598551669,0.8114782608695652,10.270590782165527,8.350003242492676,293,0.3143623728945239,0.28925747,Medium,Medium
169,10,27.398377699416127,95.91547703614147,0.7137478260869565,7.420163631439209,4.1835198402404785,310,0.35877134702460256,0.33415002,Medium,Medium
82,40,26.721888663308597,93.90221778887403,0.5180043478260871,6.466911315917969,0.9274099469184875,274,0.005886615763049173,0.008847192,Low,Low
106,10,25.833439103912948,92.7878899032742,0.6625826086956522,5.860640048980713,3.0884244441986084,303,0.06020780276012643,0.06636052,Low,Low
92,60,26.840318007221132,93.31138594028177,0.43858260869565224,5.27598762512207,1.3928327560424805,266,0.011115213345282536,0.0153548205,Low,Low
252,10,26.55736639935105,93.28693042592215,0.7530217391304348,5.05623197555542,19.694814682006836,275,0.6212470500301354,0.51304984,High,High
42,10,24.58172407381385,92.97184445338702,0.6157913043478261,9.756470680236816,2.239673137664795,284,0.15668572270596798,0.10406088,Low,Low
141,40,26.772928482369707,90.52816759448028,0.5980739130434783,6.249002456665039,1.3923734426498413,274,0.039952722741907115,0.017198982,Low,Low
92,40,27.080315765647583,94.57383281556726,0.6303304347826088,6.16401481628418,2.787327527999878,306,0.029585277619601193,0.019863605,Low,Low
43,40,26.06276999165452,90.70384134700173,0.5069,6.810660362243652,1.387624740600586,276,0.0001926456233220749,0.007086295,Low,Low
49,10,26.462218758804916,91.27807401030633,0.5869173913043478,4.957870006561279,3.6147732734680176,277,0.10710364783524781,0.08943813,Low,Low
44,10,26.065823167190413,90.944414420389,0.5826869565217392,5.883031845092773,0.0,289,0.038181030175387425,0.034794085,Low,Low
71,10,26.589848272499072,90.69143317208086,0.6179869565217392,6.3074774742126465,2.271101713180542,290,0.05870843990748405,0.056764606,Low,Low
391,10,25.060980028384265,92.58778837034892,0.7597217391304348,9.490503311157227,13.109112739562988,313,0.647240718602212,0.5664206,High,High
47,10,26.081791535008858,91.13167174243846,0.5125565217391305,5.5204386711120605,3.6060757637023926,286,0.06104820136228433,0.067410275,Low,Low
457,10,26.07164651687158,92.06961262637472,0.6772347826086957,5.093794822692871,23.287994384765625,299,0.9003141195289103,0.9334309,Very High,Very High
49,40,26.479200717141588,91.39829604325037,0.45383913043478263,4.785818099975586,2.1237971782684326,263,0.025915273787500918,0.018364592,Low,Low
194,10,25.845546070259722,93.28471091154358,0.740904347826087,4.530831813812256,8.058540344238281,291,0.3019482690668877,0.2466997,Medium,Medium
45,10,26.511978522511868,91.03781710040013,0.6124434782608696,5.855353832244873,2.26981520652771,250,0.0602849547282115,0.036295503,Low,Low
117,40,27.7591788671052,95.42264467997603,0.18539130434782608,8.204453468322754,1.047998309135437,276,0.007810997258885974,0.008824508,Low,Low
872,10,25.29502348605976,92.83569107135857,0.7119739130434783,7.838748455047607,9.342730522155762,297,0.726199959133618,0.67581123,High,Very High
872,30,25.723435500714242,92.49500544125037,0.6686130434782609,5.886473655700684,13.77521800994873,288,0.42437991821386595,0.38529918,Medium,High
53,10,26.230902119632166,90.0989761816471,0.6047304347826087,7.728521347045898,5.547544956207275,290,0.176723968654088,0.22815953,Medium,Low
78,40,26.61300531386866,90.14350527787084,0.5972260869565217,7.07444429397583,1.391287088394165,272,0.00013191160389071653,0.0066321692,Low,Low
192,10,26.915444425415878,92.46484876828191,0.829008695652174,5.3888773918151855,1.8543341159820557,258,0.19833806627411882,0.061064042,Low,Low
113,60,27.716972500289735,95.12374050234966,0.28639565217391305,7.419801712036133,1.3989838361740112,258,0.00010797534640159413,0.0068451357,Low,Low
40,40,26.245955746753044,91.30675960973375,0.3909956521739131,4.2336578369140625,0.0,244,0.0803706909887511,0.02697659,Low,Low
29,60,26.010911387361922,89.90534170639732,0.5001391304347826,6.24868631362915,3.8450489044189453,282,0.023463470466020507,0.024081906,Low,Low
121,10,27.30105358309753,95.27892743936648,0.5937,7.11765193939209,1.3960286378860474,273,0.011517005873237292,0.020669986,Low,Low
360,10,25.042265037584688,93.20625323052973,0.8214217391304348,8.072572708129883,8.231270790100098,354,0.4693075078442891,0.71920115,Very High,High
113,10,24.238341905283832,92.54148807739624,0.7142695652173914,10.341462135314941,17.721256256103516,282,0.7755122671466383,0.68150985,High,Very High
60,40,26.465461873605246,92.15041882967321,0.522508695652174,4.748172760009766,1.0359554290771484,296,0.01228226501565626,0.030004313,Low,Low
96,80,27.256977005975763,94.66091145587087,0.37096956521739133,6.577935695648193,1.3957188129425049,291,0.0030419803925642295,0.009610169,Low,Low
65,40,26.30437583225016,92.51283826076421,0.5944347826086958,4.9092512130737305,2.1230335235595703,308,0.01733154571128189,0.02816194,Low,Low
58,40,26.49170119878081,92.15814156574478,0.5248478260869566,4.748172760009766,0.9274099469184875,284,0.020279622126890627,0.020533618,Low,Low
41,10,26.007603650115527,90.24328515784401,0.5906478260869565,7.2463459968566895,1.0318825244903564,270,0.009359570598492,0.013987458,Low,Low
769,10,25.76210431805991,91.25584990314393,0.679604347826087,6.945502281188965,8.229464530944824,282,0.5923893220646633,0.5560439,High,High
70,40,26.608923734358232,91.67999807076961,0.5718652173913044,5.006484031677246,2.12436842918396,284,0.0006195391706794198,0.0164954,Low,Low
199,10,24.27141838209689,92.24479306382933,0.7748434782608696,10.108785629272461,8.840787887573242,260,0.4682876896264697,0.38077113,Medium,High
520,10,26.546573188182563,93.34456080642815,0.7837695652173914,5.00544548034668,13.618241310119629,305,0.28906677415049803,0.17575552,Low,Medium
60,10,26.281214199122243,90.04518841736187,0.6338347826086957,7.303807258605957,1.8543341159820557,287,0.029801453399753423,0.044442426,Low,Low
58,40,26.469354975443792,92.11454259192394,0.558708695652174,4.738791465759277,0.9274099469184875,303,0.009124215381497202,0.01995296,Low,Low
136,10,27.419775878037324,95.5438578476942,0.6596826086956522,6.1548991203308105,3.26542329788208,276,0.08994968356130545,0.12323604,Low,Low
101,40,27.491439655520015,94.36184982655047,0.5858782608695652,6.9679789543151855,0.9274099469184875,250,0.0044545483235009465,0.004512223,Low,Low
317,10,26.074903677187105,93.30312491898275,0.762404347826087,5.255102157592773,19.87063217163086,317,0.628345709811725,0.5112539,High,High
133,10,26.739143537026404,90.55555427485582,0.6905652173913044,5.953362941741943,1.3921425342559814,270,0.02485954748590231,0.022779994,Low,Low
893,10,26.1565849205375,93.58178423353077,0.8520086956521741,5.567676544189453,26.380537033081055,353,0.49036784748840895,0.5285377,High,High
331,10,25.915104479524366,92.5038890348057,0.7349521739130436,5.778120517730713,40.897254943847656,321,0.8388431942795532,0.8054743,Very High,Very High
66,10,26.21438908413843,92.18927946368527,0.5775173913043479,4.724163055419922,2.7756125926971436,279,0.1957127996380389,0.14304335,Low,Low
83,80,27.049783280459064,94.42477101178602,0.2864,6.281005859375,0.9274099469184875,276,0.0028950134971472054,0.009683134,Low,Low
793,10,26.32461623303207,93.4509088673538,0.8011652173913043,5.517120838165283,24.718158721923828,338,0.4091836230037159,0.23700893,Medium,High
80,10,26.804112286813368,92.89310142024891,0.5676652173913044,5.342751979827881,2.125236749649048,292,0.027952901757419883,0.04074957,Low,Low
103,10,25.780799882174865,92.97617092855286,0.6794956521739131,4.631077766418457,12.889281272888184,303,0.7223227815731934,0.6944538,High,Very High
281,10,26.489894322390672,93.02989265018185,0.7724608695652174,4.933037757873535,13.074929237365723,276,0.3776427783175076,0.30639157,Medium,Medium
107,10,27.063881538097853,94.96530868138721,0.6141608695652174,7.354493618011475,3.255859851837158,257,0.026863746770388223,0.023635317,Low,Low
45,40,26.470533377707348,90.71263092288382,0.5036739130434783,6.108245849609375,2.2691352367401123,313,0.03478400013249061,0.0155328745,Low,Low
54,50,26.093555820552933,91.52749372489431,0.4892782608695652,4.178926467895508,2.7740273475646973,291,0.14327489254003115,0.09039141,Low,Low
285,10,26.53964551149433,94.29279818365497,0.7978260869565218,6.658531665802002,18.044143676757812,307,0.33531199247256216,0.50921005,High,Medium
174,10,27.401731088796712,95.73038778442418,0.8013782608695652,6.74222469329834,5.2901434898376465,318,0.23954666856441528,0.19582535,Low,Medium
36,60,26.159759082954817,90.7487217606861,0.18571304347826087,6.8795576095581055,6.8985114097595215,289,0.16470018789462784,0.06929098,Low,Low
117,10,27.260567311059557,95.26986776233579,0.6196173913043478,6.976992130279541,0.0,286,0.024158727611123657,0.046651125,Low,Low
154,10,27.34030426800568,95.81919207448738,0.7411782608695653,7.043171405792236,3.848295211791992,281,0.1482201615342502,0.080931604,Low,Low
523,10,26.189191988018482,93.37656078953073,0.864908695652174,5.350826740264893,3.4621119499206543,341,0.1609021467066465,0.04765041,Low,Low
43,10,26.050247496011153,90.4400148412791,0.5616260869565217,7.385667324066162,6.342692852020264,270,0.12370043823254306,0.059434257,Low,Low
114,10,27.45279115111013,95.01135930655002,0.6961695652173914,6.740627765655518,0.0,276,0.019072546890370065,0.03418901,Low,Low
92,10,26.61892984626941,90.08858979286387,0.7455521739130435,7.254060745239258,5.067224979400635,267,0.18718114937428845,0.07177721,Low,Low
120,10,27.425856806216284,95.2835994043408,0.6553782608695652,6.95588493347168,1.8543341159820557,252,0.006846595941130579,0.018446527,Low,Low
66,10,26.582454439820513,90.09131006099163,0.5844521739130435,7.253879547119141,1.3910807371139526,255,0.006297107259426822,0.015058031,Low,Low
204,10,27.20907387721581,93.8830861961004,0.7793869565217392,7.727506160736084,12.545900344848633,240,0.6494907191278194,0.6454254,High,High
98,40,27.271809261007746,94.53802049086265,0.6363652173913044,6.518779277801514,2.282569646835327,287,0.007523725671282125,0.011470073,Low,Low
314,10,25.371677845276025,92.9187837442699,0.7914130434782609,6.968204021453857,22.27140998840332,304,0.48072659102757614,0.5719031,High,High
278,10,25.5763064355818,92.81595382942898,0.7679304347826087,6.128695964813232,11.700154304504395,343,0.46037801807806356,0.3846272,Medium,High
50,10,24.973617989229403,92.81452981641937,0.8057173913043478,10.282652854919434,14.781268119812012,287,0.521704593927907,0.35158738,Medium,High
130,10,25.973702405630867,93.35021566222237,0.7116478260869565,5.458766937255859,0.9274099469184875,284,0.08969740322847067,0.09916502,Low,Low
365,10,25.948616528716713,92.56480314160956,0.7569956521739131,5.646051406860352,19.419437408447266,308,0.7055150483919325,0.7004096,Very High,Very High
131,10,26.377028340601075,93.86751479835563,0.7757521739130435,6.4288249015808105,2.2676026821136475,297,0.063968607427304,0.060976427,Low,Low
719,10,26.173647669250524,93.53696529155619,0.8133608695652175,5.272641658782959,19.65541648864746,340,0.17145012883161775,0.07510585,Low,Low
280,10,25.68542501032946,93.39459646545646,0.7888434782608696,4.925532341003418,8.050069808959961,342,0.15076507782234752,0.1048003,Low,Low
176,10,27.397434732465626,94.11438896118231,0.8153086956521739,7.489241123199463,8.845399856567383,274,0.2959755770253989,0.240775,Medium,Medium
516,10,26.41601325508736,93.6021980091578,0.7972521739130435,5.810903072357178,22.818363189697266,338,0.42463102098185196,0.5400921,High,High
69,10,26.539138105835892,91.77356879949986,0.5876565217391304,5.010969638824463,1.39078688621521,274,0.062247807824485954,0.07759438,Low,Low
65,80,26.602539938636063,92.61001567581249,0.019591304347826088,5.025580406188965,2.124340295791626,239,0.009654821524309116,0.02360109,Low,Low
31,60,26.170659187425866,90.68938144168106,0.23415217391304352,6.908987998962402,0.0,290,0.09511407000605208,0.014251275,Low,Low
62,40,26.615300126079447,92.449069482132,0.5074434782608697,5.640060901641846,0.0,256,0.002284142877783934,0.008792717,Low,Low
36,60,26.14946177921522,90.30151265630582,0.3934608695652174,7.577712059020996,1.8543341159820557,305,0.09292374112232987,0.018929064,Low,Low
132,10,26.905395466273127,93.29218416802043,0.8184869565217392,5.699301242828369,7.572199821472168,275,0.3069663301382516,0.2552191,Medium,Medium
84,80,26.976513983330328,94.37097064834552,-0.05198823529411765,6.536315441131592,20.666898727416992,268,0.7183331852955152,0.68769205,High,Very High
108,10,27.400123860723035,94.90670125864416,0.7431,6.683241367340088,0.0,247,0.039547987586486935,0.030950267,Low,Low
1236,10,25.126025994489755,93.1536678954491,0.7446869565217391,7.500242233276367,19.695268630981445,303,0.6779832944410419,0.68460214,High,High
30,40,24.672902531874456,92.51279559632931,0.5752434782608696,9.738636016845703,1.8543341159820557,259,0.023964323204791783,0.01430169,Low,Low
143,10,26.704058178360572,90.27704913465742,0.7373304347826087,6.25186014175415,0.0,270,0.13192505476239974,0.057357594,Low,Low
238,10,26.544796698329495,93.6543387793957,0.775704347826087,5.690851211547852,9.249836921691895,326,0.5186663773432721,0.4968517,High,High
594,10,25.38326500098773,92.90891656821941,0.7798086956521739,6.968204021453857,15.746777534484863,315,0.7313806309724885,0.76516587,Very High,Very High
73,40,26.506709743477128,92.93026609114945,0.5248086956521739,5.052886009216309,2.071974039077759,271,1.6490788514484307e-05,0.011022897,Low,Low
88,10,26.915915265953718,93.64106817995538,0.5644739130434783,6.1247878074646,2.0794315338134766,262,0.007721877080491929,0.014736206,Low,Low
642,10,25.848214205581517,92.54098926190058,0.7811043478260871,5.8076395988464355,4.818009376525879,328,0.225826772976816,0.21977615,Medium,Medium
583,10,26.36990905949547,93.20384716985922,0.7445869565217391,5.035647392272949,13.611055374145508,309,0.31975356276457395,0.29944193,Medium,Medium
287,40,26.369114819038327,93.3438455914011,0.6662913043478261,5.294604778289795,2.1233162879943848,312,0.4771388479103887,0.2724054,Medium,High
124,10,27.749060733033026,95.46495423463195,0.7105565217391304,8.609599113464355,0.0,271,0.05672883630765223,0.03963028,Low,Low
88,40,26.60470588843112,93.78791982644694,0.5437565217391305,5.972191333770752,0.0,282,1.6490788514484307e-05,0.0052022757,Low,Low
20,40,24.817333527461283,92.62432092974282,0.4122913043478261,10.315942764282227,0.0,279,0.24179161628420742,0.09569317,Low,Medium
83,40,26.997651901476893,94.21418778243911,0.5277000000000001,7.2581892013549805,2.126107692718506,278,0.004150168618467386,0.0072231595,Low,Low
142,10,27.62430362373664,95.7171071951297,0.6703478260869565,7.772363185882568,3.1373205184936523,273,0.14164372924686686,0.12122385,Low,Low
45,80,26.250245126937056,91.86035693611711,0.28042173913043483,4.732241153717041,0.0,290,0.04415274473182595,0.033264685,Low,Low
136,10,27.609538368641886,95.58625953375804,0.6640217391304348,7.3482747077941895,2.128924608230591,273,0.037158665879263,0.0554462,Low,Low
69,40,26.518940130160903,92.89391616909454,0.589413043478261,5.009805202484131,1.8543341159820557,285,0.0017322404137097276,0.017724946,Low,Low
929,10,25.09317136304136,93.13288132169382,0.7942913043478261,8.108642578125,21.44047737121582,294,0.5450634066038315,0.5652322,High,High
204,10,25.47181320352661,93.16107646950849,0.7342913043478261,5.436666965484619,11.555205345153809,283,0.5155405574061381,0.50771785,High,High
54,40,26.03163147010686,91.56874891827722,0.5360260869565218,4.601629734039307,1.3874210119247437,326,0.05588353480063459,0.028835291,Low,Low
88,10,26.66539482809575,91.82239741589665,0.552595652173913,4.973471641540527,3.704791784286499,282,0.17641836746284822,0.15284778,Low,Low
687,10,26.134450816233034,93.4408604596659,0.8151217391304348,5.208254337310791,12.087608337402344,336,0.08722823082826668,0.07927885,Low,Low
60,40,26.528334224163494,89.87146780812367,0.5908391304347826,7.5627336502075195,1.3907158374786377,275,1.6490788514484307e-05,0.0062883855,Low,Low
71,40,26.63697405227883,91.58268986053585,0.5453521739130435,5.588408946990967,1.391448736190796,273,1.6490788514484307e-05,0.009718269,Low,Low
36,80,26.125129641794615,90.40316722136066,0.4499260869565217,7.132271766662598,6.907857418060303,299,0.16856445791622487,0.0944424,Low,Low
85,40,26.648327569251638,90.56134044484241,0.5669521739130435,6.6422247886657715,2.78141188621521,277,0.008029389578951841,0.008387455,Low,Low
89,40,27.2139970573077,94.35313259224095,0.5982434782608697,7.286075115203857,4.265724182128906,288,0.0007052449977473497,0.014355047,Low,Low
102,40,27.508006631242342,94.71314433081105,0.48776521739130435,6.300843238830566,2.128450632095337,277,1.6490788514484307e-05,0.006066575,Low,Low
112,40,27.24779998855267,95.14620918459579,0.6112565217391305,6.924912452697754,1.395654559135437,253,0.005835588009609404,0.00606814,Low,Low
28,40,24.654328736499753,92.76771043583497,0.7184,10.639286041259766,1.8543341159820557,260,0.30339879875333736,0.11270374,Low,Medium
97,40,27.24919218067936,94.81671815573496,0.5446304347826088,6.914185047149658,1.3956643342971802,259,5.634232869954597e-05,0.004325877,Low,Low
142,10,26.876764186691485,92.46793668425109,0.6015391304347826,5.599063396453857,0.9274099469184875,279,0.11821336929578773,0.092834815,Low,Low
114,10,27.456936003626932,95.16790597342175,0.647595652173913,6.921875953674316,0.0,259,0.006532870884366879,0.01917208,Low,Low
29,40,24.6085669268401,92.54516377346714,0.5486826086956522,10.16728687286377,0.0,276,0.16150209624438977,0.24303392,Medium,Low
128,10,27.283714302201354,95.43341308506263,0.6677173913043478,6.846946716308594,3.704791784286499,297,0.06649467627752699,0.0684036,Low,Low
316,10,26.34722916677379,93.29615249555575,0.6943478260869566,5.074857711791992,10.50175952911377,318,0.6024634604409821,0.76412594,Very High,High
56,10,26.291102850817232,90.01727518401198,0.6939130434782609,7.303807258605957,1.3891305923461914,292,0.03061868166422515,0.02692211,Low,Low
114,40,27.147778374701467,95.25285253263367,0.5483478260869565,7.179286003112793,0.9274099469184875,252,5.634232869954597e-05,0.004803266,Low,Low
26,40,24.799742100184528,92.29245286067889,0.6042391304347826,10.193900108337402,0.9274099469184875,255,0.23929747254169703,0.22122335,Medium,Medium
84,80,26.958770106914375,94.38865116758393,0.07828695652173913,6.536315441131592,0.0,296,0.005947731534718389,0.013426542,Low,Low
45,40,26.29978242045392,91.32501675222927,0.4487130434782609,4.635151386260986,2.7767441272735596,274,0.007853661594408225,0.02105187,Low,Low
69,40,26.625079451599277,91.38841485659142,0.5754565217391304,5.436192035675049,0.0,270,0.003907373774874857,0.010451294,Low,Low
119,40,27.077623837292663,95.25226395778981,0.5951913043478261,7.17887544631958,0.9274099469184875,274,0.00032070804925348416,0.0066041867,Low,Low
52,10,26.044683674716165,91.24395243361704,0.5508565217391305,5.733499526977539,2.121915578842163,264,0.019314753295409683,0.026261305,Low,Low
71,40,26.590810380808055,90.33141036230522,0.6391217391304348,6.838641166687012,1.8543341159820557,248,0.011145319000782104,0.0071028043,Low,Low
129,30,27.84718213629755,95.42762047711305,0.3700695652173913,9.15948486328125,1.3999238014221191,318,0.08633014168804766,0.03411279,Low,Low
55,10,24.590936580629865,92.68204658669717,0.7762913043478261,10.864320755004883,7.119828701019287,270,0.5286156336916602,0.44608638,High,High
157,40,25.82785592582487,93.66803929964748,0.5750391304347826,6.289674282073975,4.739711761474609,276,0.11407676290327463,0.042254005,Low,Low
68,10,26.458228540793904,91.793119000942,0.5443391304347827,4.724992275238037,1.3902440071105957,285,0.1613235595597686,0.16724254,Low,Low
83,40,26.959902815887702,93.96309841624375,0.564708695652174,7.686824798583984,1.8543341159820557,273,0.003077921109190813,0.008096464,Low,Low
82,40,26.826426979770535,92.94676072795373,0.5283739130434784,5.412135601043701,2.125336170196533,271,0.003912147606252825,0.011014074,Low,Low
114,40,26.731421098486756,91.85242754805923,0.5390565217391304,4.931947708129883,2.2734460830688477,284,0.013057117237893132,0.019053416,Low,Low
164,10,26.2835855318841,93.04262520515226,0.6982086956521739,4.919485092163086,10.4025239944458,294,0.5760494565059595,0.79005724,Very High,High
84,10,24.55083579305986,92.67996977524362,0.8132565217391304,10.864320755004883,13.526923179626465,281,0.3560480925712193,0.25317124,Medium,Medium
115,10,27.39860308485122,95.13493519297795,0.7226347826086957,6.92327356338501,0.0,254,0.027124054680882092,0.024164408,Low,Low
818,10,25.13846679726768,92.80494831789404,0.7339869565217392,9.1287260055542,18.410985946655273,322,0.6295138974615169,0.45252296,High,High
87,40,27.106051760248242,94.21619222580752,0.5921782608695653,7.611934185028076,2.1265993118286133,303,0.0019414153845329614,0.007973788,Low,Low
28,40,25.61398756451848,90.00378267432663,0.49968260869565223,7.569915294647217,0.9274099469184875,285,0.025816442456748818,0.010193171,Low,Low
41,40,24.348621387019474,92.29516482174186,0.5014695652173913,9.7728271484375,2.752258539199829,272,0.024109692043610288,0.014602442,Low,Low
611,10,26.189205453149672,93.43697425494487,0.8624260869565218,5.443140983581543,5.9153828620910645,323,0.10523258234986492,0.05325476,Low,Low
1072,10,25.20748146502897,92.78733756891423,0.8012956521739131,7.994200706481934,8.196786880493164,293,0.46079991278262716,0.41045073,High,High
366,10,26.106632480251662,93.32079673629076,0.7991739130434783,5.232095718383789,12.020217895507812,347,0.2319628448730763,0.20882465,Medium,Medium
78,40,26.760574803844783,93.1735495260333,0.4709695652173913,5.2107672691345215,2.7829341888427734,283,0.012838436781015351,0.016007014,Low,Low
85,40,26.19285682488591,93.08245592870915,0.451004347826087,5.2324323654174805,2.1225526332855225,267,0.004831855516364061,0.009581706,Low,Low
87,10,26.442416832180626,93.08253326832885,0.7285043478260871,4.923558712005615,6.347729682922363,278,0.3805746140579201,0.32901102,Medium,Medium
55,40,26.49526265583963,90.28244700957666,0.5548347826086957,7.141316890716553,1.0362231731414795,267,5.634232869954597e-05,0.0043553133,Low,Low
236,10,26.50913130452755,93.31214516593498,0.8065739130434784,5.00544548034668,28.595300674438477,259,0.3595847069976357,0.27411857,Medium,Medium
45,60,26.255010729843068,90.75476101128635,0.4137,6.148016929626465,3.234776735305786,310,0.07163761256836243,0.021913754,Low,Low
93,40,26.528237259061182,94.14270112546134,0.48274782608695654,6.825425148010254,1.3907158374786377,305,0.006100617194973849,0.008829063,Low,Low
45,40,26.297953827750554,91.40865650574167,0.583004347826087,4.439283847808838,2.1230056285858154,265,0.026373172740940438,0.02751116,Low,Low
112,40,27.73887713284761,95.05893560566008,0.5761086956521739,7.213442325592041,0.9274099469184875,271,1.6490788514484307e-05,0.004783644,Low,Low
125,10,26.672890488231868,90.2478995338555,0.7475,6.217193126678467,1.0378329753875732,279,0.05542675654121162,0.052876446,Low,Low
354,10,26.103567964884213,93.65719531965163,0.8332695652173915,6.139683723449707,11.72726058959961,321,0.19846052888304697,0.15325728,Low,Low
128,40,27.86691454245403,95.51534354861774,0.6000478260869565,9.481834411621094,2.292931079864502,296,0.027373153386456787,0.013404977,Low,Low
68,80,26.62844772819814,93.08530504377248,-0.06959473684210526,5.173596382141113,9.434152603149414,282,0.5855241760034011,0.40178567,High,High
67,10,26.141046441079368,92.7557194184331,0.44210000000000005,5.241752624511719,2.7746505737304688,300,0.06751826253314519,0.04846003,Low,Low
42,10,26.190665593582324,90.35295546706371,0.3468086956521739,7.744354724884033,4.6273674964904785,269,0.062330430992354274,0.027738975,Low,Low
87,40,26.881264076145087,94.34152204303719,0.5934260869565218,6.483922481536865,0.9274099469184875,287,6.19895176523798e-05,0.006665186,Low,Low
187,10,26.81358759049674,90.4452777608598,0.6726260869565217,5.889135360717773,0.9274099469184875,291,0.30373121266825703,0.24947664,Medium,Medium
145,40,25.98864401697011,93.883728984258,0.5734478260869565,6.552300453186035,1.3871397972106934,280,0.03623823247144506,0.017042242,Low,Low
48,10,26.496192703986647,90.77050087792354,0.6067,6.219399452209473,2.1238715648651123,287,0.012523660554214828,0.024738837,Low,Low
42,40,26.12742645695655,90.95360886416475,0.5775260869565217,5.5866169929504395,0.9274099469184875,294,0.004623787546428824,0.0112763345,Low,Low
47,40,26.015049928781,90.99189714821965,0.5363565217391304,5.976967811584473,1.3873120546340942,261,0.0009014607006877281,0.004389393,Low,Low
95,40,26.79345326904241,94.46924617578887,0.5669565217391305,6.600009918212891,2.1251883506774902,279,1.6490788514484307e-05,0.0069535146,Low,Low
90,80,27.112507083291934,94.53783112330123,-0.020973684210526315,6.555538177490234,2.1266283988952637,276,0.00010797534640159413,0.007585712,Low,Low
723,10,26.389934688278213,93.22207813079771,0.7866217391304349,5.035647392272949,29.584598541259766,317,0.41017910430190646,0.32134184,Medium,High
119,40,27.76074766707097,95.0305097186719,0.5236000000000001,6.552593231201172,1.3992977142333984,272,1.6490788514484307e-05,0.006405305,Low,Low
90,40,27.099205641680854,94.61189737658809,0.618595652173913,6.318654537200928,4.247292518615723,289,0.022908170450404892,0.022246053,Low,Low
87,10,27.06289775920839,94.30771998690544,0.641208695652174,6.715871810913086,1.3943655490875244,292,0.006077641794490607,0.034275997,Low,Low
98,60,26.693409427927968,94.13286028529997,0.5966043478260871,6.580194473266602,0.9274099469184875,271,0.013345628414853386,0.01350349,Low,Low
154,40,27.92314216393788,95.8819751035536,0.5543695652173913,8.649015426635742,0.9274099469184875,323,0.1081982509571143,0.050774463,Low,Low
559,10,25.09372253199246,93.21654376099904,0.8238739130434782,7.831765651702881,29.63809585571289,353,0.6061445738644082,0.8714221,Very High,High
138,10,26.11460223804737,93.76836489576911,0.6826173913043478,6.249173641204834,3.2312047481536865,272,0.12935096988244568,0.077335306,Low,Low
214,10,24.416060979444556,92.98878357640446,0.8103695652173913,8.802117347717285,18.040529251098633,263,0.38922271407471776,0.24193907,Medium,Medium
531,10,25.013907522133795,92.96567888369104,0.7671217391304348,9.31305980682373,21.723712921142578,287,0.7213208333540104,0.67841923,High,Very High
42,40,26.042200879168792,91.09437542386003,0.5200086956521739,5.897444248199463,0.0,293,0.00630440317178272,0.011355642,Low,Low
89,40,26.83186267030967,93.31701321912978,0.5819913043478261,5.27598762512207,1.0392844676971436,262,5.634232869954597e-05,0.006754756,Low,Low
135,10,26.030707528441393,91.88392183223424,0.735004347826087,5.2414231300354,15.570815086364746,274,0.637004659217169,0.618967,High,High
114,40,26.816157537808827,92.3274103512273,0.5542434782608696,5.828881740570068,2.1252901554107666,312,0.037728272998626966,0.031947948,Low,Low
576,10,26.393137205365395,93.05260156030472,0.7594000000000001,4.715509414672852,17.00555419921875,319,0.3673418244996235,0.11862887,Low,Medium
84,40,26.7292032864629,94.10514843845031,0.49325217391304355,6.643059730529785,2.7825074195861816,286,0.003692953088558813,0.010255777,Low,Low
112,10,27.003973785003367,95.0183763487897,0.7131652173913043,7.273574352264404,0.9274099469184875,276,0.03499147390947552,0.03651239,Low,Low
231,10,27.3531047482567,94.04565234970708,0.8118695652173913,7.310028076171875,18.802427291870117,278,0.3750024089265365,0.37714097,Medium,Medium
49,10,26.113114965274146,91.44175177624753,0.4805130434782609,4.11247444152832,2.2633285522460938,264,0.24608723519638653,0.136488,Low,Medium
160,40,27.92204649715154,95.90952724381776,0.5633826086956523,8.082913398742676,1.0495716333389282,326,0.14493835893503199,0.0713632,Low,Low
59,10,26.150683477842957,91.6686877674509,0.5791391304347826,4.0261030197143555,6.545517921447754,276,0.4461375847567991,0.5773678,High,High
700,30,25.8774052832592,92.2150309602266,0.7063391304347826,5.5117058753967285,24.499670028686523,286,0.850099834893816,0.79036987,Very High,Very High
403,10,26.1197188005611,93.30048512518741,0.6857000000000001,5.232095718383789,17.666723251342773,329,0.8977887023127104,0.91102856,Very High,Very High
973,10,25.36738132333432,92.78740233573222,0.7065695652173913,6.9755659103393555,11.395366668701172,319,0.7271125792044527,0.70843387,Very High,Very High
56,10,24.38786263799,92.33405766752891,0.7399695652173913,9.843156814575195,3.1894590854644775,297,0.21801699138172248,0.08045227,Low,Medium
74,80,26.730386276741346,92.85356646879522,0.07624782608695653,5.412812232971191,1.3920820951461792,269,0.0018635078888324344,0.0110041695,Low,Low
65,40,26.367917347689573,92.70653358785495,0.4852,5.040822505950928,2.9661474227905273,319,0.0515776007780727,0.023719497,Low,Low
29,40,26.1122302287691,90.03857979281018,0.4655608695652174,7.406292915344238,3.606767416000366,330,0.08656040704420542,0.03410938,Low,Low
121,40,27.243983793868836,95.36198957521653,0.5890217391304349,6.9199981689453125,2.789600372314453,288,0.0013987651917774515,0.0063821133,Low,Low
88,30,26.636076506215353,94.11166115938795,0.4937130434782609,6.733344554901123,1.3914430141448975,276,0.009463497339681133,0.015598387,Low,Low
72,10,26.496414565863113,91.99484752937526,0.5373913043478261,4.460555553436279,2.123872756958008,282,0.2789435124135881,0.24610768,Medium,Medium
41,40,26.111638181011667,91.11635018166797,0.4926086956521739,5.317187786102295,2.96535587310791,256,0.0017101024362424092,0.0068384223,Low,Low
45,10,26.38585039318083,89.91762925851951,0.5763608695652175,7.140440940856934,4.976776599884033,264,0.09170776485722786,0.06422733,Low,Low
134,10,27.055433915845057,95.24440280903228,0.6988391304347826,7.391071796417236,3.6286933422088623,267,0.1017594409747227,0.046266742,Low,Low
75,10,24.58088076591073,92.79883087627236,0.7571260869565217,10.820191383361816,7.140124320983887,268,0.41600573774683436,0.2912868,Medium,High
265,10,25.556089731538265,93.19778654200077,0.813708695652174,4.6043925285339355,7.160648345947266,333,0.13283355232369945,0.022790637,Low,Low
117,10,26.745429815341318,91.39732967689362,0.6236913043478262,5.537591457366943,2.273682117462158,246,0.05550505026367811,0.07635907,Low,Low
75,10,26.592889948041133,91.9691050098484,0.5907217391304348,4.800005912780762,2.7806620597839355,303,0.20574390680234195,0.1254409,Low,Medium
44,60,26.22499874538174,91.25968056381161,0.01500909090909091,4.444637298583984,0.0,257,0.04415574937887607,0.03722879,Low,Low
174,10,25.92541372327598,93.44094505448679,0.6417086956521739,5.4070963859558105,7.68614387512207,267,0.5470260578943308,0.46941113,High,High
42,80,26.196979689254896,91.25480612145317,0.14997826086956523,4.500363826751709,2.2646777629852295,263,0.028339103846865315,0.028962012,Low,Low
59,40,26.72805541336134,91.15995069931138,0.6548521739130435,5.398775577545166,4.539645671844482,267,0.061027160456227476,0.019962339,Low,Low
30,40,24.71572367188962,92.66899621753532,0.5865173913043479,10.601967811584473,7.34347677230835,284,0.41379248452093453,0.45318812,High,High
50,10,26.45661264781105,90.15462474862835,0.597008695652174,6.990228652954102,2.1236984729766846,253,0.006543373564291755,0.012834505,Low,Low
63,10,26.301632349236765,92.35189333458074,0.5241260869565217,4.9380645751953125,2.1230225563049316,281,0.07201298494752444,0.08378594,Low,Low
204,10,26.78972100260815,90.25638213405863,0.630813043478261,6.522374629974365,4.250466346740723,291,0.4364215179553224,0.44523555,High,High
81,60,26.76232704108904,92.62161186253232,0.3074608695652174,5.454747676849365,1.3923014402389526,322,0.06084793298279609,0.04096197,Low,Low
98,10,27.086367857761022,94.77037896562686,0.6285347826086958,6.907912731170654,2.126509428024292,255,0.012343119537497756,0.024673259,Low,Low
122,40,27.31280131184925,95.38075073412065,0.638304347826087,7.063932418823242,0.9274099469184875,267,0.006298142198932797,0.006581826,Low,Low
84,40,26.927492375482853,94.15082803649793,0.5478869565217391,7.172544956207275,1.3934293985366821,281,0.0014485743779428801,0.0072020786,Low,Low
57,40,26.208102578449346,92.17172456203969,0.5028652173913043,4.724163055419922,2.9656524658203125,282,0.013161115558282116,0.017593162,Low,Low
57,10,26.395272445081016,90.34880064189798,0.6388260869565218,7.054399013519287,2.123430013656616,294,0.022116246604812453,0.02798373,Low,Low
27,40,25.910895717926746,90.05409669372263,0.36379130434782614,7.454156398773193,0.9274099469184875,285,0.044070749969886885,0.007559008,Low,Low
678,10,26.176380220977677,93.62957092629884,0.8466478260869567,5.8103437423706055,23.18727684020996,337,0.4441441141150598,0.45598596,High,High
851,10,25.803644663132022,92.29713459640985,0.7571130434782609,6.201860427856445,32.10795593261719,273,0.5129126761234652,0.48124087,High,High
58,40,26.748668647024914,91.1758402965174,0.5592347826086957,5.398775577545166,2.7802884578704834,269,1.6490788514484307e-05,0.005444904,Low,Low
125,40,27.78230316193443,95.08213162600346,0.6493217391304348,6.671665668487549,2.9707448482513428,256,0.00644344051920688,0.010250571,Low,Low
107,10,27.383661113206195,94.17128442182974,0.5641913043478262,7.4338765144348145,6.8246541023254395,273,0.17407028432682325,0.13337617,Low,Low
291,10,26.149445947368623,93.22746617564847,0.7654347826086957,5.309812545776367,18.994550704956055,300,0.6021094378780257,0.42465398,High,High
94,10,26.67824571389799,90.5467336326555,0.3322,6.286313533782959,3.704791784286499,278,0.06661318030159892,0.027649911,Low,Low
51,60,26.155304858656226,91.49751496612281,0.4589826086956522,3.8205385208129883,2.122389793395996,242,0.08593346963533828,0.0682581,Low,Low
33,80,26.13722748995696,89.81456156486605,0.34926956521739133,7.256416320800781,2.2637133598327637,278,0.02832377357731449,0.007935336,Low,Low
77,40,26.60449385032566,93.32797697183454,0.5924739130434783,5.231769561767578,2.1243488788604736,264,5.634232869954597e-05,0.009568067,Low,Low
65,10,26.46300353604902,92.01498629447016,0.5072217391304348,4.67203950881958,3.614792585372925,308,0.21029033996335858,0.1863615,Low,Medium
107,40,26.210237017522836,93.98515767038025,0.5855,6.999826908111572,2.122626781463623,263,0.0013931180028246178,0.0045249765,Low,Low
53,10,26.325756389932817,90.09051891954316,0.6992608695652174,7.126979351043701,0.9274099469184875,277,0.04498091450065408,0.0362488,Low,Low
101,80,27.47244591901275,94.8385151248437,0.05251739130434783,6.784533977508545,0.0,290,0.004431964434174093,0.010199879,Low,Low
38,40,26.31576005465843,90.21573481108608,0.4668739130434783,7.197936058044434,2.266606569290161,283,0.018222231035521817,0.009579198,Low,Low
105,10,26.693716824899155,90.58954142027643,0.5003869565217391,6.2012763023376465,1.8543341159820557,301,0.020786202580795266,0.022226235,Low,Low
232,10,25.669822431558146,92.8451050237472,0.7606173913043478,5.598331451416016,4.234869956970215,302,0.21716380485882453,0.22575259,Medium,Medium
61,10,24.48513307329114,92.66255486879507,0.7199869565217392,10.557220458984375,16.463491439819336,275,0.6156455192090776,0.6966289,High,High
62,10,24.388804440850226,92.33928949978785,0.6983391304347827,9.843156814575195,12.402649879455566,294,0.6825633372768095,0.6561883,High,High
176,10,27.42171553912488,95.72040281869896,0.7850695652173914,6.74222469329834,5.643867015838623,326,0.2777015772185182,0.25508747,Medium,Medium
19,40,24.915990107206344,92.5742849404563,0.272035,10.00333023071289,2.2446699142456055,273,0.036533883067043804,0.018777292,Low,Low
108,40,27.354784063414737,95.00614620456228,0.44896956521739134,6.705600738525391,0.0,259,0.011148112242884265,0.006619126,Low,Low
67,40,26.49381394898812,92.78951245764642,0.5170304347826087,4.9536452293396,1.3904824256896973,287,0.004430366298916501,0.020329837,Low,Low
77,40,26.58791285224691,93.32083084851618,0.4722913043478261,5.131650447845459,2.2710652351379395,290,0.001927681014276329,0.015152701,Low,Low
81,40,26.72308873828833,92.53073026893371,0.5030608695652175,5.746335983276367,4.539479732513428,321,0.07079118478227418,0.054471787,Low,Low
66,10,25.910863333311237,91.11932110622786,0.6301260869565217,5.679971218109131,3.4592010974884033,313,0.19524493897838058,0.26715448,Medium,Low
74,80,26.72123867627504,93.40196101493771,0.31823913043478264,5.48227071762085,3.467808246612549,254,0.004082541843877867,0.023426866,Low,Low
281,10,26.35268081665265,90.32870013425135,0.7242521739130435,7.054399013519287,33.901611328125,289,0.9147427431245266,0.91888523,Very High,Very High
299,10,26.23866147765573,92.88709793892663,0.7483434782608697,4.653265476226807,6.900157928466797,331,0.19870005580102076,0.055278383,Low,Low
54,60,26.379159486941436,91.64608443284993,0.5586695652173913,4.961639881134033,4.23602819442749,298,0.04668758720562779,0.069815435,Low,Low
100,40,26.756026986528635,92.29758306904172,0.503295652173913,5.712379455566406,2.782869815826416,302,0.003375168877418318,0.015465077,Low,Low
84,40,26.862779768146915,94.33766879967176,0.5234217391304348,6.483922481536865,1.3929868936538696,280,0.0014485743779428801,0.0077584437,Low,Low
45,10,24.58723610825325,92.52925088803048,0.7529608695652175,10.389389038085938,1.378350853919983,281,0.4965785971050137,0.3388312,Medium,High
136,40,27.598731373465185,95.6326595226705,0.6789304347826087,7.150399208068848,2.128873825073242,269,0.025178349080907974,0.012466344,Low,Low
143,10,27.628679481098967,95.7085603821383,0.7069869565217392,7.772363185882568,2.795036792755127,268,0.1476504684333059,0.063870385,Low,Low
92,10,26.609010676916398,92.96644265986812,0.6870217391304348,5.063243389129639,3.243896961212158,242,0.20280600019234143,0.10800325,Low,Medium
102,10,26.40347298863374,94.09352721452147,0.6641173913043479,6.631052017211914,2.268033981323242,270,0.0160043700162695,0.021866906,Low,Low
572,10,25.826631634532085,92.52152001866901,0.7633304347826088,5.8076395988464355,2.770555257797241,323,0.20087480730516638,0.23918644,Medium,Medium
30,40,25.9746282261751,90.21520564575606,0.43645217391304353,8.044150352478027,2.261105537414551,286,0.03332988574511779,0.0210466,Low,Low
77,40,26.46983732014221,92.78837237696813,0.5408217391304349,4.9536452293396,2.0713090896606445,302,0.009433950528307181,0.028155291,Low,Low
75,10,26.02550074241798,91.14062782753435,0.6238043478260871,5.76585578918457,20.463130950927734,287,0.9433468148527461,0.9609425,Very High,Very High
218,10,25.80875562073694,93.53549369075431,0.7120913043478261,5.455253601074219,3.458143711090088,287,0.3559308034973227,0.40428686,High,Medium
76,10,26.873876165673124,93.67557403739973,0.666895652173913,5.811822414398193,1.3930630683898926,261,0.07162380173748636,0.053612,Low,Low
129,10,26.759689221821002,91.5505995413845,0.40265217391304353,5.3574347496032715,1.8543341159820557,266,0.06561958014101105,0.021923287,Low,Low
25,60,24.90607360454815,92.83336869577009,0.5582173913043478,10.330382347106934,2.2445192337036133,295,0.24908098219995575,0.14380896,Low,Medium
502,10,26.548780095310686,93.4085489121886,0.7795565217391305,5.212984561920166,17.27315902709961,305,0.4473885284357609,0.44647118,High,High
163,10,26.637789081928965,94.46063142630767,0.7745695652173913,6.7626237869262695,6.351985931396484,258,0.2542967429371664,0.1322843,Low,Medium
133,10,25.680093804305223,92.88252025236285,0.7427869565217391,5.312078952789307,11.70134162902832,282,0.572718677095514,0.5243893,High,High
64,40,26.556934861585145,90.33325847475018,0.5944173913043478,6.838641166687012,0.9274099469184875,268,0.002059781709610982,0.004892233,Low,Low
109,10,27.413333169557575,94.86242125841567,0.6693739130434784,6.706930637359619,0.9274099469184875,245,0.003755920619151985,0.0204446,Low,Low
428,10,25.621268637209404,93.31032551906344,0.7760173913043479,4.695601940155029,7.983972072601318,339,0.27664670359728716,0.068922356,Low,Medium
62,10,24.360524188016257,92.62309422308216,0.7723608695652174,10.44316291809082,13.038423538208008,267,0.3244137716102539,0.16428842,Low,Medium
51,40,26.589387573796966,90.82075924467854,0.5847608695652174,6.140758037567139,1.0370739698410034,288,6.19895176523798e-05,0.005790718,Low,Low
269,10,25.414439481369882,93.27182967909978,0.6843260869565218,5.829061985015869,5.547544956207275,318,0.5619421746487983,0.618002,High,High
241,10,25.892761368630826,93.26109221275068,0.7649913043478261,4.584468841552734,4.236738204956055,317,0.3225878925764016,0.089443475,Low,Medium
38,10,24.929752067462534,92.9594881389663,0.7633217391304349,10.716120719909668,0.9274099469184875,291,0.44064238331727096,0.4156307,High,High
100,40,27.277203165864073,94.03520650420636,0.5274478260869565,7.530954837799072,5.520447731018066,255,0.08504623058006076,0.028004017,Low,Low
557,10,26.169235133365074,93.27381392753382,0.788604347826087,5.110108852386475,15.048941612243652,345,0.2918622325932501,0.2257991,Medium,Medium
82,10,26.820986771189762,93.01563978402358,0.6460869565217391,5.295804023742676,4.171535491943359,278,0.08115701277696914,0.082529575,Low,Low
183,10,25.742115670118995,92.77008925498657,0.7488521739130435,5.927469730377197,4.111644268035889,290,0.16186438641614673,0.09730015,Low,Low
188,10,25.934901212833633,93.57536172877633,0.7499478260869565,5.759420871734619,8.517319679260254,265,0.29757543940151804,0.25597873,Medium,Medium
63,40,26.296871965476953,92.56214438525284,0.5976478260869565,4.857574939727783,2.7802884578704834,315,0.054908611879258565,0.060448308,Low,Low
80,40,26.543135048717378,93.23588952965991,0.5827434782608696,5.008538722991943,2.1240780353546143,272,0.02081165186243283,0.019309882,Low,Low
97,40,27.41901481018015,94.43832554154909,0.5939913043478261,6.900032997131348,1.044751763343811,256,0.002840892603044794,0.004188717,Low,Low
41,40,26.376992589774737,90.29089910630289,0.5697739130434784,7.045294284820557,2.123350143432617,293,0.0018464057308649384,0.0061865635,Low,Low
120,10,27.321157620482346,95.28655360648862,0.6144695652173914,7.11765193939209,1.0438294410705566,292,0.022325698112636648,0.03292689,Low,Low
117,10,27.30921455954668,94.03365301063877,0.6710304347826087,7.426661491394043,2.7802884578704834,231,0.04428739546341492,0.029297136,Low,Low
336,10,26.28954901736034,92.9525490407792,0.7489217391304348,5.163473606109619,18.015378952026367,315,0.6989798623935871,0.66933197,High,High
58,40,26.15831112489795,92.43028811878092,0.44560434782608704,4.8347296714782715,0.9274099469184875,315,0.05367656022126426,0.034526967,Low,Low
125,10,26.97137061706403,95.0763443005001,0.7143391304347826,7.311757564544678,1.8543341159820557,278,0.043929170594503936,0.04707072,Low,Low
64,40,26.21638727740979,92.48876509405213,0.5229826086956523,4.583646774291992,2.775641918182373,310,0.043277972919926765,0.043371703,Low,Low
51,10,26.24905340608127,90.08428749810268,0.6669260869565218,7.728521347045898,2.0673651695251465,293,0.036456833904537335,0.044575863,Low,Low
81,40,26.778280756702728,93.3089237009192,0.5136739130434783,5.104922294616699,2.274228572845459,282,0.006683157455181152,0.013951642,Low,Low
431,10,26.493273591164353,93.62937144672948,0.8172913043478262,5.69437837600708,4.240012168884277,349,0.39771413647347076,0.33901852,Medium,Medium
324,10,25.000024406503705,93.11917743222115,0.7948000000000001,8.952901840209961,28.48786163330078,367,0.49400901417582616,0.679025,High,High
68,40,26.462367005391005,92.81473637279299,0.6020260869565217,5.067391395568848,9.064948081970215,279,0.5382609510732982,0.30097082,Medium,High
96,40,27.441858589996222,94.5512567050896,0.5616739130434784,6.960279941558838,1.8543341159820557,279,1.6490788514484307e-05,0.0052650487,Low,Low
92,10,27.105512093468192,93.90475106819778,0.5382260869565217,7.653687953948975,2.7876741886138916,248,0.021205180808332124,0.015639061,Low,Low
104,10,26.394831752439657,94.01143769952449,0.6938434782608697,6.554656028747559,1.3898203372955322,260,0.01624051191956095,0.021138547,Low,Low
46,10,24.55121109558517,92.37543766882575,0.7349521739130436,10.116153717041016,8.213664054870605,252,0.41502211619988527,0.39297494,Medium,High
131,10,24.281802380714254,92.23244887641432,0.7475521739130435,10.108785629272461,22.217683792114258,264,0.6921968890578983,0.7603912,Very High,High
83,60,27.051586886994933,94.12647373079714,0.42653913043478264,7.833983421325684,4.259842872619629,286,0.012693868487989743,0.048887104,Low,Low
211,10,25.771387747542594,93.45641897705967,0.7542565217391305,5.2894287109375,8.351072311401367,294,0.21239944146520615,0.151197,Low,Medium
147,40,26.003027899749267,93.9393558397601,0.5765086956521739,6.290045738220215,2.7802884578704834,283,0.04509237016207648,0.018703608,Low,Low
101,10,26.45934002890554,93.11228435835801,0.6884130434782609,5.032231330871582,4.828341484069824,255,0.265133989523201,0.2526875,Medium,Medium
174,10,25.89253934424051,93.3735585351717,0.7825608695652174,5.14182710647583,7.154119491577148,273,0.2207686238789113,0.22723158,Medium,Medium
924,30,25.35892570332185,92.84151231024485,0.6918782608695653,6.792962551116943,3.5900497436523438,314,0.5398512773176678,0.5872013,High,High
53,40,26.004481505414876,91.40781617052687,0.5866739130434784,4.782754898071289,2.1217446327209473,273,0.016811763640981255,0.014202424,Low,Low
324,10,26.876976329887167,91.95200351318091,0.7575869565217391,4.326381206512451,2.9677577018737793,260,0.20750985329752428,0.051946208,Low,Medium
110,40,26.880196939967743,92.61554717021009,0.5586217391304348,5.6302170753479,2.2759342193603516,291,0.002040693033687473,0.009380145,Low,Low
42,40,26.124920604380804,91.14139823968176,0.5433782608695652,5.317187786102295,3.2314651012420654,285,0.0,0.010738415,Low,Low
57,10,26.506010350859924,91.26840386999828,0.577895652173913,5.273848533630371,2.779496669769287,279,0.029401062557264237,0.030435018,Low,Low
62,40,26.53942325406313,92.50520301050642,0.5127695652173914,5.2655158042907715,1.390790581703186,286,0.0002574301182189814,0.009857607,Low,Low
93,40,27.202801503435968,94.49546085310062,0.5891782608695653,6.870173931121826,1.0427193641662598,306,0.006686000750762872,0.009377942,Low,Low
164,10,26.33743826896492,93.79363931607837,0.7123826086956523,6.31804084777832,5.563266754150391,284,0.2923998064259817,0.30823275,Medium,Medium
130,10,26.687965817250998,90.6678161467076,0.7989304347826087,5.264476776123047,1.3917951583862305,293,0.06904365400307681,0.04794698,Low,Low
90,40,27.26733239246608,94.11614625812537,0.5658304347826087,7.609763145446777,4.267665386199951,283,0.0018496782144556002,0.014028325,Low,Low
35,40,24.872332209689198,93.00609371728382,0.6471173913043479,10.75485897064209,6.11061429977417,295,0.6602282858999825,0.7401435,Very High,High
134,30,27.556851058587757,94.44241474840824,0.5926826086956523,6.575724124908447,2.287494421005249,294,0.0223943933066586,0.02144503,Low,Low
156,40,25.876152827387422,93.16424308440604,0.5963347826086958,4.612306594848633,7.3788604736328125,311,0.4525207833774098,0.42245534,High,High
69,10,26.718793807067808,91.00124072088764,0.7879826086956523,5.461362361907959,1.3920046091079712,290,0.12218933529886665,0.049108427,Low,Low
148,10,26.000355283344295,93.33934941015762,0.6603260869565217,5.238292217254639,7.41619348526001,288,0.5182517232120648,0.542787,High,High
506,10,25.044264921296282,92.50517973759683,0.7657086956521739,10.107017517089844,19.95960807800293,285,0.6537853787256499,0.5315521,High,High
100,50,26.923655539704296,94.78051731713094,0.6105086956521739,7.082741737365723,1.0401273965835571,265,0.04670580611990928,0.022323953,Low,Low
74,40,26.51364033362995,92.83919350356295,0.5692391304347826,4.8667426109313965,0.9274099469184875,305,0.035404645418668564,0.048825655,Low,Low
107,10,25.887895624361274,91.41614712064856,0.743908695652174,5.817934513092041,11.038890838623047,303,0.580553728248755,0.635126,High,High
100,40,26.57707197801043,94.19451279426825,0.6418869565217391,6.756987571716309,1.0369608402252197,257,0.0029239539233860473,0.0067986106,Low,Low
130,10,26.68810525126817,90.17037260355043,0.7299869565217392,6.364376544952393,1.3917951583862305,267,0.04091463644893548,0.03823412,Low,Low
40,10,24.833876070590065,92.57986026837318,0.6674434782608696,9.960885047912598,9.411884307861328,258,0.3666904148973135,0.40942976,High,Medium
38,10,24.621514120027353,92.39801894667434,0.6798217391304349,10.016010284423828,3.574352741241455,238,0.15762867312699266,0.15198109,Low,Low
133,10,27.87961863696342,95.68900336600893,0.6784695652173913,8.929872512817383,1.8543341159820557,302,0.03426750200933661,0.06571603,Low,Low
204,10,27.362253832361308,95.96587489154498,0.7008173913043478,7.681493282318115,7.498890399932861,281,0.6783274945058773,0.67182267,High,High
28,10,24.52068005645377,92.24098656215011,0.6274304347826087,10.090218544006348,4.225619316101074,256,0.3137252047761786,0.29089004,Medium,Medium
71,60,26.570884457491413,91.74074101244906,0.567104347826087,4.937227249145508,1.3910020589828491,265,0.016895292526639575,0.042108726,Low,Low
608,10,25.447507303272573,92.82865382872998,0.7581217391304348,6.39232873916626,7.637676239013672,309,0.2842293396481062,0.30203852,Medium,Medium
93,10,27.31309050926124,94.39683976640238,0.6858304347826087,6.854546070098877,4.181725978851318,267,0.02973342435290041,0.024997788,Low,Low
342,10,26.366561203896527,93.30220571969419,0.7944652173913044,5.294604778289795,7.704579830169678,349,0.32679403668563256,0.26085213,Medium,Medium
90,40,26.872104373257322,94.62838489493463,0.5019434782608696,6.633672714233398,0.9274099469184875,275,1.6490788514484307e-05,0.007935748,Low,Low
81,40,26.8694647931098,93.56432117455375,0.535013043478261,5.7118916511535645,1.8543341159820557,266,5.634232869954597e-05,0.010250552,Low,Low
86,40,26.833656820322187,93.46829906689696,0.5388347826086958,5.463126182556152,1.3927870988845825,267,5.634232869954597e-05,0.008270323,Low,Low
40,80,26.223839381914058,91.09838768414664,0.32804782608695654,4.988215923309326,8.078849792480469,237,0.36998732933587175,0.22076777,Medium,Medium
94,40,27.04576083790741,94.62013856923511,0.5932260869565217,6.289534568786621,1.041254997253418,283,0.0005399382356010978,0.006236567,Low,Low
53,40,26.127759942139257,92.02285688534687,0.4675086956521739,5.322190761566162,2.9654054641723633,285,0.0020113645253922287,0.0085259145,Low,Low
50,40,25.98988574680359,90.92568115189042,0.5862695652173914,6.755837917327881,6.167100429534912,284,0.06282640739316227,0.03457509,Low,Low
65,10,26.4077141826405,92.41907160746528,0.47317391304347833,4.817118167877197,1.0354362726211548,313,0.12169401663443134,0.12307028,Low,Low
119,40,26.68933154311015,94.40869812526424,0.5829826086956522,6.651071071624756,7.457300186157227,284,0.2950235301097837,0.15093684,Low,Medium
473,10,25.617684082760935,93.23808202864683,0.7572652173913044,4.231325149536133,25.30048179626465,328,0.4548987063965158,0.24656156,Medium,High
87,40,26.889062155756967,94.23292849958862,0.4871260869565217,6.902736663818359,1.3931679725646973,287,0.001927681014276329,0.006236295,Low,Low
102,40,26.729270419409218,91.95943124383459,0.5607695652173913,4.866212844848633,5.0680365562438965,281,0.1391349954055014,0.20416167,Medium,Low
154,40,26.072612307159762,93.73376603359644,0.7716391304347826,6.363288879394531,4.123133182525635,273,0.08839055111740991,0.046044994,Low,Low
69,40,26.67293881473728,92.64179479106404,0.44825652173913044,5.313086986541748,5.918384552001953,304,0.11365762310237185,0.066676855,Low,Low
100,10,27.23036972893605,94.82455555096703,0.5244478260869565,6.914185047149658,0.0,261,0.0470916666805554,0.015744705,Low,Low
47,10,26.101774320975796,90.46597852977737,0.6248173913043479,7.1568121910095215,12.019880294799805,287,0.7290704562624757,0.6347292,High,Very High
91,40,26.999750013986784,93.77710952074902,0.5635130434782609,6.827000617980957,4.6273674964904785,255,0.0011706417069874465,0.010340008,Low,Low
75,40,25.917836931892104,92.86232775239586,0.4778695652173913,5.244869709014893,2.1213748455047607,301,0.00046660508904221504,0.013051823,Low,Low
177,10,26.734389171805276,90.84101230103869,0.6776521739130436,5.586957931518555,0.9274099469184875,302,0.342181536784645,0.26203904,Medium,Medium
127,10,26.548926198365873,94.25607743636552,0.6644434782608696,6.658531665802002,2.96671462059021,281,0.03172437055954816,0.05179328,Low,Low
377,10,25.086984270182874,92.7469222146909,0.7995782608695653,9.243844985961914,22.899070739746094,307,0.2998542202675542,0.3233067,Medium,Medium
47,10,26.380256314040622,90.61220289812375,0.6109826086956522,6.407586574554443,5.916558265686035,297,0.19270884790995144,0.11381844,Low,Low
89,40,26.843599631470575,94.35576229169699,0.437495652173913,6.223923683166504,2.967650890350342,276,0.0047481720052481614,0.0064120363,Low,Low
135,10,26.758328025598537,91.812775074106,0.7372173913043478,4.980710506439209,2.0765390396118164,279,0.14237942630976239,0.11749612,Low,Low
112,40,26.36476542297503,94.12530776715836,0.5139869565217391,6.868066787719727,2.2674031257629395,316,0.016039368442949675,0.013065004,Low,Low
66,40,26.54758241438706,92.9771068655528,0.43300434782608704,5.053229808807373,3.6167538166046143,271,0.005946154894651962,0.018315526,Low,Low
31,10,25.9511945406925,90.07931526506513,0.43267826086956523,7.593830108642578,2.772167444229126,282,0.06409612733515214,0.02133074,Low,Low
59,40,26.32160816494079,92.62036564502482,0.529795652173913,5.09663200378418,0.0,311,0.04541253889398792,0.043186642,Low,Low
41,10,24.730361511273134,93.01992448337202,0.7497043478260871,10.270590782165527,1.021036982536316,288,0.433175265195889,0.328608,Medium,High
50,40,26.615051955430292,91.19958078299236,0.5244304347826088,5.604332447052002,2.780961751937866,274,0.00833360683969084,0.008608395,Low,Low
506,10,25.477401397336617,92.7447287316167,0.7623478260869565,6.208961009979248,10.234115600585938,331,0.38223497664427064,0.31332856,Medium,Medium
24,10,24.810858907181668,92.5010218442102,0.6042608695652174,9.883190155029297,3.4481492042541504,263,0.11143750547339586,0.059284817,Low,Low
51,40,26.036334195981524,91.54735529641444,0.4804913043478261,4.7584686279296875,1.3874520063400269,315,0.0401347566301474,0.029891837,Low,Low
134,10,26.328782589397836,93.81444350037765,0.7109434782608697,6.441242218017578,2.7771313190460205,289,0.05115604799073989,0.052535594,Low,Low
224,10,26.84449774334838,90.42896936880273,0.5644173913043479,5.889135360717773,3.250058174133301,287,0.3807027249901046,0.29853725,Medium,Medium
66,10,26.615848977617354,91.63748379100217,0.6008565217391304,5.184210777282715,4.831050395965576,281,0.12922745688520032,0.20165393,Medium,Low
28,40,24.4321306224719,92.41772050777061,0.5363347826086957,10.136466979980469,1.0186083316802979,285,0.1977543474094116,0.21356837,Medium,Low
88,10,26.785970019367685,92.64778372169219,0.6926130434782609,5.454747676849365,1.392460584640503,302,0.04909542194041234,0.06974139,Low,Low
165,10,25.90387193521557,93.26746414909563,0.744595652173913,4.773301124572754,1.386588215827942,300,0.21496446863655816,0.14764073,Low,Medium
141,40,27.93378250908152,95.7450286168858,0.6448608695652174,9.414463996887207,3.650149345397949,321,0.15999117803315563,0.11601707,Low,Low
94,10,26.580666387340102,94.15586556122359,0.564904347826087,6.756987571716309,1.3910695314407349,269,0.004834011932158281,0.0125084035,Low,Low
104,10,27.103077338853772,94.95335304163399,0.6604739130434784,7.071037292480469,1.394645094871521,256,0.00458835500773481,0.016646726,Low,Low
92,40,26.56241588849077,93.87357822470466,0.6339391304347827,6.110873222351074,2.1241636276245117,262,0.010318582199853567,0.007868997,Low,Low
94,10,26.95365410682671,94.52181119504459,0.4944521739130435,6.314075469970703,1.8543341159820557,295,0.026280205059925996,0.023040002,Low,Low
105,80,27.416946755346228,94.80829099474272,0.3504521739130435,6.706501007080078,2.969520092010498,283,0.003519929110512948,0.01062616,Low,Low
249,10,26.068073044802222,92.03675911779703,0.7056782608695652,5.225162506103516,7.1560773849487305,299,0.3658392918079589,0.43045306,High,Medium
54,40,25.937119564685307,91.09350859684304,0.6018826086956522,5.706804275512695,1.3868049383163452,280,0.000355027566736642,0.012065022,Low,Low
42,10,26.29040559979518,90.59789096206478,0.6159,6.566623687744141,8.535426139831543,301,0.3760240385076948,0.276375,Medium,Medium
88,40,25.966133484098464,93.01074032516516,0.46651739130434783,5.260788440704346,5.557835578918457,284,0.07220786153535991,0.05155476,Low,Low
106,40,27.376062154388812,95.01140496357681,0.5769130434782609,6.705600738525391,1.8543341159820557,238,0.005067095016871589,0.007997117,Low,Low
89,40,27.293693448918603,94.32359575592861,0.5568173913043478,6.760368347167969,1.395975947380066,261,5.634232869954597e-05,0.004750326,Low,Low
370,10,26.414970240924273,93.55683138136024,0.8169739130434783,5.596820831298828,21.772369384765625,302,0.2485894229927608,0.27897283,Medium,Medium
242,10,25.886227116082175,93.22096563861044,0.6885826086956522,4.540602207183838,14.2057523727417,333,0.5876845248049027,0.42652148,High,High
250,10,26.11158549784788,93.25545567698978,0.7817521739130435,5.086512565612793,12.089329719543457,307,0.40229233358611666,0.5071607,High,High
28,40,26.24343543509218,90.49079819737237,0.06033913043478262,7.163581371307373,3.609748363494873,312,0.07046624459263767,0.024487393,Low,Low
79,10,26.789319760381126,93.03606167726117,0.7104260869565218,4.871999263763428,0.0,293,0.1831384385403876,0.2714098,Medium,Low
141,80,27.408721659008144,95.84869463188197,0.5496826086956522,7.053134441375732,5.6438446044921875,280,0.21422691076565195,0.1909843,Low,Medium
526,10,26.26586573033582,93.29605751726723,0.7815695652173913,5.075306415557861,12.739792823791504,329,0.2945675246149569,0.25822708,Medium,Medium
98,10,27.401125992786607,94.18821698170535,0.6158173913043479,7.3464579582214355,2.284795045852661,279,0.028913867248320547,0.04291037,Low,Low
53,40,26.603928230111162,91.0254703164391,0.5898521739130436,5.899008750915527,1.3912252187728882,266,5.634232869954597e-05,0.005538389,Low,Low
90,40,26.716488968673257,92.38902723378631,0.6522260869565217,6.168098449707031,2.7823376655578613,300,0.015784948830140755,0.00999973,Low,Low
50,10,26.546966953304768,91.02915218140423,0.6077173913043479,5.855353832244873,5.8629984855651855,252,0.16182331397311775,0.11267547,Low,Low
118,40,27.3879886224468,95.2944981820522,0.4875913043478261,6.861530780792236,1.044460415840149,264,0.002840892603044794,0.0050024386,Low,Low
90,40,26.795439168038303,94.18859295501112,0.6119478260869565,6.271997451782227,4.989008903503418,264,0.08362029849929414,0.038648978,Low,Low
55,40,26.2047365558949,92.17002369993212,0.5021608695652174,4.724163055419922,2.7754881381988525,293,0.009837478664777154,0.01785981,Low,Low
97,10,27.404395908872317,94.41440315279863,0.6730739130434783,6.900032997131348,0.0,268,0.010511220752390917,0.015368278,Low,Low
74,10,25.89203186947698,91.06114310119241,0.5826173913043479,6.326071262359619,0.9274099469184875,292,0.009551067671014057,0.026563376,Low,Low
86,40,27.13230386487964,94.31596118202967,0.5683956521739131,6.8916120529174805,1.3948478698730469,294,0.0002574301182189814,0.005582008,Low,Low
122,10,27.68223387437314,95.52070172645429,0.654,7.675848484039307,1.398734450340271,283,0.026059312567341685,0.036572255,Low,Low
95,40,26.482611609746655,94.09663543891611,0.5397521739130435,6.663372039794922,2.7802884578704834,320,0.01776402308950093,0.014805815,Low,Low
95,40,27.30609224332462,94.47604070551586,0.5979913043478261,6.454059600830078,3.6347172260284424,289,0.0009401280256562051,0.013561613,Low,Low
81,40,26.993182990282328,93.9207157075522,0.47990000000000005,7.436775207519531,0.9274099469184875,251,0.0025626176237522297,0.00641482,Low,Low
108,40,27.18933715310147,95.0709968648206,0.642504347826087,6.914967060089111,0.0,262,0.007233230142192866,0.0068320967,Low,Low
66,10,26.528156100450058,90.53058193827431,0.6431869565217392,6.701885223388672,2.0723648071289062,246,0.014973372885543219,0.026112275,Low,Low
78,40,26.60539650607445,92.06661326689886,0.5558782608695653,4.9934468269348145,2.0737555027008057,290,0.01177316496154512,0.020215278,Low,Low
101,30,27.39673960267648,94.17850649793569,0.6288478260869566,7.4338765144348145,0.9274099469184875,257,0.02316798276048399,0.01866268,Low,Low
839,10,26.295421995493932,93.37564229581575,0.8154608695652175,4.856328964233398,16.152217864990234,332,0.15328296781889836,0.03503104,Low,Low
48,10,26.139315057311286,90.530619872738,0.6107260869565218,6.905905723571777,5.063746452331543,313,0.20073762079856972,0.1800138,Low,Medium
209,10,26.013981959038695,93.29626444618866,0.7091869565217391,5.144014358520508,6.464860916137695,286,0.2943263171902565,0.35582384,Medium,Medium
44,40,26.31945321460698,91.26512471515514,0.4765347826086957,4.91748046875,0.0,280,0.009270523711766636,0.016487084,Low,Low
54,60,26.490377753911233,91.38443928465546,0.5280086956521739,4.785818099975586,2.7792880535125732,282,0.044560594172267654,0.044475365,Low,Low
638,10,26.032262331818384,92.41269934091957,0.7161652173913043,5.127140045166016,18.043237686157227,318,0.7622295839521391,0.7936803,Very High,Very High
629,10,25.267761737333892,93.09221292989304,0.7839391304347826,7.73258638381958,17.204837799072266,304,0.8651153700608376,0.8992942,Very High,Very High
116,10,26.29603541015438,93.94709324838715,0.676995652173913,6.7185845375061035,3.2358195781707764,301,0.05083344646358619,0.04482257,Low,Low
111,40,27.151781555727553,95.07245383443546,0.6019130434782609,6.914967060089111,0.9274099469184875,255,0.00017176314407577818,0.0050071687,Low,Low
151,10,26.491133817262774,93.17150212365284,0.7560782608695652,5.025327682495117,7.559542655944824,279,0.3470290939446736,0.31817687,Medium,Medium
110,10,27.30688622241024,95.01527677279033,0.6276739130434783,6.641894817352295,1.0436961650848389,254,0.013968165129934046,0.031944137,Low,Low
99,40,27.204542493468956,94.64270293183054,0.5605565217391304,6.907660961151123,4.841454029083252,294,0.018751418894741412,0.029791648,Low,Low
277,10,26.77633195024569,90.84516531756981,0.7459217391304348,5.507885456085205,4.741543292999268,283,0.26014577499454417,0.22159806,Medium,Medium
56,40,25.9645416148388,90.91673522842113,0.4657347826086957,6.755837917327881,6.780557632446289,295,0.11809197268457972,0.042126376,Low,Low
112,10,25.723742493834607,92.81646260548476,0.7298347826086957,5.638261318206787,6.1779279708862305,277,0.22905039897628687,0.20072444,Medium,Medium
60,40,26.556982341075674,90.01314279287801,0.6071521739130435,7.316821575164795,1.0367798805236816,240,0.006070859342725556,0.009262664,Low,Low
80,60,26.77829951911613,93.82828186315986,0.27829565217391306,5.632969856262207,2.967442035675049,256,0.005701370712340085,0.014377706,Low,Low
43,40,26.36060912071984,90.07467113671134,0.5592434782608696,7.383674621582031,2.2673351764678955,272,0.0021892908616348915,0.0060836147,Low,Low
76,10,26.60112068149476,93.16598790820767,0.6465608695652174,5.318650722503662,2.27128529548645,247,0.07374983095334055,0.038025245,Low,Low
44,10,26.103181986634564,90.63282149543258,0.5732913043478262,6.920766353607178,4.226501941680908,289,0.02226351359319409,0.029675014,Low,Low
84,40,25.867415123368158,92.92629151603172,0.5101347826086957,5.135383129119873,2.121161699295044,299,0.006020014626940931,0.016917394,Low,Low
113,40,26.702601503318544,90.59861320535477,0.7209565217391304,5.953362941741943,4.986213207244873,313,0.2573348617587873,0.10584569,Low,Medium
81,40,26.915282043523586,93.89242258502422,0.5785086956521739,6.77957010269165,2.7802884578704834,277,1.6490788514484307e-05,0.0075514535,Low,Low
1406,10,25.300964310056305,93.4394902657962,0.8225608695652175,5.504680633544922,19.82146644592285,351,0.3087320951564325,0.11751612,Low,Medium
47,10,24.954421463269853,92.89986072168399,0.682013043478261,10.40762996673584,4.229035377502441,296,0.47865429723558944,0.49507067,High,High
66,40,26.54827863281525,92.20165111208877,0.5109173913043479,5.015714168548584,3.2423110008239746,290,0.00582333783201467,0.019641345,Low,Low
121,10,27.563609605031164,95.45239535430542,0.7087173913043479,7.1891093254089355,3.269341468811035,248,0.06343280355593701,0.041065164,Low,Low
137,10,27.866805130264524,95.7912667190225,0.6525391304347826,8.391550064086914,2.9710328578948975,311,0.081346918807759,0.1297733,Low,Low
164,10,25.477098968994703,93.15531542098894,0.7256739130434783,5.436666965484619,1.3838508129119873,279,0.22810618110900918,0.25257882,Medium,Medium
76,40,26.647246332901872,93.71183949161806,0.5459652173913043,6.040878772735596,8.838264465332031,251,0.4102406581226723,0.08280332,Low,High
34,10,26.2008395292719,89.99634012530521,0.5407086956521739,7.441660404205322,1.0335896015167236,272,0.035652521466645354,0.021964693,Low,Low
99,10,27.049216400972966,94.93417531366951,0.5519652173913043,7.106823921203613,3.471409559249878,254,0.026639723787011918,0.024022432,Low,Low
107,10,27.21050312457953,94.95452384291274,0.5089739130434783,7.05917501449585,3.259780168533325,249,0.03046229075536359,0.017299479,Low,Low
21,40,24.83809602494049,92.70489453548169,0.5263434782608696,10.591071128845215,0.9274099469184875,273,0.2535320283479223,0.16726796,Low,Medium
120,40,27.604815146024404,94.60140223457601,0.5402565217391304,6.622426986694336,0.9274099469184875,277,0.0013532664626395561,0.00795931,Low,Low
161,10,26.70230495625334,90.0273434701855,0.7556304347826087,6.747808933258057,5.9185686111450195,252,0.2580893509031798,0.116377816,Low,Medium
40,60,26.325541635781434,90.79175861877799,0.4855347826086957,6.143835544586182,3.8457939624786377,285,0.04279254901301533,0.029200109,Low,Low
106,10,26.024579804462032,93.14534867876603,0.5306217391304349,5.072959899902344,3.460383415222168,249,0.09333305880138056,0.078420624,Low,Low
75,40,26.637676150228543,92.78200026655036,0.47016521739130435,4.8015217781066895,2.2718920707702637,288,0.03383853351528236,0.038001817,Low,Low
90,10,26.815597128396632,94.28808524409983,0.6148913043478261,6.282314777374268,4.834539890289307,271,0.09292665112302727,0.12472798,Low,Low
97,40,26.708915195345778,94.17875699009781,0.617904347826087,6.545255184173584,2.2730720043182373,262,0.01094514719702128,0.008820475,Low,Low
89,40,26.941620655525387,94.46826733942314,0.5659782608695653,6.471229553222656,2.967966079711914,312,0.017638721428604363,0.014833746,Low,Low
140,10,26.692799787141396,90.10025052722541,0.7227782608695652,6.746210098266602,3.846681594848633,268,0.1539348807660836,0.061082575,Low,Low
95,40,26.53384806384973,94.1586743581211,0.5281913043478261,7.049648284912109,2.072464942932129,269,1.6490788514484307e-05,0.004131968,Low,Low
865,10,25.20261726445859,93.30212096474338,0.6960304347826087,6.458276748657227,22.50693130493164,318,0.8596884610413656,0.8431706,Very High,Very High
752,10,25.853954725133768,92.30319403989216,0.7120913043478261,5.885857582092285,2.7802884578704834,262,0.19106703031428796,0.06453433,Low,Low
80,40,26.752818187623202,90.9239762024521,0.5631260869565218,5.258735179901123,1.0385597944259644,279,0.0046937682547542525,0.009638973,Low,Low
63,10,24.879421278489115,93.15612793616165,0.7719043478260871,9.132437705993652,6.3283371925354,307,0.398762707479519,0.21116379,Medium,Medium
107,40,27.572429867619473,94.62878745985113,0.5744826086956523,6.705240249633789,0.0,280,1.6490788514484307e-05,0.007405204,Low,Low
72,10,24.93541741148828,93.16309534495184,0.7952739130434784,8.96602725982666,8.578166961669922,297,0.31318154849387253,0.20734438,Medium,Medium
91,10,27.28047360913291,94.24666358636446,0.6448478260869566,7.320289134979248,0.9274099469184875,278,0.015771253773519952,0.029103547,Low,Low
71,10,26.502821200185114,92.73585267084134,0.7245086956521739,4.867165565490723,1.8543341159820557,292,0.13038623217765255,0.16158271,Low,Low
563,10,26.35924988724098,93.20109200285049,0.7787347826086958,5.035647392272949,7.555575370788574,318,0.18400440089337847,0.099106275,Low,Low
59,40,26.584433447539485,91.34813188964783,0.6005956521739131,5.560474872589111,2.271010160446167,282,0.0007751670839856864,0.015425885,Low,Low
370,10,26.309526530972516,93.74111247775322,0.7907478260869565,6.121710777282715,12.312621116638184,326,0.2841235549884484,0.2189004,Medium,Medium
117,10,26.664504769005113,90.11533619757323,0.7305869565217391,6.746210098266602,1.391636848449707,282,0.038766134439970644,0.04064438,Low,Low
446,10,26.255758732843248,93.70631128058368,0.7737913043478262,6.0955071449279785,4.16018009185791,329,0.2126426936899225,0.18569212,Low,Medium
123,60,27.35847347717656,95.33140153402124,0.6080391304347826,6.948485851287842,0.9274099469184875,282,0.02792281460881764,0.0301593,Low,Low
86,10,27.16373937136388,94.32334250925884,0.584313043478261,7.382795333862305,2.280723810195923,284,0.046175481533750465,0.021638604,Low,Low
190,10,26.476347337046672,93.18621788906394,0.7405608695652174,5.025327682495117,21.162870407104492,292,0.7965305991051559,0.79446876,Very High,Very High
65,10,26.32464549023792,92.49960666115543,0.5378000000000001,4.774064540863037,2.068711042404175,278,0.13490238078346062,0.13124047,Low,Low
44,10,26.293543051965248,91.07739367265025,0.5088913043478261,5.171921253204346,2.9659171104431152,269,0.027546421932322453,0.026634773,Low,Low
135,10,26.098568851311747,93.98233072608939,0.6535217391304349,6.41428804397583,1.0326849222183228,269,0.018506397349695575,0.027666306,Low,Low
143,40,27.867987931320226,95.87311596752593,0.5743304347826087,8.37950611114502,3.648505687713623,319,0.12564042753308796,0.086271435,Low,Low
95,40,26.605517523620552,93.91847519873436,0.6261217391304348,6.277040958404541,1.8543341159820557,262,0.00718251457081065,0.009015217,Low,Low
126,60,27.147353679420128,93.85754047523332,0.5979304347826088,7.379115581512451,2.788252830505371,255,0.016839610454050188,0.0147649925,Low,Low
24,40,24.667095831515937,92.37208642308195,0.6034782608695652,9.754547119140625,1.3788337707519531,250,0.039254371500382156,0.01770067,Low,Low
52,40,26.02155455602822,91.55464222855993,0.461095652173913,4.601629734039307,2.965080738067627,336,0.07794038476705373,0.031167464,Low,Low
798,10,25.753304419397033,91.19067116713747,0.7582347826086957,7.202541351318359,11.038786888122559,297,0.45707452779568364,0.43244964,High,High
1449,10,25.17917415383307,92.71111039881693,0.7502739130434783,8.256783485412598,2.1183080673217773,343,0.43475073519257657,0.3022357,Medium,High
43,10,26.260106022682997,90.54603841632411,0.523395652173913,6.7300920486450195,3.099656105041504,316,0.05582683489691661,0.04080238,Low,Low
22,10,24.79548174465724,92.36051530822093,0.5054913043478261,9.984335899353027,2.757625102996826,249,0.08264153144359841,0.04565383,Low,Low
81,40,26.14490923647111,93.05615133246707,0.4649521739130435,5.236109733581543,7.156941890716553,261,0.2529276126816763,0.08178829,Low,Medium
84,40,26.70337468610889,91.48772921079694,0.5480434782608696,5.329493999481201,4.243746280670166,269,0.0014485743779428801,0.011504824,Low,Low
639,10,25.92357520241268,92.28525035693596,0.7217304347826088,5.860800743103027,30.65426254272461,259,0.6526174640726389,0.8014237,Very High,High
85,40,26.810987800206938,93.13284182010001,0.5092521739130436,5.551051616668701,3.1145431995391846,283,0.0051830115477889335,0.020677704,Low,Low
58,10,26.3345399671518,91.71903321434752,0.5070782608695652,4.727481842041016,2.7802884578704834,290,0.15121246903243815,0.10029653,Low,Low
933,10,25.208072349039373,93.35112957075327,0.7819913043478262,6.110538959503174,24.391523361206055,309,0.5911361091442286,0.48701572,High,High
41,40,26.099730752153842,91.12327139012174,0.5120956521739131,5.5204386711120605,1.032694697380066,285,0.0018464057308649384,0.014539002,Low,Low
52,10,26.496791577022584,90.08960795966964,0.5840869565217391,7.3990702629089355,1.0362356901168823,244,0.00427861874824135,0.01400782,Low,Low
134,40,27.690551768294895,95.7040298310707,0.5384608695652174,7.952390670776367,3.1392223834991455,277,0.021252365631358565,0.01774672,Low,Low
44,40,26.28024324091511,91.14411187079898,0.49293043478260873,5.043895721435547,0.9274099469184875,273,0.0001926456233220749,0.013029814,Low,Low
65,10,26.635341983882903,91.28638978331615,0.5896130434782609,5.681514263153076,2.2718505859375,265,0.024067448174784994,0.03543762,Low,Low
81,10,26.687661370526552,92.46430920219841,0.6766521739130436,5.7323384284973145,0.0,297,0.06815862625190684,0.07745615,Low,Low
100,40,26.887012601378203,94.80142594126903,0.5137434782608696,7.201866149902344,1.3931527137756348,266,5.634232869954597e-05,0.0044049113,Low,Low
135,10,27.711399999431492,95.67903740258772,0.7945652173913044,8.423208236694336,1.3989439010620117,275,0.11250271804311647,0.08255538,Low,Low
97,40,26.813629229548194,94.58208918131578,0.47419130434782614,6.405804634094238,0.9274099469184875,281,1.6490788514484307e-05,0.006953564,Low,Low
87,40,27.17589296427402,94.08970121699123,0.5660000000000001,8.520663261413574,1.3951517343521118,277,1.6490788514484307e-05,0.008689198,Low,Low
386,10,25.441907937811294,93.26991517586566,0.7447608695652175,5.829061985015869,11.553826332092285,348,0.7721752782935677,0.8360949,Very High,Very High
1004,10,25.759292365444374,92.21740469257188,0.7705391304347826,5.864162921905518,10.234878540039062,285,0.26246778315230174,0.18884727,Low,Medium
67,40,26.60775871585111,91.51228562166096,0.5544347826086957,5.5133233070373535,3.1090054512023926,277,1.6490788514484307e-05,0.012681734,Low,Low
61,40,26.47210388388116,92.05358076621204,0.5928695652173913,4.69881534576416,4.241713523864746,288,0.026173613014420134,0.04458552,Low,Low
29,80,25.919801271736905,89.9279184691164,0.10248695652173913,7.250365734100342,2.12138295173645,327,0.10880043937308377,0.017178167,Low,Low
188,10,25.536401357266904,93.05821047092182,0.788995652173913,5.570743083953857,10.528855323791504,315,0.3971902747115594,0.5390761,High,Medium
95,40,27.324889922184692,94.29242122891092,0.6406260869565218,6.979866027832031,1.8543341159820557,291,0.006347112742405986,0.008608672,Low,Low
96,10,26.832150064762676,93.14501648562164,0.6830260869565218,5.551051616668701,3.6234049797058105,260,0.13414661811167464,0.09168416,Low,Low
89,10,26.632811488390125,93.73990058481829,0.5712173913043478,6.040878772735596,2.124474287033081,262,0.010435401039491655,0.01494239,Low,Low
48,10,26.00446781821954,91.25757748416035,0.5823869565217391,5.437690258026123,4.155242443084717,268,0.026098947646500448,0.034962717,Low,Low
87,10,26.9413149493376,94.53177827612592,0.5678782608695653,6.366288185119629,1.3935269117355347,288,0.01729094190378189,0.022434423,Low,Low
70,40,26.523610648856376,92.78824616987879,0.5823913043478262,4.736565589904785,8.547501564025879,275,0.5073424932667766,0.3054907,Medium,High
64,80,26.735445454639414,93.35296799051044,0.410004347826087,5.3935017585754395,0.0,258,0.006038042204787547,0.009664478,Low,Low
88,10,26.658131840237697,93.82444286923551,0.5993565217391305,6.187429904937744,4.243345737457275,256,0.016882795561592286,0.028187452,Low,Low
35,40,26.30153543721816,90.30356595862351,0.5898130434782609,6.962841987609863,0.9274099469184875,265,0.03452663838930919,0.009006569,Low,Low
115,10,25.93777215042207,91.27168275653622,0.6509304347826087,5.4278059005737305,17.369306564331055,280,0.9379520617369695,0.92305017,Very High,Very High
251,10,26.427689866275347,90.47479607873174,0.6855478260869565,6.758667469024658,23.969173431396484,294,0.9215525054662078,0.93590015,Very High,Very High
121,80,27.78070624702645,95.43102491057886,0.06941052631578948,8.204453468322754,2.2914068698883057,302,0.02133903432465317,0.021318374,Low,Low
107,10,27.10959770435346,95.17941901555699,0.6731652173913043,7.292623043060303,0.9274099469184875,257,0.00849439078585739,0.017827928,Low,Low
108,40,26.776620594771856,92.23249893487629,0.5290913043478261,5.413130283355713,2.1251139640808105,300,0.001371729496506882,0.013324264,Low,Low
97,40,27.36202458425624,94.25279881247293,0.5946478260869565,7.287205219268799,1.3964567184448242,265,5.634232869954597e-05,0.0048010964,Low,Low
209,10,25.471385459686,92.97639890845025,0.7832,5.98280143737793,28.798660278320312,282,0.735106180629568,0.7531389,Very High,Very High
51,10,26.396739690088246,91.46655832470219,0.5745043478260871,4.562424659729004,3.46431303024292,279,0.26767094748749626,0.12431764,Low,Medium
19,60,24.947903555337195,92.46763288209793,0.4130136363636364,10.501946449279785,3.449489116668701,267,0.15399742057141863,0.06647932,Low,Low
741,10,26.139886658328056,93.62871316501601,0.8330086956521741,5.732536792755127,15.511736869812012,345,0.28594106631222954,0.13708502,Low,Medium
59,40,26.535041691624198,90.1443828804551,0.5470086956521739,7.236311435699463,0.9274099469184875,257,5.634232869954597e-05,0.00519437,Low,Low
105,10,26.54413754648415,93.97015963257154,0.6006782608695652,6.478618144989014,2.7800076007843018,280,0.010772152721052839,0.0242206,Low,Low
78,10,24.931816976371962,92.82365771515337,0.7232739130434783,10.330382347106934,2.2449047565460205,296,0.5465272622640792,0.37332067,Medium,High
35,80,26.352331329880503,90.77327895404125,0.4837826086956522,6.096994876861572,6.545796871185303,297,0.14589700947188658,0.07818391,Low,Low
66,40,26.589692040855944,91.47322370864333,0.49282608695652175,5.0853118896484375,1.8543341159820557,275,1.6490788514484307e-05,0.013251435,Low,Low
87,80,27.042758746808403,94.44320168193802,0.3842086956521739,6.281005859375,2.786804676055908,272,0.00010797534640159413,0.007925349,Low,Low
20,40,24.856143802478865,92.35532436297278,0.5009652173913043,10.51933479309082,2.9616477489471436,257,0.14798393754372716,0.066748746,Low,Low
293,10,26.09996920808609,92.01954940159557,0.7500173913043479,5.322190761566162,20.41486358642578,293,0.6454946649829332,0.43928584,High,High
76,40,26.58824530750429,90.2569829458144,0.5908217391304348,6.768281936645508,2.1242775917053223,256,5.634232869954597e-05,0.0053739343,Low,Low
104,40,27.486176230032797,94.88578328490661,-0.04088,6.682925701141357,5.213103294372559,275,0.06354499202090405,0.03157238,Low,Low
67,40,26.58620054081706,90.54005371611939,0.29652173913043484,6.723471641540527,3.243297815322876,298,0.009455901613922698,0.008722555,Low,Low
36,10,24.723983457297837,93.07576236951178,0.5848347826086957,9.754059791564941,2.756758213043213,290,0.07356798491204544,0.057466026,Low,Low
29,10,24.849306455162626,92.8595782177407,0.5717913043478261,10.811081886291504,4.133436679840088,273,0.12273176501947093,0.2270773,Medium,Low
83,10,26.944657637117803,93.75447485844659,0.6068869565217392,6.447597503662109,2.277017116546631,249,0.022645625233396024,0.02250564,Low,Low
76,40,26.66254668269875,91.58049672381681,0.5302434782608696,5.5622053146362305,4.243384838104248,303,0.003249560663750248,0.035357997,Low,Low
138,40,26.382400129015736,93.79418064686008,0.6443304347826088,6.062188625335693,1.3897387981414795,287,0.03642651063176505,0.021887926,Low,Low
49,40,26.034376776888475,91.42010397168227,0.5300869565217391,4.782754898071289,2.262056827545166,271,0.020265876535810926,0.015816929,Low,Low
933,10,26.348054505082445,93.60007429866563,0.8075869565217392,5.715549468994141,18.74492073059082,320,0.3390361344056802,0.17175171,Low,Medium
100,40,26.574599945903405,93.95509499878281,0.655608695652174,6.381656169891357,2.780418634414673,273,0.015764763186168908,0.009400588,Low,Low
56,10,26.244559947511775,91.95215313018578,0.5748739130434783,4.181039810180664,4.740503311157227,276,0.32694640656568535,0.22926113,Medium,Medium
31,40,26.19536445002918,89.72220555532937,0.6057043478260871,7.222350120544434,0.9274099469184875,299,0.050873663358983516,0.01237926,Low,Low
58,10,26.339379980529966,91.81213405237156,0.5338347826086958,4.771206855773926,5.065184593200684,287,0.3239029682589189,0.31525508,Medium,Medium
57,10,24.85318073563954,93.13403363901666,0.7005956521739131,9.576122283935547,10.276849746704102,297,0.7107444607045875,0.7253723,Very High,Very High
350,10,26.199162200347175,91.91076941165599,0.6886434782608696,4.411823272705078,11.039134979248047,322,0.5013332632564871,0.3315693,Medium,High
87,40,27.171184304864717,94.35294323696172,0.5936391304347827,6.96761417388916,1.3951207399368286,269,1.6490788514484307e-05,0.0039211228,Low,Low
64,40,26.0842972092188,91.91133154877274,0.6006782608695652,4.920051097869873,1.3877668380737305,292,0.00017741033302861204,0.01706232,Low,Low
313,10,25.428971240215205,93.29553401904495,0.6876739130434784,5.829061985015869,10.992984771728516,318,0.6532017090862632,0.80267316,Very High,High
92,10,25.813753788759513,92.92530409670634,0.6564913043478261,5.14695405960083,1.3860052824020386,310,0.11620259352232527,0.11928061,Low,Low
89,40,26.649763662194058,90.49922476834773,0.45920434782608704,6.438727855682373,4.6273674964904785,300,0.006304539162337851,0.01992497,Low,Low
72,40,26.639783258234708,92.45718730829991,0.46297826086956523,5.465568542480469,1.0375300645828247,306,0.012974584271971292,0.023477023,Low,Low
126,80,27.813578976791998,95.43466089905031,0.053873913043478265,9.15948486328125,1.3996787071228027,308,0.08365015563917089,0.02985094,Low,Low
83,10,26.94340415693102,93.77757242328646,0.5761391304347826,6.447597503662109,5.5577712059021,267,0.10502778516522401,0.07964613,Low,Low
32,80,26.127216169684555,89.82263877424634,0.15685217391304349,7.256416320800781,4.238730430603027,295,0.0445277630213194,0.017495733,Low,Low
114,10,26.647505822503298,90.04412670935181,0.7899869565217391,7.188658237457275,3.110084056854248,266,0.10566158653503543,0.032304082,Low,Low
127,60,27.890763890473128,95.5601293102318,0.2181521739130435,9.468058586120605,1.0492699146270752,286,0.058573118153442065,0.021768628,Low,Low
96,60,27.387281774630424,94.58317976398364,0.5098086956521739,6.733941555023193,1.0444551706314087,276,0.0028925256207468428,0.016212406,Low,Low
235,10,25.75845410034512,93.40970020934208,0.775804347826087,5.034756183624268,6.779486656188965,312,0.2802857791550615,0.18286285,Low,Medium
84,10,24.342044313403314,92.45859413696297,0.7548826086956523,10.590523719787598,11.633902549743652,276,0.3339102814702008,0.28809085,Medium,Medium
100,10,26.838084485812235,92.62189441148547,0.6214217391304349,5.553375244140625,1.039340615272522,301,0.057052987018163845,0.10381928,Low,Low
51,60,26.15794828585749,91.4512484684713,0.38220000000000004,3.8205385208129883,1.388250708580017,262,0.07723935695495511,0.0351385,Low,Low
204,10,25.627517925721605,93.01270215029454,0.7721652173913044,4.770007133483887,12.4823579788208,279,0.42581254766793586,0.29976168,Medium,High
52,10,26.585807890801146,90.93184773813842,0.5535869565217392,5.9384260177612305,0.9274099469184875,263,0.01857426163377374,0.012527148,Low,Low
49,10,26.361194710344318,90.92706976213378,0.564595652173913,5.427615642547607,2.9661266803741455,265,0.02698793689774652,0.030167064,Low,Low
43,40,25.976340619797895,90.31534766308471,0.5977217391304348,8.274617195129395,1.3870600461959839,274,0.006178191413232996,0.016946651,Low,Low
44,40,26.375805441709044,89.85712697161502,0.5499260869565217,7.4407639503479,3.2378690242767334,245,5.634232869954597e-05,0.0058841724,Low,Low
90,10,26.642455949756485,93.64089096713526,0.6997782608695652,5.9664459228515625,0.0,259,0.06187166574417227,0.02347758,Low,Low
99,10,26.937126240898383,94.73350208025138,0.6015086956521739,7.035367488861084,4.255720615386963,265,0.025325038689608705,0.028620118,Low,Low
86,10,26.85187052274253,94.17491096448398,0.6398173913043478,6.935182571411133,0.9274099469184875,282,0.02262266200201257,0.02767363,Low,Low
54,80,26.270192005452383,91.89812320045148,0.262704347826087,4.732241153717041,0.0,303,0.05871543957253337,0.031155108,Low,Low
62,40,25.897851555704303,91.22815949549009,0.6215,6.353845596313477,0.9274099469184875,326,0.06373624952185583,0.030235365,Low,Low
26,40,24.779675294777107,92.94760919082965,0.4879,10.579955101013184,1.3795167207717896,298,0.33123078266796857,0.18236351,Low,Medium
236,10,25.935705357391324,93.32068067392007,0.7994260869565217,5.007564067840576,9.381067276000977,293,0.1306384997938074,0.09130619,Low,Low
113,40,26.437400485791134,93.78638498621731,0.5466826086956522,6.12971305847168,0.0,318,0.03144430872076004,0.012108192,Low,Low
90,40,25.874766953196193,92.78295771017301,0.6716434782608697,5.753210544586182,2.259512186050415,314,0.06644611220262497,0.040161528,Low,Low
216,10,26.80799169674053,90.30127475665746,0.6249695652173913,5.297760009765625,2.9675369262695312,269,0.4323328140131275,0.24271941,Medium,High
119,40,26.73491693615797,90.50518959997254,0.6283652173913044,6.0934576988220215,1.8543341159820557,275,0.012345554243536932,0.011880843,Low,Low
59,40,26.49451801118476,92.13417304165033,0.4930478260869565,4.738791465759277,1.3904880285263062,283,0.018544376361977137,0.026526097,Low,Low
53,50,26.5026496063187,91.17196200044486,0.5204,5.545485019683838,1.3905421495437622,270,0.02647920673160132,0.019519262,Low,Low
41,40,26.122245051342073,91.13164381616342,0.5398000000000001,5.317187786102295,0.9274099469184875,270,0.003674329801390969,0.0069342465,Low,Low
73,80,26.718440019651794,93.36741847759556,0.10117826086956522,5.3935017585754395,11.226234436035156,269,0.6550154263132985,0.3441343,Medium,High
793,10,25.08523536115139,93.23204196999916,0.7627652173913043,7.831765651702881,51.36932373046875,323,0.6305539027464295,0.51407814,High,High
44,40,26.083411845452424,91.28797923389088,0.4644652173913043,5.104899883270264,2.064429759979248,278,0.00027632913443797477,0.0106668025,Low,Low
59,40,26.323367202505555,92.5149916603026,0.5117217391304348,4.9092512130737305,1.3893446922302246,309,0.02666538477666257,0.033653315,Low,Low
87,40,27.233457310403164,94.36545626822033,0.593204347826087,7.286075115203857,0.0,281,1.6490788514484307e-05,0.0062466175,Low,Low
91,40,27.262364497576492,94.3652223033779,0.5134217391304349,6.622741222381592,2.1273131370544434,299,0.0018033807631672868,0.0085053295,Low,Low
430,10,26.505088375215426,93.41153372145887,0.8039652173913043,5.212984561920166,5.565755367279053,320,0.1837049929524285,0.12293912,Low,Low
48,40,26.424802201909145,89.88149228483944,0.5496434782608697,7.420294284820557,4.163536548614502,270,0.002796256954107422,0.006365645,Low,Low
55,40,26.497828856740064,90.66528388457726,0.5455173913043478,6.305694580078125,5.2494072914123535,284,0.03817230718940797,0.029928777,Low,Low
73,40,26.609925618576526,91.94479030183535,0.5186304347826087,4.68865442276001,3.846479654312134,293,0.025971903646100636,0.054592118,Low,Low
283,10,26.858130533663694,90.24408668492711,0.7428652173913043,4.791304111480713,4.741705894470215,261,0.2570529176141122,0.073391065,Low,Medium
89,40,26.849832189976816,94.40364320208545,0.5651913043478262,6.356049537658691,2.125440835952759,275,1.6490788514484307e-05,0.005541825,Low,Low
32,40,24.551239715513166,92.6117435376553,0.5421913043478261,10.862749099731445,0.9274099469184875,271,0.40208483349419283,0.2661624,Medium,High
142,10,27.36878787328307,95.52095213030458,0.7969173913043478,6.062510967254639,2.9693610668182373,299,0.1014005084061053,0.040520556,Low,Low
361,10,26.833802455496027,91.45014217063225,0.7096304347826088,4.706239700317383,23.800546646118164,300,0.8316085873905036,0.734122,Very High,Very High
95,10,26.962136606007878,93.66579836279605,0.5908652173913044,6.596002578735352,1.8543341159820557,238,0.017440166673359868,0.021866187,Low,Low
723,10,25.207258243371268,93.22080745819547,0.6593913043478261,6.832128524780273,30.52300453186035,316,0.9111800421403397,0.9680157,Very High,Very High
77,10,26.73572027835689,92.95802262671397,0.6726782608695653,5.599766254425049,4.244034290313721,282,0.11462493165990342,0.08777774,Low,Low
470,10,25.388077709398825,92.91424577904976,0.7923956521739131,6.968204021453857,15.679220199584961,307,0.5834876766135764,0.586782,High,High
124,10,27.69672652082071,95.46533671881005,0.47272608695652174,8.047783851623535,0.9274099469184875,277,0.05938796812428909,0.04811724,Low,Low
96,40,26.251730400030198,93.09101253402675,0.5556695652173913,5.185696601867676,2.0674097537994385,298,0.0030419803925642295,0.014397065,Low,Low
81,40,26.81699347802568,93.70183979152928,0.5312347826086957,5.6851806640625,1.8543341159820557,249,0.0008923667276948814,0.010971108,Low,Low
355,10,26.438329742361024,93.62166162870936,0.8046608695652174,5.810903072357178,31.192916870117188,346,0.3393521668798606,0.52385795,High,Medium
18,30,24.930917215333366,92.57001553744989,0.3017,10.00333023071289,2.244892120361328,273,0.1012688079876615,0.034838904,Low,Low
266,10,26.547009718752594,93.30158072355898,0.768404347826087,5.00544548034668,2.7800486087799072,244,0.2140757789717762,0.08756386,Low,Medium
44,40,26.175420212840336,90.99060422827685,0.536404347826087,5.457101345062256,4.521613121032715,259,0.0072029235081220565,0.016249806,Low,Low
83,10,26.8276713516585,92.99391555008509,0.6415173913043478,5.598343372344971,0.0,271,0.05432300640265164,0.047637593,Low,Low
100,80,27.316672185243718,94.88650014138061,0.49355652173913045,6.553901672363281,0.0,252,0.004676973488165476,0.00963564,Low,Low
94,10,26.477485829229867,92.99512581701833,0.7300739130434784,5.149012565612793,3.615126371383667,278,0.21340359023437658,0.131088,Low,Medium
34,10,26.185628511081838,90.50293721738977,0.4253434782608696,6.980282783508301,6.545566558837891,295,0.21153027747341818,0.062935084,Low,Medium
26,40,24.800649502530618,92.92750561911508,0.5493695652173913,10.824058532714844,0.9274099469184875,280,0.27276299477293153,0.23000994,Medium,Medium
63,40,26.352053654913174,92.59065462778587,0.589195652173913,4.908127307891846,2.2671947479248047,296,0.002496570410156607,0.02071016,Low,Low
41,60,26.15303053061582,90.35913643396607,0.012615789473684212,7.744354724884033,2.0656609535217285,305,0.04999680215166842,0.025745958,Low,Low
52,40,26.686499720390128,91.16099093092491,0.5205608695652174,5.5469255447387695,3.245908260345459,288,0.0002574301182189814,0.015674908,Low,Low
123,10,27.393006891067653,95.33226591389129,0.6634260869565217,6.948485851287842,1.3966761827468872,264,0.0053428922974186575,0.018001314,Low,Low
94,40,27.06137854816098,94.54798907305096,0.5853913043478262,6.220465660095215,1.3943558931350708,290,0.0007309530548329713,0.0057506226,Low,Low
77,10,26.69090065916912,92.65556601416064,0.5238913043478262,5.213406085968018,2.0753138065338135,304,0.03654447800046802,0.07540401,Low,Low
103,10,27.381750252609784,94.78606394635882,0.5839652173913044,6.748208999633789,1.8543341159820557,287,0.004221095023955599,0.021986097,Low,Low
115,40,26.343458786135052,94.08426383810348,0.5265913043478261,6.717041492462158,0.9274099469184875,307,0.007105069047402755,0.014106039,Low,Low
104,10,26.1139922180368,91.92363289794105,0.5675826086956522,4.762784481048584,7.656251907348633,263,0.5576296705424189,0.6899721,High,High
513,10,25.919492934957237,91.653876689683,0.6961826086956522,5.103399753570557,13.114396095275879,317,0.49507277212635625,0.58448094,High,High
175,10,26.583174135149733,93.04595307843776,0.7044652173913043,4.890519142150879,9.070858001708984,241,0.5172271071074636,0.7619347,Very High,High
59,40,26.219092839791344,92.52293072497996,0.5187695652173914,4.6784987449646,2.7756786346435547,334,0.059920123263493774,0.039836597,Low,Low
106,10,26.64564927955887,90.08818063568694,0.7229478260869565,7.254060745239258,2.7813782691955566,274,0.058774795387217416,0.04078749,Low,Low
55,10,26.408205658611404,89.97572921344036,0.6963826086956523,7.031261920928955,0.9274099469184875,267,0.022517172045488254,0.01563981,Low,Low
55,40,26.415575751751277,92.31828320548172,0.5450869565217391,5.060944557189941,4.977655410766602,262,0.07327748833990588,0.038794316,Low,Low
57,10,26.56239111537252,90.92385009494389,0.5853086956521739,5.9384260177612305,4.242504119873047,289,0.03522054617417976,0.030116467,Low,Low
115,10,27.581140619145774,94.65050166301809,0.5644,6.429647922515869,0.0,274,0.02521622218244955,0.023772648,Low,Low
198,10,25.84903450269979,93.41152752941252,0.6528,5.253640651702881,5.641273498535156,291,0.5625302212452248,0.5087894,High,High
180,10,26.586879339901493,94.37296171436195,0.7187434782608696,6.651133060455322,5.864576816558838,271,0.3921406043785564,0.29109293,Medium,Medium
92,40,26.532870794471215,94.08991884330321,0.5456130434782609,6.539707660675049,1.0365614891052246,297,0.0026413057065144594,0.0066344123,Low,Low
109,10,26.64365065168654,90.02928575079814,0.7207434782608696,7.188658237457275,1.8543341159820557,264,0.025755948689563764,0.021545721,Low,Low
60,10,25.964839568231902,90.8591069069776,0.6675260869565217,6.705252170562744,11.926155090332031,307,0.8052053626030378,0.7650999,Very High,Very High
105,20,27.547483905120114,94.58518746340137,0.6104086956521739,6.53013801574707,0.0,277,0.016985181379651184,0.021329708,Low,Low
95,10,27.319908218580455,94.44372116091458,0.7005043478260871,6.735012054443359,6.306313991546631,288,0.19009160614317294,0.15687102,Low,Low
54,10,26.625281365326256,90.8419122389476,0.6612913043478261,6.066924095153809,3.8465168476104736,253,0.04989818682335369,0.029218975,Low,Low
280,10,25.86278424772116,91.2638867287887,0.7466347826086958,6.019916534423828,20.16901206970215,277,0.70190527670008,0.6013599,High,Very High
123,30,27.42746241289291,95.33097002202922,0.6758000000000001,6.998114585876465,2.1280760765075684,262,0.010498633472909838,0.013463809,Low,Low
86,10,24.762203385339088,93.04735017880485,0.8123173913043479,10.486661911010742,11.26192569732666,284,0.28596837263375924,0.19422835,Low,Medium
75,40,26.66222284592001,92.77350302054215,0.5362695652173913,5.1534013748168945,1.3916199207305908,309,0.03055466962776535,0.030598983,Low,Low
59,30,26.54604942243508,90.63493408231751,0.6616869565217391,6.281540870666504,1.8543341159820557,261,0.01983510172616337,0.015510404,Low,Low
356,10,25.611098323728662,93.1653586091205,0.7768695652173914,4.183313846588135,16.274232864379883,351,0.4457475028039901,0.31269145,Medium,High
123,10,26.101848109972114,92.50078374298008,0.7286,5.064931392669678,11.193669319152832,248,0.5952410755480562,0.55753434,High,High
87,40,27.150906035582295,94.28318162177362,0.5699869565217391,7.532744884490967,2.1268043518066406,295,6.19895176523798e-05,0.005811581,Low,Low
60,40,26.412827447931154,92.56854323911517,0.5368434782608696,4.969949722290039,0.0,283,0.007695263354234239,0.01652169,Low,Low
40,30,26.29031678898862,91.0783130583823,0.47155652173913043,5.171921253204346,1.389125108718872,267,0.02784091173823725,0.020696595,Low,Low
188,10,25.814996754524024,93.6092712261029,0.6843130434782609,5.8035454750061035,8.230867385864258,271,0.49259459369413167,0.49684632,High,High
73,40,26.585123437795204,90.49581774589329,0.5560521739130435,6.5987935066223145,1.3910976648330688,275,1.6490788514484307e-05,0.0061538783,Low,Low
51,10,26.187123358282342,89.9413882996891,0.7254739130434783,7.37529182434082,2.066260814666748,272,0.07793786558272514,0.034403186,Low,Low
63,40,26.516822585583895,90.55419885548622,0.5223,6.594480037689209,1.0364185571670532,260,5.634232869954597e-05,0.0058829533,Low,Low
703,10,26.523105725058365,93.5101164230702,0.7962434782608696,5.338367938995361,10.545112609863281,332,0.1491753328992303,0.078488976,Low,Low
53,10,26.417477729610134,90.61341091888232,0.6817782608695653,6.302125930786133,4.163392543792725,293,0.08212647960094167,0.042481743,Low,Low
41,40,26.35724938770489,90.76633817936437,0.5477608695652174,6.096994876861572,2.123265266418457,304,0.007614319956702499,0.007846822,Low,Low
96,40,26.822847913808015,94.32028361927708,0.5094521739130435,6.258127212524414,2.0777175426483154,281,1.6490788514484307e-05,0.006058995,Low,Low
89,40,27.050743924262704,94.39021988509045,0.5884956521739131,6.491273880004883,1.3942828178405762,340,0.05551914326250344,0.014375105,Low,Low
88,40,27.14853205259481,94.37661749328174,0.5745260869565217,6.668408393859863,2.1267929077148438,318,0.021111090793090898,0.014240716,Low,Low
69,40,25.89982115617817,91.12997513085867,0.6405086956521739,6.259805679321289,2.12129807472229,279,0.01038758696108617,0.009804348,Low,Low
807,10,25.809018197708028,92.37322317303962,0.7186043478260871,5.738534927368164,15.727397918701172,307,0.5696379484803478,0.58483696,High,High
112,10,26.583150788108757,93.62322467269252,0.7075,5.5372090339660645,9.59326457977295,270,0.5369569745853462,0.39920583,Medium,High
65,10,26.57468832358482,90.02326203074139,0.5796608695652175,7.316821575164795,1.3910282850265503,238,0.0253772619477187,0.02442117,Low,Low
53,10,24.597502647066012,92.50055347290588,0.7157782608695652,10.389389038085938,4.79796028137207,268,0.4146807353199837,0.26899678,Medium,High
171,10,25.657815493088666,93.03604338099774,0.7874,4.564093112945557,3.219782590866089,298,0.18386355934549478,0.06584307,Low,Low
126,40,27.856423468847073,95.6265762532992,0.5409565217391304,9.21517276763916,3.704791784286499,304,0.050594361581945364,0.032706283,Low,Low
42,10,26.0348396797846,90.9073631536158,0.6911565217391304,5.918515205383301,1.0321218967437744,326,0.12042166030079222,0.038962338,Low,Low
220,10,25.824698349784928,93.3651589828592,0.7816565217391305,5.068981170654297,12.219897270202637,289,0.37576730955141696,0.29146737,Medium,Medium
72,40,26.68724670027258,92.83971944841831,0.5114695652173913,5.079442024230957,2.9671521186828613,257,0.0036185239245056107,0.012237707,Low,Low
102,10,26.54989629908566,93.77719961163527,0.7112608695652174,6.064550399780273,1.0367145538330078,239,0.04340439831737823,0.035913073,Low,Low
264,10,26.52755960356849,93.45937125302332,0.8112695652173914,5.411005973815918,10.147481918334961,280,0.17721556573358244,0.08228325,Low,Low
75,10,26.098458894174737,92.12005907642926,0.5962173913043478,5.03128719329834,27.63886070251465,305,0.9549999664349609,0.96747017,Very High,Very High
57,40,26.57225079944774,90.73998114994079,0.578604347826087,6.031641006469727,2.07315731048584,260,5.634232869954597e-05,0.0045256983,Low,Low
113,10,27.401383557806945,94.83859029473547,0.6894913043478261,6.706501007080078,1.8543341159820557,258,0.00971662400131494,0.022426255,Low,Low
567,10,25.898278617255333,92.3801725444777,0.7198826086956522,5.73064661026001,4.153173923492432,308,0.37492347661151193,0.41949442,High,Medium
719,10,25.769838403166844,91.19369821099234,0.7193173913043478,7.202541351318359,14.590163230895996,293,0.7803999931312277,0.7802751,Very High,Very High
919,10,25.31226410603242,92.84144299957269,0.7319521739130436,7.183628082275391,12.257231712341309,303,0.6497983319685674,0.6439532,High,High
362,10,25.995095787004722,91.70052163190158,0.765704347826087,4.622188091278076,11.28458023071289,275,0.3376200271442269,0.12813757,Low,Medium
83,40,26.62608763683743,93.73441686388318,0.5077913043478262,6.040878772735596,1.8543341159820557,253,0.0022817482503805393,0.005595332,Low,Low
231,10,27.30102637821006,95.84201492568232,0.8070173913043478,7.043171405792236,6.820451259613037,326,0.20549086053017918,0.17973869,Low,Medium
103,10,26.617888572971836,94.20819311263894,0.6547826086956522,6.891092300415039,1.037333369255066,267,0.004345115976779545,0.014906216,Low,Low
383,10,25.61589783064078,93.33583938328837,0.8051347826086958,4.695601940155029,14.554128646850586,342,0.10783618892503734,0.03184269,Low,Low
602,10,26.221510372803834,93.42751249713088,0.8459695652173914,5.389401435852051,17.95185089111328,326,0.1597877050937122,0.081438586,Low,Low
92,40,27.273085247400925,94.22796720611893,0.6189304347826087,7.320289134979248,3.2614598274230957,293,0.02623448246808898,0.021558983,Low,Low
179,10,26.787445166678303,90.38224606840647,0.5967173913043479,6.280435562133789,1.3924720287322998,250,0.34112829308807047,0.1046537,Low,Medium
131,40,27.860564221003642,95.72764957104032,0.6435304347826087,8.840816497802734,2.7802884578704834,308,0.05311085438917279,0.03592563,Low,Low
28,10,24.915627720735856,92.65321086353622,0.6069434782608696,10.269730567932129,2.0444743633270264,285,0.24424182652899282,0.22909394,Medium,Medium
78,40,26.836714129665626,93.70771107633325,0.5924565217391304,5.6851806640625,7.9962382316589355,261,0.33927499910300035,0.13389596,Low,Medium
73,80,26.834531119942685,93.82275159084466,0.02625217391304348,5.803703308105469,0.0,280,0.000749208510544534,0.020904444,Low,Low
133,10,26.833763032082857,92.26036201762257,0.6390652173913043,5.856756687164307,2.2751567363739014,286,0.06581724258904188,0.08240842,Low,Low
110,10,26.75277388248449,91.996856032347,0.5855304347826087,4.863053798675537,1.0385597944259644,263,0.176162529288819,0.17853774,Low,Low
97,10,24.276204766188563,92.3073725732184,0.7275391304347827,9.890213012695312,8.349586486816406,278,0.29952038927816627,0.33316347,Medium,Medium
454,10,26.035810528201694,93.60205421053274,0.7890217391304348,5.88697624206543,10.147053718566895,376,0.5273119724040902,0.7184985,Very High,High
44,40,24.33739289497717,92.30445362032484,0.4421739130434783,9.85888957977295,3.5684733390808105,284,0.027066847659107107,0.028674655,Low,Low
52,40,26.425144244623908,91.5092947081806,0.46597826086956523,5.058567047119141,2.9663259983062744,265,0.003147052409997865,0.009103481,Low,Low
687,10,25.86500294072626,92.49997776840712,0.8029000000000001,5.561094284057617,25.737462997436523,332,0.4289416677913753,0.4874839,High,High
77,10,26.42303955074764,92.94969758553172,0.6433608695652174,5.250519275665283,2.123551368713379,301,0.08311491092094646,0.0700348,Low,Low
23,40,24.523471178805277,92.23374300116872,0.6441173913043479,10.090218544006348,5.53782844543457,258,0.4593092245102169,0.3638053,Medium,High
59,10,26.318329938421186,91.94016327032372,0.4740260869565217,4.761224746704102,2.1230950355529785,281,0.12924295732743152,0.12756369,Low,Low
43,10,24.590103534443358,92.36330534742613,0.6277826086956523,10.116153717041016,15.590757369995117,276,0.8682004648575058,0.94924843,Very High,Very High
47,40,26.03955330798487,91.07326264807455,0.5790521739130435,5.897444248199463,2.9651358127593994,301,0.0009401280256562051,0.011840276,Low,Low
57,60,26.429765084089496,91.72495217751793,0.5075130434782609,4.641315460205078,1.8543341159820557,283,0.045412925058063575,0.05383677,Low,Low
24,60,24.668750712023822,92.30625515268797,0.5434347826086957,10.001955032348633,2.2409632205963135,255,0.044522606655695136,0.025741376,Low,Low
88,40,26.932981356293826,94.46044880279658,0.44054782608695653,6.471229553222656,0.9274099469184875,309,0.03210937449006626,0.016427523,Low,Low
65,40,26.524154930687676,92.06825565008734,0.5547826086956522,4.979382038116455,1.8543341159820557,322,0.039847912465657845,0.027902799,Low,Low
162,60,27.93372981901743,95.90317421903434,0.5809521739130435,8.082913398742676,3.1462409496307373,338,0.29185392928477205,0.3293793,Medium,Medium
57,40,26.16395259306441,92.26074103212609,0.48652173913043484,5.250037670135498,0.9274099469184875,284,0.0041554815633607165,0.010074201,Low,Low
128,10,27.56919510838017,95.51733847866564,0.7302217391304349,6.988945960998535,2.970027208328247,263,0.045413219462802835,0.031477444,Low,Low
99,10,26.959814324572207,94.82175010116094,0.6197565217391304,7.150029182434082,2.7856593132019043,266,0.014269681349374508,0.025392922,Low,Low
101,40,27.348471602498726,94.85774371286789,0.44991304347826094,6.553901672363281,0.9274099469184875,242,0.012460287457894997,0.008561977,Low,Low
91,10,27.157672660226304,94.00956079234591,0.5205521739130435,8.322800636291504,3.1241421699523926,256,0.04026680065174333,0.02737527,Low,Low
48,10,26.267324775094156,90.35968761248265,0.5824260869565218,7.093236446380615,5.157497882843018,292,0.11337843320076907,0.08465069,Low,Low
186,10,26.08466410463942,93.7023481940569,0.7938434782608697,6.363288879394531,1.3877686262130737,284,0.12824411373062095,0.08282874,Low,Low
127,10,27.324650740145568,95.41242880748285,0.6702130434782609,7.0633225440979,3.1288228034973145,292,0.03702522370401136,0.042831294,Low,Low
153,10,27.5252280187585,95.8315085470435,0.6666826086956522,6.98750638961792,1.0457580089569092,294,0.07286552307118971,0.046763636,Low,Low
77,80,26.625120627218422,89.87165466282848,0.24338695652173917,7.258918762207031,2.074112892150879,244,0.000191658857517494,0.0068722726,Low,Low
65,30,26.416735148664827,92.53975564987344,0.4658086956521739,4.949474811553955,6.917392253875732,288,0.30796377845057854,0.2156745,Medium,Medium
53,10,26.449975325206545,90.44258800219349,0.4982608695652174,6.904965877532959,1.8543341159820557,282,0.016631614664592276,0.018200997,Low,Low
53,10,26.03471252788751,91.47784167349792,0.48825217391304354,4.598418712615967,3.605015277862549,286,0.21376736538798047,0.1502203,Low,Medium
73,40,26.734982162989443,92.74752907791799,0.7394608695652174,5.52056360244751,2.7802884578704834,291,0.04078466086457552,0.027415145,Low,Low
56,40,26.291810765650037,92.2683316289584,0.5168173913043478,5.245450019836426,0.9274099469184875,286,0.0002574301182189814,0.0103488,Low,Low
37,80,26.228084802122844,91.07111745446326,0.27152608695652175,4.988215923309326,2.7757959365844727,263,0.036331483430036955,0.016074026,Low,Low
68,40,26.32749150539864,92.8024377035984,0.5182826086956522,4.995222091674805,4.740663528442383,289,0.02499700804222457,0.03882362,Low,Low
78,40,26.654957907338776,92.42848975559487,0.5202347826086957,5.946995735168457,0.0,290,0.006941629972963558,0.007187647,Low,Low
128,40,27.421829922943342,95.43492594956022,0.6599434782608696,6.865135192871094,4.172195911407471,257,0.009077531920636886,0.013686921,Low,Low
357,10,25.40656039166159,93.20453455514027,0.7856478260869565,5.747434139251709,27.743188858032227,354,0.5872878277028023,0.8772096,Very High,High
618,10,26.531374749187158,93.13718635973873,0.804995652173913,4.586025714874268,15.413966178894043,313,0.1496839568242681,0.029323697,Low,Low
99,10,27.045189039433673,94.59524370958711,0.6249,6.075451850891113,5.5103302001953125,284,0.1369761602758365,0.21325824,Medium,Low
84,10,26.703702829924865,93.41919282492091,0.6820304347826087,5.48227071762085,2.782160520553589,281,0.05715626501465098,0.06799677,Low,Low
192,10,25.89403728812532,93.50659098352074,0.760713043478261,5.489796161651611,7.3788604736328125,288,0.25219792625623044,0.23413308,Medium,Medium
554,10,26.50776646931545,93.55777552465035,0.7951,5.27836799621582,9.291715621948242,332,0.10505711805232876,0.060881063,Low,Low
95,10,26.611062268210713,94.06514559295587,0.6440521739130435,6.487797737121582,4.741216659545898,283,0.09041247778208282,0.08104865,Low,Low
293,10,26.222114482580416,92.93268211281983,0.7507478260869566,5.023381233215332,15.775766372680664,315,0.6074859424420651,0.45968673,High,High
96,10,26.97651609800155,94.72971273864383,0.590895652173913,7.181253910064697,6.207440376281738,272,0.1385164845011008,0.12866966,Low,Low
40,40,26.138634399146575,90.95979652630373,0.5522869565217391,5.5866169929504395,2.0654053688049316,297,0.006314752336629231,0.013032746,Low,Low
516,10,26.517502763013365,93.58325747085861,0.7918913043478262,5.27836799621582,17.095102310180664,305,0.31058545062807025,0.13214192,Low,Medium
132,10,27.88037453961711,95.71447499662835,0.7087,8.840816497802734,1.8543341159820557,307,0.08754512617386895,0.09948235,Low,Low
50,40,26.592344888814928,90.81190240364366,0.5796608695652175,6.140758037567139,3.2434637546539307,276,1.6490788514484307e-05,0.0061904374,Low,Low
51,10,24.492638468125293,92.47926586422723,0.7344608695652174,10.453795433044434,2.7539756298065186,288,0.483534039125101,0.31940374,Medium,High
89,40,27.06869899939663,93.93013596279519,0.49457826086956524,7.200100421905518,2.1264286041259766,261,5.634232869954597e-05,0.004779675,Low,Low
43,40,26.012297386238743,90.56649002045077,0.5378913043478262,6.555331230163574,3.460258722305298,270,1.6490788514484307e-05,0.007378845,Low,Low
33,40,26.20247837997761,89.72104751853522,0.6006304347826087,7.478810787200928,1.388543963432312,270,0.02002963737488324,0.0068826955,Low,Low
177,10,26.09314913178382,93.71397442092703,0.8222391304347827,6.363288879394531,4.822109699249268,276,0.17382671599236818,0.14569362,Low,Low
20,40,24.60142571473263,92.45388304845484,0.437904347826087,9.907974243164062,0.9274099469184875,280,0.0622783292614242,0.030130737,Low,Low
90,40,26.825555762007188,93.13564153456836,0.4611217391304348,5.551051616668701,3.249553918838501,267,0.0017265932247568939,0.014146566,Low,Low
80,60,26.7966959436239,93.67995365489516,0.5181782608695652,5.636923789978027,0.9274099469184875,254,0.009272737064447657,0.021685824,Low,Low
95,40,27.356292531795958,94.24790831159706,0.5733478260869566,7.297020435333252,2.127747058868408,259,5.634232869954597e-05,0.004434668,Low,Low
95,40,27.323120844297026,94.22504370271156,0.23136521739130436,7.416236877441406,2.087008237838745,291,0.006937637210302571,0.0047239596,Low,Low
90,10,26.16243744289379,92.01991645535054,0.6356086956521739,4.998971462249756,29.605918884277344,297,0.9736642745894815,0.9795777,Very High,Very High
90,40,26.954569112600364,93.69915446571638,0.5425739130434784,6.596002578735352,2.1259119510650635,248,0.002284941085275347,0.0047640656,Low,Low
903,10,26.207099154262462,93.50291261972562,0.8228608695652174,5.558996200561523,9.223299980163574,355,0.3697205489722559,0.47449327,High,Medium
92,10,27.169309062408686,94.02476753078886,0.6240260869565217,8.322800636291504,1.3951071500778198,250,0.027817153338283898,0.041068107,Low,Low
462,10,26.126488366041897,93.29215956575567,0.7172782608695653,5.086512565612793,8.073587417602539,349,0.7289276844347822,0.85520995,Very High,Very High
91,40,26.86267746738578,94.44303031485735,0.5870608695652174,6.536430835723877,2.078451156616211,310,0.025971375655752794,0.013780718,Low,Low
22,40,24.970686254790753,92.45281704367416,0.48460000000000003,10.28116512298584,4.085573196411133,253,0.1816153949234054,0.113878585,Low,Low
73,40,26.77914174309732,93.37007518065921,0.5044739130434783,5.2022318840026855,2.0769195556640625,267,5.634232869954597e-05,0.008653393,Low,Low
123,30,27.812557036234107,95.48688341809371,0.6429782608695652,9.024805068969727,2.797680616378784,305,0.04375458764532305,0.05076702,Low,Low
71,10,26.46533543722154,92.93448084018861,0.7336565217391304,5.175045490264893,2.1237375736236572,276,0.11793540521327918,0.083014525,Low,Low
253,10,25.392275920313878,93.11523168094018,0.7547739130434783,6.599902153015137,21.00176239013672,286,0.7522427411487204,0.7553323,Very High,Very High
46,10,26.140623749356507,91.18116240898341,0.3805521739130435,5.132481098175049,2.2637715339660645,289,0.05204133714916126,0.0323957,Low,Low
84,40,27.017832773969676,94.13407357338755,0.5858217391304348,7.149169921875,2.081308126449585,293,0.0014940731070807753,0.007205025,Low,Low
69,10,24.332136432424004,92.41977308952974,0.7063608695652175,10.25502872467041,2.236006021499634,282,0.5921670572745606,0.41618508,High,High
716,10,25.75828764899731,92.5239433902025,0.7810608695652175,6.014955043792725,19.966867446899414,288,0.5782399165442945,0.35641643,Medium,High
44,40,26.12645858556316,91.13694534367863,0.535995652173913,5.317187786102295,0.0,275,0.0007501952763491149,0.0086534135,Low,Low
154,10,25.917233139325713,91.20253833076139,0.719213043478261,5.637803077697754,19.416629791259766,275,0.9154862325475047,0.917225,Very High,Very High
145,10,24.48335203448623,92.50155185965733,0.7543608695652174,10.823230743408203,8.819393157958984,271,0.4775045660738256,0.3497357,Medium,High
39,40,26.262454102923016,90.20852710244664,0.5257217391304349,7.244609355926514,2.0676023960113525,295,0.006427764356040377,0.008411757,Low,Low
50,40,26.36032834922121,91.4576283255384,0.5254652173913044,4.562424659729004,0.0,291,0.028491575878098453,0.021390323,Low,Low
129,40,26.11137939315182,93.9492942097662,0.6287869565217391,6.654751777648926,1.3879437446594238,266,0.014802012532992933,0.015317045,Low,Low
59,40,26.503011291445123,92.10955468889237,0.5336869565217391,4.881619453430176,2.123900890350342,290,0.008181623932578664,0.024487717,Low,Low
87,40,26.84232775161832,93.3901090055609,0.5684478260869565,5.393161773681641,1.3928461074829102,275,1.6490788514484307e-05,0.007295135,Low,Low
152,10,27.546658042117272,95.83754808436156,0.6617260869565217,6.98750638961792,2.287315607070923,299,0.06989246817319099,0.052871004,Low,Low
99,40,27.263734837800534,94.77523469464532,0.5689782608695653,6.57075834274292,1.8543341159820557,263,0.002840892603044794,0.00486578,Low,Low
194,10,26.05914128694507,91.64138937367859,0.7395347826086958,4.2621169090271,9.250961303710938,309,0.3554177058411336,0.29780298,Medium,Medium
126,10,26.543417707880387,93.72015706653943,0.7025826086956523,5.86409854888916,17.984554290771484,256,0.8599279633425313,0.80792207,Very High,Very High
44,40,26.4274370380045,91.230254023128,0.5709434782608697,4.854238510131836,2.1235709190368652,284,0.03201228830443256,0.023916293,Low,Low
182,10,26.733732947414836,90.05053578796503,0.7743,6.585837364196777,2.1249232292175293,288,0.1715557204008765,0.08395447,Low,Low
659,10,25.905016894826307,92.304370599962,0.77,5.721282482147217,21.746051788330078,300,0.7127118479962021,0.63842535,High,Very High
71,10,25.87084943302189,91.15056780674807,0.6262695652173913,6.313337326049805,2.2594501972198486,284,0.05794412252983958,0.060201667,Low,Low
155,10,26.873272513288864,92.32891787886754,0.6028391304347827,5.529191493988037,2.967745304107666,298,0.14823632419572771,0.1470878,Low,Low
65,40,26.243687218161313,92.58075397177072,0.5652695652173914,4.68540620803833,4.129164695739746,326,0.07159164176418799,0.05580193,Low,Low
73,40,26.619578130031783,92.7581712556799,0.4025782608695652,4.8015217781066895,4.536067485809326,305,0.04918317741434896,0.048347205,Low,Low
108,40,27.626959890557796,94.95560952753554,0.49434782608695654,6.316873550415039,1.0467300415039062,273,0.002801041062859733,0.006511876,Low,Low
86,40,26.74484311978755,92.50723459430782,0.4969565217391304,5.746335983276367,3.621354579925537,301,0.005479754119963264,0.028501995,Low,Low
64,40,26.488958530449096,92.55105647156665,0.4440217391304348,4.957390785217285,1.3904507160186768,255,0.007894883972297982,0.015380622,Low,Low
530,10,26.3964191868089,93.10800127301349,0.7680739130434784,4.7933549880981445,9.061731338500977,320,0.22063854050774342,0.04882348,Low,Medium
59,40,26.525172444895663,92.21749614987755,0.5244304347826088,5.015714168548584,1.3906952142715454,295,0.0058161693732333075,0.015647806,Low,Low
28,10,26.07493637608167,89.8384742998049,0.4415521739130435,7.0625901222229,2.1220450401306152,290,0.057353146805085395,0.01937472,Low,Low
104,10,27.333221760661807,94.5129098575549,0.6897652173913044,6.740681171417236,4.742668151855469,278,0.07921870555983315,0.0729698,Low,Low
32,40,24.885364396416108,93.09042550618719,0.6638347826086958,9.984757423400879,1.3801615238189697,308,0.21097255096992967,0.095021255,Low,Medium
73,10,26.43796904906427,92.87294824349452,0.5856173913043479,5.226619243621826,1.8543341159820557,297,0.031197885915993585,0.053369306,Low,Low
103,10,26.880966698444716,93.37151249059954,0.5934913043478262,5.489648818969727,2.967771291732788,269,0.02536506502715163,0.026262911,Low,Low
83,10,26.742179584899738,93.23466240804349,0.6106478260869566,5.577597141265869,0.0,281,0.07574706268506279,0.068539366,Low,Low
915,10,26.23364225391541,93.45228625593897,0.831408695652174,5.540348052978516,6.76770544052124,339,0.15949649853400716,0.10562745,Low,Low
86,10,26.20964684921922,92.9560375888504,0.6474130434782609,5.127501010894775,0.0,310,0.1312154551520635,0.13063681,Low,Low
800,10,25.318470747662396,93.38070130735318,0.7053869565217391,5.738531112670898,23.313274383544922,329,0.8512978123087593,0.85697526,Very High,Very High
70,40,26.056454735995842,92.75187898659794,0.5187695652173914,5.386407375335693,0.0,332,0.07079414396734578,0.025890974,Low,Low
261,10,25.618124364820506,93.0902942703067,0.7594695652173913,4.534278392791748,20.403005599975586,317,0.3931702479829524,0.19219375,Low,Medium
179,10,26.104630989528687,92.48535251532381,0.7369869565217392,4.789031982421875,11.538559913635254,260,0.5163171158080171,0.414801,High,High
113,40,26.715596901830345,90.48993433353819,0.6053347826086958,6.196940898895264,1.3919819593429565,292,0.0012917097113165125,0.006649174,Low,Low
97,60,26.998620256750357,94.78420262032243,0.6728652173913043,6.984742641448975,2.9681499004364014,265,0.10410756953205787,0.023761727,Low,Low
109,10,25.74049223802304,92.92222955945675,0.6707173913043478,5.007548809051514,5.060929775238037,304,0.3332796671672267,0.43056798,High,Medium
29,40,24.591271403204633,92.34191916029751,0.5838565217391304,9.920167922973633,2.115962505340576,258,0.027863757595086566,0.020409156,Low,Low
955,10,25.76803186978065,92.24337258607567,0.7401869565217392,5.864162921905518,9.195145606994629,292,0.2597296018038149,0.17175905,Low,Medium
68,40,26.5693320493656,91.8928309957975,0.4922434782608696,4.766181468963623,3.8463807106018066,274,0.028042980108852412,0.05360397,Low,Low
92,10,26.673189648127718,92.15511679031584,0.5583260869565217,5.350921154022217,3.467289447784424,276,0.04772231714455417,0.058343183,Low,Low
151,10,24.25403833045659,92.24438284462069,0.7376304347826087,10.108785629272461,18.99059295654297,257,0.6333198212636351,0.5584073,High,High
102,80,27.516720925611164,94.82751591255101,-0.016934782608695655,6.45594596862793,0.0,266,0.00010797534640159413,0.0061638635,Low,Low
50,40,26.40337890161509,91.58519979000118,0.5206695652173913,5.080763339996338,1.3898779153823853,292,0.0002574301182189814,0.013486433,Low,Low
57,40,26.18313766415129,92.24735554337919,0.4149739130434783,4.816588401794434,2.0661919116973877,287,0.012546209259620512,0.014580072,Low,Low
68,40,26.560195619597042,90.31866385644692,0.5562391304347827,6.838641166687012,1.8543341159820557,248,5.634232869954597e-05,0.004618093,Low,Low
103,10,27.203438908988684,94.77902360645882,0.6488826086956522,6.6527299880981445,1.3953436613082886,256,0.002085669723094637,0.021726849,Low,Low
1085,10,25.182050405073017,92.90956899902693,0.7747608695652174,7.975239276885986,2.2487123012542725,319,0.3647105612395666,0.26650962,Medium,Medium
41,40,26.277038786503436,90.23627457792517,0.5363869565217392,7.244609355926514,0.9274099469184875,277,0.003674329801390969,0.006568974,Low,Low
80,10,26.455938102227474,92.93972438590107,0.6779434782608696,5.175045490264893,2.2688982486724854,281,0.07388338791455204,0.07688334,Low,Low
68,40,26.617200301048864,90.78430558666314,0.6719217391304348,6.153059482574463,3.8464972972869873,287,0.036670812040510925,0.017917722,Low,Low
54,10,26.492127782426593,90.29456372465815,0.6254434782608697,7.141316890716553,1.3904731273651123,252,0.011997334564071038,0.025860019,Low,Low
74,40,26.00967778231296,92.82859537383058,0.4472652173913043,5.570953369140625,3.4602298736572266,282,0.003997629019302049,0.026552184,Low,Low
268,10,25.69228357142799,93.40483412579256,0.7984869565217392,5.106140613555908,15.862385749816895,331,0.16879460023187476,0.14594598,Low,Low
60,40,26.521242733054386,92.25423373412778,0.5343434782608696,5.187835693359375,1.390667200088501,275,1.6490788514484307e-05,0.010071828,Low,Low
42,40,26.35535111544576,90.26377987484881,0.5472913043478261,7.045294284820557,1.3895573616027832,284,0.00017615483480759058,0.0062001697,Low,Low
66,40,26.668726120616277,92.9854549985778,0.5617434782608697,5.412974834442139,3.2454445362091064,260,5.634232869954597e-05,0.011276664,Low,Low
34,10,24.738817814968666,92.46116930380781,0.6318043478260871,9.91019058227539,2.7802884578704834,248,0.19376707428674125,0.112534225,Low,Low
126,40,27.502786470710877,95.40025041078529,0.6499217391304348,6.877674102783203,2.090397834777832,257,0.004651517858619794,0.007379306,Low,Low
87,40,26.847721622788157,94.35056633588994,0.4290913043478261,6.223923683166504,0.0,277,0.008365156668176233,0.0047691436,Low,Low
64,40,26.550943549417564,92.12053962029688,0.4703478260869565,4.945591449737549,3.465965747833252,288,0.019828172864253604,0.031399872,Low,Low
325,10,26.34735808034067,90.3238778485791,0.7379782608695652,6.962841987609863,8.538372993469238,288,0.49112081419251025,0.3905926,Medium,High
24,40,24.839461331098125,92.99645991664848,0.4591608695652174,10.75383472442627,1.0219354629516602,280,0.31972680027664246,0.338041,Medium,Medium
452,10,26.572681223919883,93.35396612287076,0.7804652173913044,5.177553176879883,18.681346893310547,281,0.542912423643357,0.46402162,High,High
85,60,27.06433655129857,94.14939313942882,0.26123913043478264,7.833983421325684,2.126408576965332,283,0.010280626878817627,0.021362536,Low,Low
80,10,26.802138646997363,92.99808774886453,0.6728782608695653,5.598343372344971,1.3925706148147583,263,0.0514239086912312,0.042780135,Low,Low
40,60,26.17163494903848,90.58872779743233,0.42679130434782614,6.835233688354492,2.2642691135406494,305,0.05134750878509908,0.017939745,Low,Low
111,40,27.72291714054803,95.0738621158126,0.6746608695652174,7.213442325592041,0.0,268,0.0036149044915701266,0.0060925647,Low,Low
37,40,26.070466819783583,90.45845307298154,0.5561913043478262,7.111531734466553,4.518237590789795,274,0.0133371960027338,0.015114536,Low,Low
136,10,26.908016735743015,93.30614172150857,0.8275826086956523,5.617402076721191,6.353860855102539,275,0.29920254435286786,0.15838245,Low,Medium
420,10,26.562201392522788,93.46757662472622,0.7917130434782609,5.464870929718018,12.768898010253906,295,0.2978457762234038,0.10421108,Low,Medium
38,40,26.171032652057765,90.9945064036641,0.5359869565217391,5.457101345062256,1.3883367776870728,251,0.017405318903080634,0.011665066,Low,Low
68,40,24.32426214365592,92.3640575282084,0.6773695652173913,9.957619667053223,8.528507232666016,275,0.32664695054520426,0.21995465,Medium,Medium
96,10,26.595441051715298,93.74295935951804,0.7570304347826088,5.901209354400635,1.3911670446395874,248,0.06080303681622901,0.033452943,Low,Low
45,40,26.074683403346054,91.28181115678605,0.513,5.104899883270264,0.9274099469184875,270,0.0001926456233220749,0.0090216305,Low,Low
84,40,26.7574761929668,94.12230705175554,0.4774739130434783,6.160747051239014,2.9673755168914795,300,0.0025676522156512023,0.008606674,Low,Low
86,40,26.984824767967144,94.24881114690923,0.5740086956521739,7.2581892013549805,0.9274099469184875,285,0.003395322850985713,0.0066314028,Low,Low
121,30,25.98866681414184,93.2349816905558,0.6912869565217391,5.005937099456787,2.7726552486419678,262,0.09286903302559521,0.040132254,Low,Low
103,40,26.913895594351228,94.85282028650754,0.571608695652174,7.368976593017578,2.1257290840148926,266,5.634232869954597e-05,0.0042252853,Low,Low
215,10,25.828483832010033,93.5195610115924,0.6598565217391305,5.455253601074219,6.545079708099365,296,0.49222343945150754,0.47114506,High,High
41,40,26.33213831021493,91.29131456714599,0.5377086956521739,4.91748046875,1.8543341159820557,285,0.00318318140499001,0.01445537,Low,Low
116,10,27.48917867757452,95.07649518744398,0.6384565217391305,6.7950215339660645,1.397356629371643,279,0.014640518682759673,0.03216232,Low,Low
462,10,25.181713655411393,93.07951407336559,0.696908695652174,7.909976959228516,16.145755767822266,328,0.9710569150823654,0.97061676,Very High,Very High
39,40,26.253674929029952,90.89948344550513,0.508295652173913,5.686260223388672,2.122814178466797,297,0.006427764356040377,0.01647278,Low,Low
174,10,26.361164610451013,93.12812092751798,0.7589130434782609,4.7933549880981445,12.091670989990234,298,0.546565220986647,0.4172071,High,High
69,10,26.524655614137416,91.94432947603228,0.5760086956521739,4.671170711517334,1.3906915187835693,314,0.12716802571888725,0.1264858,Low,Low
52,40,26.446518709477584,91.5711413288834,0.4755086956521739,5.080763339996338,1.3901677131652832,282,1.6490788514484307e-05,0.012054467,Low,Low
605,10,26.386335523986144,93.34177475514478,0.7781652173913043,5.294604778289795,26.185754776000977,332,0.5606582580018634,0.59647197,High,High
106,40,27.309921945724188,94.9684973160739,0.6830347826086958,6.492395877838135,2.2832272052764893,264,0.0014900441506911616,0.006968156,Low,Low
331,10,25.799000835667087,93.23770176961659,0.7811869565217392,4.061557292938232,18.625686645507812,368,0.5139685739695837,0.48332673,High,High
292,10,25.31234810101846,92.91916751305223,0.7962391304347827,7.23089599609375,27.521886825561523,324,0.5106314613222392,0.561244,High,High
60,40,26.334758397864828,92.42357067076816,0.5021,4.847479820251465,1.0347820520401,298,0.01737540923550186,0.03268317,Low,Low
140,10,26.775517915164183,91.90015399854724,0.7509260869565217,4.812911510467529,2.1251089572906494,279,0.1975619391811243,0.09521745,Low,Low
104,10,26.79007695539383,94.46376069422267,0.5422956521739131,6.600009918212891,2.1251747608184814,281,0.02315578951440559,0.025318788,Low,Low
97,40,25.816565178498706,92.97374527039025,0.5847,4.773516654968262,2.7802884578704834,292,0.04197951414184158,0.033989325,Low,Low
29,10,24.71449284443195,92.98652998455518,0.6570652173913043,10.293100357055664,1.3791199922561646,269,0.23535271009269773,0.20976269,Medium,Medium
51,40,26.03166121553751,91.41264186791649,0.5339608695652174,4.782754898071289,1.3874210119247437,295,0.010515394806116185,0.017242018,Low,Low
121,40,26.761238008581262,91.45130461183372,0.5978608695652174,5.345882892608643,1.392293930053711,251,0.006240220034934527,0.007428802,Low,Low
55,10,24.561031954608655,92.69408422895577,0.8121565217391304,10.864320755004883,10.452842712402344,268,0.4684303127339453,0.31322283,Medium,High
237,10,26.838311641739104,90.3115873006448,0.747295652173913,5.297760009765625,7.3788604736328125,258,0.2591943845603203,0.11823722,Low,Medium
170,10,25.065153616866297,92.49468463541469,0.7801478260869565,9.962632179260254,27.67852020263672,284,0.7843114969075173,0.8392744,Very High,Very High
117,80,27.58976962787967,95.04992959575061,0.1507391304347826,6.731362819671631,4.848447322845459,297,0.022185118870047735,0.07549602,Low,Low
68,10,26.51832160346124,90.56911573664755,0.6144260869565217,6.594480037689209,2.0721843242645264,276,0.04089282658884241,0.034777746,Low,Low
28,40,24.910352453284517,92.90457775816503,0.5948130434782609,10.712076187133789,3.201688289642334,283,0.14828702626680235,0.15037744,Low,Low
96,10,26.618973631855717,93.71476011607122,0.7372130434782609,6.040878772735596,4.167440891265869,254,0.08262257144068991,0.02830512,Low,Low
113,10,25.75797423980746,92.82648851082854,0.7074826086956523,5.526105880737305,1.8543341159820557,266,0.07025448719747894,0.049353447,Low,Low
43,40,26.14141617218806,90.83262707998861,0.5071652173913044,6.24939489364624,1.3881410360336304,297,0.0004335849530265719,0.007098323,Low,Low
62,40,26.518606034150544,92.3112622133644,0.40112608695652174,5.206994533538818,2.1239705085754395,284,0.002012962660649822,0.009677617,Low,Low
56,10,26.091294812052308,91.47532793152641,0.5274695652173913,4.042051792144775,2.12211537361145,266,0.22350483725139597,0.11606284,Low,Medium
69,10,24.90235256359819,93.16958542821914,0.7898434782608696,8.96602725982666,24.910921096801758,317,0.6848160019430105,0.7371368,Very High,High
64,10,26.506739381676557,90.50814509142357,0.589995652173913,6.701885223388672,2.123918056488037,271,0.014217753398666749,0.018522386,Low,Low
78,80,26.781939831485836,93.54721500286597,0.33156521739130435,5.374164581298828,2.967453718185425,275,0.005196841222165767,0.01332755,Low,Low
53,10,26.32712384488246,89.96143294948261,0.6369956521739131,7.15976095199585,2.266791820526123,306,0.06770374533403059,0.042671096,Low,Low
34,10,24.669420474657677,92.647400434058,0.5957086956521739,10.300514221191406,5.0536909103393555,284,0.37858550268779106,0.43457165,High,Medium
23,40,24.82118711070396,92.37047180106944,0.5254521739130436,10.122269630432129,2.0429189205169678,264,0.12738206660366463,0.12306395,Low,Low
411,10,25.951208305359003,92.4803209605307,0.7318391304347827,5.294440269470215,2.9648659229278564,329,0.44501447327281834,0.41508222,High,High
104,80,27.308875182232825,94.62182601062122,0.03653684210526316,6.508051872253418,2.0867366790771484,280,0.00010797534640159413,0.008893344,Low,Low
33,10,24.857253677158024,93.04533344719799,0.6673869565217392,10.75485897064209,1.3799915313720703,282,0.4609355786751534,0.45686838,High,High
114,10,27.589421638445444,94.60286780813937,0.6118173913043479,6.705240249633789,2.0920462608337402,277,0.018223203995263476,0.03652305,Low,Low
103,40,27.13854348844899,93.8748946607717,0.5406695652173913,7.379115581512451,1.3948923349380493,238,0.006181394395159489,0.0066783256,Low,Low
104,10,26.753605797353,91.32541329002602,0.6783304347826087,5.2015180587768555,1.8543341159820557,268,0.043764511048984316,0.03377897,Low,Low
308,10,26.025656967707594,93.34457987876004,0.7275434782608696,5.238292217254639,0.0,319,0.4947381564135717,0.5022801,High,High
42,10,26.3059038105073,90.24364038072109,0.5121478260869565,7.197936058044434,5.241002559661865,276,0.10918103399263965,0.086418055,Low,Low
75,40,26.727874701026,91.31916443595524,0.5742347826086958,5.411023139953613,4.243965148925781,274,0.0036540413825868175,0.02213064,Low,Low
465,10,26.191893748525036,91.93476471312655,0.6812,4.411823272705078,14.223729133605957,323,0.5727063865086028,0.43859112,High,High
100,40,26.74809637974465,92.21165229438277,0.4283565217391304,5.630153656005859,4.987584114074707,301,0.07860469786976228,0.04881142,Low,Low
96,10,26.85809696380728,94.59972120685555,0.5744565217391304,6.346791744232178,3.624014139175415,289,0.03725626072986179,0.04616479,Low,Low
176,10,25.768583505523235,93.26148399868924,0.6537521739130435,4.248356819152832,8.508981704711914,300,0.5640559531861269,0.63041764,High,High
177,10,24.49267179505432,92.72932571335262,0.6887,10.5767822265625,16.27191925048828,280,0.7464841234554446,0.8305366,Very High,Very High
112,40,27.527736195865547,95.10232972506333,0.491404347826087,6.583608627319336,0.0,266,0.0017265932247568939,0.0052322107,Low,Low
92,10,26.677590093183525,92.0967017163502,0.6394826086956522,5.081718921661377,0.9274099469184875,268,0.10890965416469271,0.05721565,Low,Low
55,40,26.28228977086805,92.11410060415344,0.5490347826086958,5.0477800369262695,4.232664108276367,262,0.0056150815837138724,0.014438262,Low,Low
82,40,27.05087083004275,94.01360298110141,0.5750869565217391,7.713934898376465,1.3942828178405762,261,0.008121356878766556,0.009183384,Low,Low
356,10,26.00462735626999,91.68978017481861,0.7235478260869566,4.684324741363525,8.199323654174805,289,0.30594405472908065,0.16628718,Low,Medium
179,10,26.047672776498747,93.70051865254442,0.7868565217391305,6.359941005706787,6.7809953689575195,285,0.14462959477836235,0.101961255,Low,Low
34,10,24.756982795761374,92.70275130216602,0.6750260869565218,10.901204109191895,12.064064979553223,259,0.4589344237363691,0.63747543,High,High
92,40,27.089190644195785,94.55738201750768,0.6332478260869565,6.16401481628418,0.0,334,0.06289924820842367,0.028279172,Low,Low
76,40,26.191822481672798,93.01596467965462,0.5006391304347826,5.2095866203308105,0.0,279,0.003914542233656219,0.015084008,Low,Low
156,10,26.79013971330634,91.89884903546229,0.714313043478261,4.896313667297363,3.248627185821533,281,0.27919629130393453,0.16020928,Low,Medium
105,10,27.572715536738606,94.61691308518897,0.6246608695652174,6.705240249633789,0.0,273,0.01975184893290547,0.050789285,Low,Low
42,60,26.091400765308467,90.82668941127466,0.4859086956521739,6.144413948059082,2.12211537361145,297,0.03379130559557641,0.015071383,Low,Low
550,10,26.245761621197175,93.29253242784117,0.8055695652173913,5.0958123207092285,13.628070831298828,306,0.1662212827523674,0.08870302,Low,Low
82,10,26.926896098187555,93.76986749263038,0.5652086956521739,6.447597503662109,2.2767181396484375,259,0.025512124999184115,0.019355576,Low,Low
624,10,26.186304457119046,93.47125011493333,0.8113130434782609,5.4915080070495605,10.38559341430664,358,0.36755043015837724,0.25009078,Medium,Medium
104,40,27.444020046346445,94.45450160836239,0.4541739130434783,6.8643975257873535,2.1281521320343018,267,0.001686741684571832,0.0045282124,Low,Low
71,40,26.508762294490495,92.94155853516249,0.5636,5.052886009216309,1.0363458395004272,271,1.6490788514484307e-05,0.010515707,Low,Low
83,40,26.673469885436667,92.2214201520924,0.5177608695652174,5.5167131423950195,2.7802884578704834,281,0.005575230043528811,0.013259267,Low,Low
136,10,26.70887297307754,90.6349217443534,0.49209565217391305,5.467298984527588,3.8467209339141846,316,0.14157629263949445,0.2351325,Medium,Low
701,10,25.864550135671024,92.37904345769428,0.768595652173913,5.73064661026001,10.238667488098145,306,0.3166291697975863,0.3060306,Medium,Medium
126,10,26.67428824179347,90.26289037375058,0.7406086956521739,6.484507083892822,3.704791784286499,273,0.14060843787169558,0.08431933,Low,Low
93,10,27.34546562263021,94.49767737567443,0.6755913043478261,6.454059600830078,0.9274099469184875,303,0.023069288324972088,0.03397025,Low,Low
113,10,27.15044546372181,95.23711184313134,0.599395652173913,7.222339153289795,1.3949754238128662,259,0.0022500797100098286,0.014121431,Low,Low
107,10,26.440090351636414,93.91850107952182,0.7523130434782609,6.448414325714111,0.9274099469184875,288,0.03665537378439568,0.032906592,Low,Low
84,10,25.854820481929167,91.3607515303838,0.7396521739130435,6.048490047454834,17.466636657714844,281,0.7172886984277449,0.537472,High,Very High
80,80,26.835657352977574,93.92251772087495,0.2178913043478261,6.2964253425598145,1.0393202304840088,280,0.003198685427699914,0.011386206,Low,Low
53,40,26.46155543336636,90.4408510524267,0.5683565217391304,6.904965877532959,2.9664406776428223,280,1.6490788514484307e-05,0.005243707,Low,Low
66,10,26.59128398205315,90.72174995440828,0.6508782608695652,6.031641006469727,3.617766857147217,281,0.11067753900730551,0.058012947,Low,Low
35,10,24.546494671179577,92.88142013168476,0.6403130434782609,10.55152702331543,3.056020975112915,259,0.17189046225840393,0.16050425,Low,Low
93,40,26.2182841809839,93.14875521238685,0.45310869565217393,5.324800491333008,3.0985474586486816,273,0.005020075017905166,0.009464406,Low,Low
84,40,26.988401678401587,93.79568764365555,0.595004347826087,6.827000617980957,0.9274099469184875,233,0.008724584527980977,0.009123797,Low,Low
42,40,26.39386475101483,90.27432916112127,0.5185217391304349,7.045294284820557,3.4642834663391113,253,3.985154018506167e-05,0.007793696,Low,Low
89,40,27.235841874049978,94.42448539452859,0.5283826086956522,6.846043109893799,0.9274099469184875,299,0.0015942057923440532,0.0074344296,Low,Low
742,10,25.538197431660947,92.65084023081519,0.7727,6.361863136291504,3.704791784286499,293,0.1415868948720022,0.07985607,Low,Low
78,40,26.663073720066,91.7081966540689,0.5897217391304348,4.954685211181641,2.781611204147339,296,0.025754446501540913,0.02340059,Low,Low
82,40,26.939244265552716,93.77920035751657,0.5425217391304348,6.447597503662109,3.1180737018585205,261,0.005735262061906379,0.007485433,Low,Low
182,10,25.948934363443026,93.22257217173623,0.7249652173913044,4.688974380493164,7.182497501373291,300,0.2791860171469867,0.29703578,Medium,Medium
73,60,25.908061497623606,92.85284759729306,0.45987826086956524,5.244869709014893,1.0310112237930298,301,0.04045907748308947,0.04627016,Low,Low
75,60,26.692606695595057,92.62924495345057,0.3335739130434783,5.313086986541748,0.0,315,0.082474925303838,0.036959298,Low,Low
18,40,24.968188812889252,92.52405156318592,0.38017727272727275,10.283059120178223,2.7597384452819824,275,0.12958958416176827,0.067701764,Low,Low
98,10,27.39314712344895,94.62877730505647,0.5587478260869565,6.5663676261901855,4.844855785369873,268,0.04015198934194713,0.05642407,Low,Low
262,10,25.657365599383493,93.14145421418836,0.7633304347826088,4.000041484832764,21.502613067626953,337,0.40065564672178283,0.2496875,Medium,High
20,40,24.886027563138697,92.53051585326222,0.43766818181818185,10.62091064453125,1.3801649808883667,276,0.22399965927509277,0.14638655,Low,Medium
83,40,26.80806765920715,93.50217979343581,0.5693347826086957,5.519869804382324,1.392612338066101,268,0.0042851876312919755,0.009975293,Low,Low
25,40,24.823834508960473,92.96292516271475,0.5520782608695652,10.75383472442627,0.9274099469184875,270,0.30607338254062594,0.27421746,Medium,Medium
219,10,25.862997963821503,93.36596886001773,0.6538391304347826,5.14182710647583,8.232141494750977,293,0.5664582370619233,0.55886436,High,High
45,60,26.452972600713572,90.78593957073788,0.5442434782608696,6.219399452209473,5.24744176864624,284,0.06739590118289078,0.07417253,Low,Low
213,10,25.71438426179013,92.80058661980405,0.7459478260869565,5.638261318206787,7.399580001831055,274,0.2983830699326542,0.30015674,Medium,Medium
21,40,24.90098500969955,92.68577216409528,0.49460434782608703,10.269730567932129,4.083279132843018,295,0.26273867304089366,0.17567642,Low,Medium
63,40,26.073414808845616,92.77640289573445,0.49473478260869574,5.386407375335693,2.064253807067871,307,0.004765854614164816,0.015237964,Low,Low
137,40,27.681617929085995,95.75134119748269,0.5539173913043478,7.706359386444092,0.0,297,0.032895831617243874,0.022284554,Low,Low
107,10,26.65783670654367,90.79300416173878,0.7753,5.935243606567383,2.124584913253784,293,0.04281815028047031,0.027367882,Low,Low
44,40,26.42486733704004,91.31840883759052,0.4815913043478261,4.742511749267578,2.966325044631958,298,0.01139059776850682,0.02181533,Low,Low
100,10,26.990737473934804,94.78277862506033,0.6128913043478261,6.984742641448975,7.247122764587402,253,0.27150723294006524,0.1405489,Low,Medium
498,10,25.944427316134586,92.3841003824896,0.732004347826087,5.577810287475586,15.299947738647461,316,0.7570626890800889,0.7797664,Very High,Very High
99,40,26.816761418272907,94.60721931069112,0.4648260869565217,6.6024088859558105,1.392673134803772,284,0.0002574301182189814,0.008213441,Low,Low
515,10,25.925373138061186,92.34699163232993,0.6944695652173913,5.721282482147217,1.386727213859558,312,0.35677542150604946,0.33212504,Medium,Medium
536,10,26.16412205169094,92.89439471257091,0.7114782608695652,4.702877044677734,13.313268661499023,323,0.4774568615554283,0.21139453,Medium,High
109,40,27.41904411471295,94.99752969939203,0.6263608695652174,6.7071380615234375,0.9274099469184875,252,0.004253237552361036,0.009493221,Low,Low
105,40,27.558883334593006,94.81511385670176,0.5656478260869565,6.495931148529053,0.9274099469184875,272,1.6490788514484307e-05,0.0058933785,Low,Low
99,10,25.76510710778038,92.8229235253501,0.7519043478260871,5.526105880737305,1.3856898546218872,277,0.08291539830965944,0.09966976,Low,Low
386,10,26.10541514443632,92.43407210847296,0.7608304347826087,4.86875581741333,26.413129806518555,302,0.6985485382836496,0.7879865,Very High,High
64,40,26.463221026883417,92.58252541235748,0.4340913043478261,4.957390785217285,0.0,289,0.026948558099010037,0.021098822,Low,Low
62,40,26.484747582540084,92.19475011613402,0.5421913043478261,4.748172760009766,0.9274099469184875,290,0.013746942076872468,0.028968912,Low,Low
68,10,26.215028426092623,91.86710744296764,0.5088695652173914,4.227093696594238,16.133831024169922,281,0.9696834790038362,0.9716219,Very High,Very High
414,10,26.459351784957253,93.51688384299158,0.8171521739130435,5.539882183074951,14.383418083190918,310,0.17911133144782918,0.20276381,Medium,Low
95,40,26.824777441700263,93.13446541893461,0.4614130434782609,5.551051616668701,4.171615123748779,283,0.009185308418302859,0.027735557,Low,Low
545,10,26.869271266134753,91.46881183812732,0.799504347826087,4.0832061767578125,25.013179779052734,298,0.24763886367311258,0.09421551,Low,Medium
107,40,27.60918536445521,94.81721659447993,0.5981304347826087,6.817759037017822,0.0,263,0.00017176314407577818,0.005568573,Low,Low
761,10,25.281894273803402,93.31243021971268,0.6782652173913043,6.155728340148926,31.55616569519043,330,0.8310049570820759,0.85594547,Very High,Very High
114,10,27.377753408757773,94.96203958249968,0.751195652173913,6.717748165130615,4.170535087585449,253,0.06621185620655555,0.03631308,Low,Low
30,40,24.75876384562897,92.95533600587041,0.5608521739130435,10.440208435058594,3.842221736907959,308,0.2674794212977484,0.20579597,Medium,Medium
56,30,24.730782053420153,92.29638661117764,0.697204347826087,9.997909545898438,21.3795223236084,261,0.8698666636158937,0.80882907,Very High,Very High
282,10,26.3109471006363,92.88385768885112,0.7809391304347827,4.95063591003418,12.54360580444336,305,0.36064423593639994,0.27148497,Medium,Medium
97,40,27.32618234884487,95.12213238021057,0.5228391304347826,6.8118815422058105,3.6352009773254395,224,0.007736052634282814,0.014437577,Low,Low
25,40,25.61057779412279,89.93069320271556,0.4894391304347826,7.1046857833862305,2.767782688140869,265,0.0071419063932629786,0.006293724,Low,Low
75,40,26.864818440417586,93.63705643455994,0.5690217391304349,5.797904014587402,1.3930002450942993,267,0.002840892603044794,0.009105399,Low,Low
369,10,25.643741060221775,93.2200482678477,0.7458086956521739,4.231325149536133,12.88413143157959,339,0.33532518706783726,0.14794278,Low,Medium
109,40,27.40244303749831,95.1114226172309,0.6168608695652175,6.85582160949707,2.0884997844696045,256,0.00013191160389071653,0.007308377,Low,Low
692,30,25.676303547958018,92.67717814788512,0.7376260869565218,5.805843830108643,8.887825012207031,319,0.3281920104813977,0.28085276,Medium,Medium
62,40,26.724757194691403,91.08053786933397,0.7133913043478262,5.431694984436035,0.0,256,0.033570467311780774,0.01860985,Low,Low
197,10,25.680344487612032,92.8372623179898,0.7401695652173913,5.598331451416016,6.741532802581787,280,0.27792998693943527,0.26291126,Medium,Medium
40,10,26.239365512273302,90.14842947478662,0.5466347826086957,7.725569248199463,4.159855842590332,298,0.07861860157298294,0.06894185,Low,Low
51,30,26.186095409041926,90.08098451517165,0.6117782608695652,7.717043399810791,6.188573837280273,289,0.18178419454071199,0.1982691,Low,Low
51,10,24.670525468459793,92.80526932625733,0.7154782608695652,10.825712203979492,10.461194038391113,269,0.4863851345243404,0.2968859,Medium,High
40,40,26.290400045374202,91.17624744583452,0.5160869565217391,4.919368743896484,2.068096876144409,279,0.00497797666250416,0.015824858,Low,Low
151,10,26.708457360623104,90.00365023740007,0.7963826086956522,6.747808933258057,5.177215576171875,255,0.25938664455070626,0.12136656,Low,Medium
321,10,25.287150557230376,93.03772757163847,0.7902739130434784,7.604825973510742,4.808834552764893,321,0.2862265893385015,0.23822922,Medium,Medium
48,10,26.031480511653573,90.72282650135803,0.7254304347826087,6.777894020080566,2.1218597888946533,280,0.08212481240210606,0.037605945,Low,Low
109,10,27.003658604802233,94.93583027642397,0.6754608695652174,7.106823921203613,2.0810461044311523,265,0.010305234102117597,0.017120171,Low,Low
46,40,26.48658280160643,91.33079668904571,0.5846652173913043,4.8299078941345215,1.3904340267181396,271,0.020545322804596564,0.013866914,Low,Low
104,40,27.504696507803487,94.34325548697547,0.5406434782608697,6.721839904785156,3.476525068283081,271,0.004464123500135718,0.0098701995,Low,Low
246,10,25.032310851377982,93.08059916062975,0.832804347826087,9.112756729125977,24.797157287597656,328,0.37646288680251155,0.45248342,High,Medium
48,40,26.41314253056351,90.63848269940532,0.6218913043478261,6.302125930786133,4.135190963745117,275,0.0332027547918782,0.019641558,Low,Low
69,10,26.648487140838775,90.89081472976673,0.7400260869565217,5.861527442932129,4.243259906768799,293,0.19513046523616256,0.08290214,Low,Low
182,10,25.915279748891102,91.31807479505751,0.731313043478261,5.296744346618652,22.424835205078125,285,0.9353857465600854,0.9190143,Very High,Very High
45,10,26.041880216849645,90.83581093175106,0.4437347826086957,6.088620662689209,4.5173234939575195,311,0.1483980929363111,0.06778529,Low,Low
124,40,27.77933674631505,95.11412770823581,0.5467565217391305,7.098469257354736,2.1297245025634766,262,5.634232869954597e-05,0.004904263,Low,Low
62,10,24.750601260465654,92.52731613362326,0.7008304347826088,10.149231910705566,14.068467140197754,259,0.7356346724346826,0.78483605,Very High,Very High
78,60,26.720953112544656,93.20429111152644,0.5200652173913043,5.577597141265869,2.1248650550842285,260,0.003481160219919989,0.019434659,Low,Low
268,10,25.71209562073793,93.06616609607593,0.7657434782608696,4.226676940917969,4.235222339630127,296,0.24660246844318096,0.102401,Low,Medium
67,40,26.56043846460093,90.40872296081075,0.5860826086956522,6.645314693450928,2.1241538524627686,268,5.634232869954597e-05,0.0059610712,Low,Low
42,60,26.27052718098434,90.97388690023868,0.4126608695652174,5.217493057250977,1.0342096090316772,259,0.012060822654101962,0.012939157,Low,Low
150,10,27.429046720919136,95.69171791115176,0.6238304347826087,6.556138038635254,0.9274099469184875,301,0.09565338683568168,0.094694234,Low,Low
745,10,25.259582346457623,93.38958101886364,0.8011652173913043,5.888121604919434,11.96098804473877,325,0.2129077195142008,0.13790318,Low,Medium
1009,10,25.2677561891593,93.41253775066284,0.8261913043478261,5.928534507751465,7.5238823890686035,295,0.21234656773800895,0.08184325,Low,Medium
100,40,27.490122800095353,94.68423461223183,0.5762173913043478,6.574085235595703,2.128366708755493,277,1.6490788514484307e-05,0.0060505527,Low,Low
76,10,26.60252653908258,91.69468215504804,0.556995652173913,5.006484031677246,0.9274099469184875,303,0.06657332104739469,0.10962377,Low,Low
91,60,26.627794459019444,90.07519144804198,0.6763521739130435,7.254060745239258,3.2443809509277344,271,0.12947965270582124,0.02893835,Low,Low
67,60,26.582733232380043,91.90378385468048,0.5031347826086957,4.667984485626221,3.4663100242614746,270,0.055036425563958054,0.13046363,Low,Low
57,10,24.940729442774025,93.08806208123642,0.7101608695652174,9.874692916870117,9.308174133300781,300,0.5817334412315368,0.565466,High,High
72,40,26.710083755320316,92.69789742849949,0.46253478260869574,5.506118297576904,0.9274099469184875,292,0.007776548802326368,0.014316277,Low,Low
55,40,26.388741717802024,92.1197398590832,0.4105608695652174,4.945427894592285,5.916609764099121,271,0.11999265382008585,0.039630923,Low,Low
121,80,27.7876025178485,95.39762135278936,0.13968695652173913,8.13504409790039,0.9274099469184875,310,0.07490892267846865,0.03150565,Low,Low
898,10,25.139019222613,92.7820490771582,0.6856652173913044,9.274908065795898,26.372617721557617,304,0.6025738689926518,0.59760475,High,High
140,40,27.41978183828639,95.61925147888951,0.4983217391304348,6.417738914489746,1.8543341159820557,269,0.04579339459923916,0.014357772,Low,Low
89,40,26.70828134133663,91.67453760440085,0.6131391304347826,5.191351890563965,1.3919328451156616,292,0.012719188775972575,0.017630922,Low,Low
1041,10,25.06213165782008,92.8629402201267,0.7547956521739131,8.915966987609863,16.949748992919922,352,0.35409592170995485,0.25615516,Medium,Medium
97,60,27.246690458172196,94.05075968048897,0.5714826086956523,8.737391471862793,2.7896392345428467,257,0.008894450075158869,0.014807728,Low,Low
119,10,27.486792552817462,95.1278401646104,0.7096043478260871,6.881496906280518,1.3973408937454224,264,0.019361666567574768,0.022132294,Low,Low
98,40,26.837732983178537,94.48430724547055,0.531,6.5036821365356445,2.7802884578704834,281,1.6490788514484307e-05,0.006770861,Low,Low
22,10,24.85232813585178,92.51805191051612,0.5562347826086957,10.62091064453125,3.448552370071411,268,0.06766783080235772,0.10679735,Low,Low
169,10,25.497978061920175,93.05256617885797,0.7841434782608696,5.837181568145752,23.608686447143555,318,0.6837146845929442,0.8984819,Very High,High
49,10,26.491419507530217,91.09076470662927,0.6584478260869565,5.3788604736328125,1.3904675245285034,280,0.046239773908797834,0.041233186,Low,Low
22,40,24.843766057810353,92.83983398561428,0.537504347826087,10.891715049743652,2.04328989982605,287,0.28327441920079005,0.23059404,Medium,Medium
48,40,26.224761250968353,91.63670127416077,0.5240695652173913,4.136020660400391,1.8543341159820557,275,0.051404310121531765,0.027000776,Low,Low
88,40,27.118639557238748,94.34445441632823,0.5984304347826087,6.8916120529174805,1.8543341159820557,314,0.018075933205769935,0.014773472,Low,Low
97,10,27.31666111471839,94.47859592415575,0.6773260869565217,6.454059600830078,1.3961379528045654,287,0.015351353613992685,0.029437881,Low,Low
122,40,27.494714107309516,95.39341127952365,0.5812521739130435,7.022473335266113,2.2864139080047607,268,0.0013931180028246178,0.0042811753,Low,Low
53,40,26.052680499412645,91.5689783206049,0.5023,4.162014007568359,2.121948719024658,327,0.08965951682135555,0.045720287,Low,Low
75,10,26.556336838800437,91.95089610704261,0.5337347826086957,4.800005912780762,4.830019950866699,285,0.3321621128503242,0.4586271,High,Medium
59,10,26.390261874392856,91.90058586501999,0.6055,4.497219085693359,4.740785121917725,289,0.343000834411616,0.33444044,Medium,Medium
105,10,27.263386284594134,94.7795034241214,0.5725956521739131,6.57075834274292,4.267513751983643,264,0.03349353053428793,0.029690761,Low,Low
281,10,25.675604775333692,93.15360828472168,0.769495652173913,3.9686434268951416,20.21522331237793,355,0.43527836303959466,0.49427482,High,High
846,10,25.42943011692391,92.70588412380403,0.6917782608695653,6.315807342529297,5.2036919593811035,315,0.3727061903179266,0.26515073,Medium,Medium
156,10,25.96968896737953,93.78934976805489,0.6731652173913043,6.357114315032959,3.84495210647583,258,0.16532001856440798,0.089053094,Low,Low
538,10,25.921628960573134,92.3898650498014,0.7009521739130435,5.577810287475586,3.45931339263916,299,0.2929820385812377,0.22874393,Medium,Medium
107,30,27.498010061721082,94.8916288681052,0.1676217391304348,6.682925701141357,9.00197982788086,286,0.505874821165178,0.18769933,Low,High
77,40,26.796360178984926,93.86830559730008,0.47723043478260874,5.981082916259766,6.912017345428467,253,0.15519427384111387,0.030329661,Low,Low
122,10,27.510560320466976,95.27234811313762,0.6439521739130435,6.763299465179443,0.9274099469184875,253,0.0031772764882649117,0.021198124,Low,Low
73,40,26.690888040431545,93.16636760470196,0.4981869565217391,5.4057464599609375,1.3918159008026123,264,5.634232869954597e-05,0.007263961,Low,Low
120,40,26.845261661445953,92.4724385504414,0.5907826086956522,5.790663242340088,0.9274099469184875,282,0.0013532664626395561,0.012903912,Low,Low
35,10,24.78767614380365,92.99610176816518,0.5346565217391305,10.440208435058594,2.9614531993865967,271,0.0763369466175755,0.12825093,Low,Low
61,30,26.227459578280754,92.63725505375908,0.3771,4.782480239868164,1.3887091875076294,286,0.0505631409226883,0.047810405,Low,Low
949,10,26.26002734927817,93.41937664397719,0.8030913043478262,5.0650787353515625,18.020498275756836,342,0.20252221333410814,0.06308353,Low,Medium
50,10,26.371421636146152,91.42546070442368,0.5244347826086957,4.592665672302246,1.389664649963379,281,0.14650977417388072,0.0798748,Low,Low
59,40,26.41958320063769,92.31993327338382,0.5541521739130435,5.060944557189941,2.7783405780792236,275,1.6490788514484307e-05,0.010861714,Low,Low
180,10,26.09187684427537,92.06565028270019,0.7251217391304349,5.093794822692871,28.165103912353516,300,0.9559359968524284,0.9684779,Very High,Very High
156,40,25.91069434486459,93.90019171547343,0.6061869565217392,6.497692108154297,0.0,263,0.052562843323826415,0.018807497,Low,Low
227,10,26.05305170583213,91.63998214046308,0.7171695652173913,4.2621169090271,13.684340476989746,309,0.4727424007512378,0.4102569,High,High
101,40,27.447001294154624,94.51097943132828,0.563608695652174,6.967790126800537,4.274236679077148,258,0.0011706417069874465,0.008619821,Low,Low
133,40,27.68693763586005,95.70401670536359,0.5939260869565217,7.952390670776367,2.2897634506225586,276,0.00902237188841909,0.01445228,Low,Low
58,10,26.489358956211568,90.30646632703953,0.6367826086956522,6.972291469573975,0.9274099469184875,267,0.020944716439833016,0.01771599,Low,Low
962,10,25.064386386293826,92.94687367846225,0.7641913043478261,8.642134666442871,18.565109252929688,316,0.41457287163438483,0.37232184,Medium,High
359,10,26.32575567981591,93.2654580541051,0.7627173913043478,5.074857711791992,7.702855110168457,335,0.3815519108943202,0.36737305,Medium,Medium
168,10,27.340349973735922,95.56092207719541,0.8066782608695653,6.324597358703613,3.848295211791992,308,0.20489310954213108,0.13199903,Low,Medium
25,40,25.745779870842625,89.9330872010867,0.437,7.487603664398193,2.058534622192383,276,0.014695896076558157,0.007490217,Low,Low
74,30,26.693483892609915,92.66305833188468,0.48030869565217393,5.213406085968018,0.9274099469184875,295,0.025877233000796286,0.04005529,Low,Low
49,40,26.29533534121046,89.9967140385825,0.650595652173913,7.036590099334717,4.525475025177002,292,0.06063265089422468,0.020829698,Low,Low
31,60,26.042460308546517,90.27969818998405,0.5409782608695652,7.491250514984131,3.460569381713867,272,0.023910209376353245,0.019103788,Low,Low
211,10,26.738333229683718,90.76289624961065,0.7304565217391304,5.646945476531982,2.7826318740844727,288,0.3444883816070416,0.30880424,Medium,Medium
44,40,26.297654747224186,91.2220075213768,0.44342608695652175,4.818373680114746,0.9274099469184875,275,0.013836108073255478,0.01916242,Low,Low
55,10,26.366297386832283,89.96283309832629,0.6017608695652175,7.121886253356934,3.6125659942626953,284,0.05732320251824947,0.039409056,Low,Low
180,10,24.906935927651205,93.2152285069762,0.7973956521739131,8.600929260253906,2.2445318698883057,340,0.1641281817821456,0.098065846,Low,Low
737,10,26.21631160320137,93.33799120000957,0.800113043478261,5.184736728668213,10.584228515625,338,0.10432486137437219,0.0969863,Low,Low
130,40,27.85884693503354,95.34013363242401,0.6992086956521739,9.899460792541504,2.130101442337036,281,0.12727770163696822,0.044430643,Low,Low
311,10,26.36771767939094,93.33197116991339,0.7297913043478261,5.294604778289795,15.779239654541016,316,0.8317975222275912,0.7953492,Very High,Very High
118,10,25.9373849743946,91.4420995773156,0.6856130434782609,5.152920722961426,30.568557739257812,291,0.9564966409468948,0.95333964,Very High,Very High
660,10,25.282672741514357,93.223764509309,0.6968434782608697,6.882270336151123,28.043148040771484,333,0.9567952917496149,0.9672209,Very High,Very High
140,40,26.37537249207233,93.78557336512382,0.6561304347826087,6.062188625335693,2.1233439445495605,283,0.039222627442691636,0.019866256,Low,Low
101,10,24.426462046621655,92.48991463006674,0.7717391304347826,10.404754638671875,11.508506774902344,278,0.2981080133969341,0.30131772,Medium,Medium
52,10,24.477416367154696,92.95751524685312,0.7633173913043478,9.12802505493164,14.253442764282227,262,0.5621185027683918,0.36244392,Medium,High
21,60,24.71933712615531,92.80720907338916,0.2838521739130435,10.691202163696289,2.0412437915802,261,0.15914066831317067,0.068984084,Low,Low
32,10,24.50342217329808,92.30862805321095,0.613095652173913,9.919666290283203,1.377848505973816,249,0.17132228457930393,0.08279015,Low,Low
72,40,26.680080021872385,92.84214660838106,0.43212173913043483,5.079442024230957,2.0751116275787354,243,0.009843409847647894,0.012930226,Low,Low
41,10,26.369712900901884,90.79114576585,0.5562869565217391,6.096994876861572,2.2674849033355713,302,0.029510830325455675,0.022236295,Low,Low
120,10,26.67157378597025,90.21627039110844,0.6845260869565217,6.217193126678467,2.7802884578704834,278,0.042227739600541554,0.032184847,Low,Low
168,10,26.162041007232283,93.72894607384218,0.7427826086956523,6.388955116271973,2.965510368347168,281,0.19172705534119244,0.13292561,Low,Low
87,80,26.882694999205142,94.25725716059951,-0.010985,6.492920398712158,4.172797203063965,289,0.002596644551456921,0.020039573,Low,Low
80,40,26.665926949631643,93.66529518926411,0.5396434782608697,6.067007064819336,1.0377672910690308,253,0.004733619794939313,0.005536325,Low,Low
524,10,25.51732056077061,93.25381789533483,0.789895652173913,5.0659332275390625,23.16323471069336,372,0.504883219683131,0.57929105,High,High
72,30,26.57608511366553,90.49645495321778,0.5974739130434783,6.5987935066223145,1.3910377025604248,272,0.005497196099114419,0.015748652,Low,Low
145,10,25.971692172306327,93.18120257017551,0.6670478260869566,5.15739631652832,4.222003936767578,281,0.16604076592113934,0.1785949,Low,Low
33,40,24.755094235683405,92.69769577136678,0.6960434782608697,10.887288093566895,1.0212377309799194,268,0.5112757068970055,0.4448906,High,High
164,10,27.258614101717175,95.59948693525705,0.81,6.474726676940918,6.214386940002441,308,0.2597214050658478,0.15860249,Low,Medium
58,10,26.10861679496464,91.57253069917901,0.5430782608695652,3.9844858646392822,4.238571643829346,276,0.3046001563049212,0.21123244,Medium,Medium
83,40,26.631263546938833,93.78732351215216,0.5350695652173914,5.972191333770752,2.2717816829681396,291,0.0009263936553995729,0.006154561,Low,Low
326,10,26.785223036528087,90.6319402118939,0.6741347826086957,5.491256237030029,3.4685072898864746,292,0.34921780808469544,0.36788177,Medium,Medium
202,10,26.0650669659512,93.294062574526,0.7806739130434783,5.1830620765686035,12.893925666809082,293,0.4860610106985601,0.4828923,High,High
18,40,24.931955224584758,92.50124105763362,0.3096904761904762,10.048543930053711,2.117311477661133,258,0.13054077552317805,0.022309747,Low,Low
74,10,26.64202154645275,91.62368673550205,0.602395652173913,5.184210777282715,1.0375502109527588,285,0.05119865207694441,0.074145965,Low,Low
90,40,26.894599490819537,94.35840736025179,0.5619869565217391,6.396114826202393,4.545181751251221,289,0.001792230872343578,0.016140942,Low,Low
187,10,24.43223233774332,92.88089791847477,0.8137913043478261,9.70812702178955,14.815289497375488,250,0.4007836397450056,0.34959376,Medium,High
94,80,27.15851998430573,94.56671225737962,0.017861904761904763,6.485081195831299,1.8543341159820557,262,0.00010797534640159413,0.0061750053,Low,Low
84,50,26.9266044883729,93.99418310869368,0.5765260869565217,7.257404327392578,1.3934255838394165,310,0.06398136678418316,0.0472891,Low,Low
41,40,26.269698090940278,90.20238359177313,0.5523739130434783,7.244609355926514,2.0677309036254883,288,0.0018464057308649384,0.006730639,Low,Low
96,10,26.271220391075612,92.99915908047684,0.6099608695652174,5.163473606109619,4.973398208618164,326,0.27863166754949203,0.3582463,Medium,Medium
72,10,26.6337619996318,90.95712347346155,0.7646260869565218,5.574554443359375,2.2718276977539062,300,0.12098767450195562,0.108170636,Low,Low
129,40,25.776834620337915,92.77609624629386,0.7170130434782609,5.8471221923828125,13.96791934967041,271,0.6426709489465662,0.48264635,High,High
477,10,25.454648626360477,92.80355867311621,0.7434173913043478,6.114633083343506,25.785123825073242,316,0.8376051854971095,0.8430186,Very High,Very High
60,40,26.07035785052058,90.58382617523274,0.5727826086956522,6.98199987411499,18.397605895996094,286,0.803622145462764,0.616571,High,Very High
1043,10,25.290817459435978,92.80555022446259,0.7340826086956522,7.838748455047607,8.485421180725098,291,0.6537342124809525,0.5399599,High,High
58,40,26.179729807847767,92.41727206228315,0.5453608695652175,4.8347296714782715,1.3883936405181885,308,0.03630821350351836,0.025078973,Low,Low
188,10,26.055792325145692,92.28402525659142,0.7083260869565218,5.510480880737305,16.510744094848633,301,0.9310002366759327,0.928228,Very High,Very High
44,10,26.02063129348379,90.8886479139468,0.6792,6.081470012664795,3.4603428840637207,313,0.17475545304366613,0.07524732,Low,Low
84,40,26.979396380586746,93.9543315367541,0.3547782608695652,7.686824798583984,4.837432861328125,258,0.023163297680240443,0.024030386,Low,Low
102,10,26.719497435828092,92.08421799210403,0.5852391304347826,5.102946758270264,3.467790126800537,256,0.07179429119392136,0.05149917,Low,Low
70,60,26.061028098456195,92.90044860451829,0.4493521739130435,5.377686023712158,4.740151882171631,274,0.025055971922947427,0.052167762,Low,Low
74,10,24.951112704827583,92.69969908577067,0.7620739130434784,9.844245910644531,9.249943733215332,276,0.37363559443028543,0.38073727,Medium,Medium
101,10,27.43683694124826,94.40690804854749,0.6328478260869566,6.900032997131348,4.2503814697265625,297,0.05507055380928231,0.082201876,Low,Low
430,10,25.93315790870203,92.58872231935857,0.7162565217391305,5.646051406860352,17.103811264038086,301,0.8637541183181903,0.84898907,Very High,Very High
95,40,26.918600327647045,94.81425552186981,0.5291913043478261,7.213907241821289,2.2765731811523438,256,5.634232869954597e-05,0.0042903177,Low,Low
76,10,26.408995969770473,92.94343834028123,0.6194652173913043,5.250519275665283,4.6273674964904785,285,0.15903024751111042,0.16920623,Low,Low
735,10,26.453674759061563,93.366705181181,0.7491173913043478,5.347973346710205,2.123685121536255,323,0.26185764933810074,0.08482431,Low,Medium
510,10,26.389565741829664,93.28982190115671,0.7793565217391304,5.103824615478516,4.976883411407471,330,0.20682042589918742,0.18899503,Low,Medium
48,40,26.316550538394825,91.53332425060927,0.6111608695652174,5.061483383178711,1.034620761871338,299,0.046737268469679745,0.020639284,Low,Low
161,10,26.12738163299457,93.19006749082357,0.756,5.318709850311279,4.969199180603027,297,0.3063523113206586,0.19707271,Low,Medium
93,40,27.20643108695438,94.51397395441039,0.5248739130434783,6.747304916381836,2.127058267593384,312,0.013540261606678356,0.014810788,Low,Low
57,40,26.42031157520907,92.38533900387485,0.49486521739130435,5.0439300537109375,3.704791784286499,300,0.00046660508904221504,0.02171293,Low,Low
121,60,27.705080137627984,95.48015830466528,0.17000909090909092,8.609599113464355,2.1293740272521973,273,0.005340407838265007,0.014656174,Low,Low
129,60,27.771628248332174,95.76966487398442,0.514604347826087,7.769989013671875,2.095536470413208,280,0.00511693592609445,0.03082769,Low,Low
26,40,24.57637054961169,92.29807417227414,0.675913043478261,10.11663818359375,2.7802884578704834,245,0.27049487323997046,0.12674256,Low,Medium
58,10,26.488920019700263,90.41681102314654,0.591304347826087,6.904965877532959,3.105790138244629,272,0.01851830685336571,0.018033667,Low,Low
48,10,26.451956116003785,91.04468660298265,0.6250782608695652,5.543269634246826,2.123677968978882,273,0.07447074554302832,0.09659948,Low,Low
221,10,25.884464634588532,93.26113870507754,0.7234304347826087,4.584468841552734,10.871865272521973,306,0.41503260402177383,0.36215425,Medium,High
100,10,26.076823277634205,92.3114219392404,0.7035565217391304,5.424657344818115,18.298437118530273,282,0.9133033092557415,0.8659278,Very High,Very High
118,40,26.178258054373266,93.895915519481,0.5077086956521739,6.630446434020996,1.0333876609802246,290,0.0002574301182189814,0.009056445,Low,Low
27,40,26.02339725462102,89.89225674353149,0.5435217391304348,6.572964668273926,1.3873684406280518,294,0.015417583472686713,0.008471361,Low,Low
81,10,26.602287239936075,92.15001919280657,0.567708695652174,4.982552528381348,2.271303653717041,282,0.14535965869008424,0.09678288,Low,Low
68,10,26.48568705085789,92.72977679644409,0.4970130434782609,4.933984756469727,2.7802884578704834,281,0.11334581810464658,0.09997627,Low,Low
268,10,26.024649462351263,91.93476865871285,0.7441391304347826,5.186422348022461,7.69024658203125,309,0.39208811604441346,0.41863775,High,Medium
96,10,25.82638633524141,92.88163211264569,0.7470739130434784,5.306454181671143,2.7705516815185547,303,0.0795048765426054,0.05722463,Low,Low
64,40,26.55869825090054,91.60613406916646,0.508,5.214536190032959,0.0,260,0.002284142877783934,0.009699601,Low,Low
105,40,27.383107863701202,94.98260993496181,0.5615260869565217,6.717748165130615,1.3966056108474731,262,5.634232869954597e-05,0.005267407,Low,Low
146,10,27.508939372618027,95.72157047062842,0.6646000000000001,7.366354942321777,4.6273674964904785,294,0.12010204468412619,0.13529992,Low,Low
87,40,26.948506590335434,94.52316738168001,0.44947391304347833,6.366288185119629,0.9274099469184875,289,0.013254783677965544,0.0078096753,Low,Low
71,40,26.75867957861605,92.98767041674536,0.5362521739130435,5.269626617431641,2.0765440464019775,268,5.634232869954597e-05,0.006667927,Low,Low
60,10,26.424808983573534,91.57096263484598,0.4749086956521739,5.080763339996338,1.3900208473205566,263,0.04119527705656868,0.04667451,Low,Low
147,10,26.457153005259144,93.12165574944648,0.7605347826086958,5.032231330871582,15.580841064453125,281,0.7413789077137789,0.7106605,Very High,Very High
105,40,27.524412043262714,94.53565327754933,0.4984347826086957,6.507853984832764,1.397605299949646,281,1.6490788514484307e-05,0.006162123,Low,Low
125,40,27.369809626990374,95.40615094892445,0.6217869565217391,6.7577996253967285,1.8543341159820557,289,0.004633667782536927,0.016127536,Low,Low
32,40,26.10392085147508,89.93477285981578,0.5304782608695652,7.139210224151611,2.0647971630096436,283,0.007764125072107,0.008649377,Low,Low
359,10,25.412550898557146,93.32595258146135,0.7817565217391305,5.683224201202393,15.065608978271484,329,0.5019619627890383,0.628252,High,High
580,10,26.12334430781685,93.39460635288178,0.7689,5.33831262588501,16.305856704711914,362,0.7069036171919616,0.681331,High,Very High
71,60,26.51992031855614,91.9621158892916,0.5564913043478261,4.716253757476807,1.0364460945129395,295,0.06472415559735882,0.10900242,Low,Low
164,10,25.971733104126113,93.5003695386663,0.7534478260869565,5.802397727966309,15.10883903503418,295,0.7099775084745926,0.7484096,Very High,Very High
314,10,25.626073273634653,93.02721512516324,0.7480217391304348,4.770007133483887,11.1411714553833,319,0.42882314087897866,0.13838956,Low,High
78,40,26.795580626389054,93.51837752020911,0.6121913043478261,5.374164581298828,4.741581439971924,258,0.02780775974209324,0.02010732,Low,Low
112,40,27.48431341656784,95.0589735961876,0.553013043478261,6.7950215339660645,1.3973231315612793,276,1.6490788514484307e-05,0.005360865,Low,Low
67,40,26.541163185743454,92.91516404227383,0.5220260869565218,5.052886009216309,7.276895999908447,305,0.27888737158437055,0.21455859,Medium,Medium
285,10,27.564521841711997,94.30893215569243,0.7853347826086957,6.464929103851318,38.14689254760742,304,0.5557110808046943,0.66137904,High,High
111,10,26.77205166009921,90.96886317218483,0.7783782608695652,5.173986434936523,2.783092975616455,280,0.08567920868528317,0.07669152,Low,Low
134,10,26.07552798166814,91.89386201567832,0.680804347826087,4.849204063415527,8.981300354003906,277,0.5711636034169294,0.6517054,High,High
102,20,26.364636051889295,93.96741404216394,0.5606739130434784,6.657837867736816,2.1232967376708984,280,0.011515055466260688,0.016092421,Low,Low
65,10,26.54341087314639,91.41883202994427,0.595195652173913,5.071479797363281,1.8543341159820557,275,0.048897044284403286,0.052685183,Low,Low
112,40,27.310484389035036,95.12867802301227,0.5835347826086957,6.8118815422058105,1.0437301397323608,233,0.01007705121289783,0.0070136515,Low,Low
78,40,26.642079482318003,92.11477177162335,0.6260608695652174,4.982552528381348,0.0,281,0.04144247963039342,0.03946471,Low,Low
48,10,26.071038531825426,90.9390404443462,0.5711347826086958,5.883031845092773,4.6273674964904785,279,0.060260000767966525,0.047408435,Low,Low
71,10,26.092557806001174,92.82967892038052,0.549804347826087,5.489593982696533,1.3878196477890015,298,0.032861442061690456,0.05310666,Low,Low
102,10,26.49763661479117,93.93383398942231,0.6343913043478261,6.490880489349365,5.249395370483398,286,0.1400154624295916,0.20999849,Medium,Low
807,10,25.171372052278116,92.97980148847563,0.7719521739130435,8.066160202026367,27.682334899902344,306,0.6337326687428484,0.7122688,Very High,High
107,40,25.9485291497283,93.08325714551621,0.5623956521739131,4.894778728485107,4.154155254364014,276,0.026301691615085523,0.03817521,Low,Low
48,10,24.743074557139035,92.29036898768577,0.7290782608695653,9.997909545898438,10.85794448852539,246,0.514695675111197,0.43557715,High,High
85,40,26.96304947185868,93.79943181721036,0.5552347826086957,6.827000617980957,2.2773261070251465,256,5.634232869954597e-05,0.0050806613,Low,Low
70,10,26.534159733195217,90.52661430738124,0.5956173913043479,6.701885223388672,3.2419512271881104,259,0.014869119406105519,0.02292065,Low,Low
591,10,25.82690235193847,92.36209677849747,0.778404347826087,5.738534927368164,18.035627365112305,303,0.5538904303060538,0.58915186,High,High
59,40,26.316658478367362,92.5193305351315,0.5316217391304349,4.9092512130737305,2.7769689559936523,298,0.0021368559850995627,0.019267952,Low,Low
94,80,27.175758536347995,94.55052709444887,-0.02948823529411765,6.485081195831299,0.9274099469184875,287,0.003238064120807871,0.010366204,Low,Low
153,40,25.961960992792093,93.92833892823884,0.7650826086956523,6.395289421081543,0.9274099469184875,276,0.05381938768170021,0.032340147,Low,Low
456,10,26.50205938013914,93.59556151957271,0.7881652173913043,5.27836799621582,27.347978591918945,342,0.3866542360729657,0.38020033,Medium,Medium
83,10,26.78076972843457,94.02780771358283,0.6342739130434784,6.274263381958008,3.8468973636627197,276,0.05140688360682628,0.069824524,Low,Low
92,10,26.51440883306663,93.02305151786538,0.7134173913043478,4.949534893035889,2.1239521503448486,281,0.1922133284409211,0.1144441,Low,Low
401,10,25.404833914308053,93.11572255569621,0.7599,6.034143447875977,21.664716720581055,305,0.7440071360946237,0.63072366,High,Very High
78,10,25.892447423171078,91.22525787239387,0.6684260869565217,6.353845596313477,9.683757781982422,325,0.5924228073781024,0.4602717,High,High
1001,10,25.382833395878126,92.78352148118802,0.7992,6.9755659103393555,7.52712869644165,329,0.35626836776502996,0.3902932,Medium,Medium
126,10,26.76596114024715,92.08363259939998,0.5825652173913043,5.239715576171875,0.0,272,0.04748067309605626,0.04602276,Low,Low
90,20,26.62147990216829,94.1521155191715,0.6203913043478261,6.886513710021973,1.8543341159820557,270,0.009386052290382245,0.018242378,Low,Low
83,40,26.994306260641462,94.21991542133453,0.5996913043478261,7.2581892013549805,0.9274099469184875,292,0.0018476612290859598,0.008508346,Low,Low
51,40,26.499534517789858,90.11703406252823,0.5578869565217391,7.000840187072754,1.3905216455459595,243,0.0017265932247568939,0.003993494,Low,Low
91,10,26.945982452034766,93.65749107837412,0.6452652173913044,6.0361175537109375,2.785468339920044,238,0.04669215494770225,0.032841373,Low,Low
327,10,24.501457077923362,93.00597202340884,0.8037260869565217,9.467461585998535,23.065710067749023,307,0.30302432975668814,0.37637168,Medium,Medium
40,10,24.501850275032968,92.80534624726346,0.5860173913043478,10.904757499694824,1.3778384923934937,278,0.3783397873230264,0.5331788,High,Medium
32,10,24.741961298517168,92.70106689305868,0.668904347826087,10.622041702270508,2.242056369781494,264,0.24239608533863488,0.16156003,Low,Medium
195,10,27.331912292328756,95.50934201482985,0.7827434782608697,6.170271396636963,6.3777971267700195,330,0.19431888580218573,0.19562815,Low,Low
33,40,24.481118548711482,92.57386486118135,0.5300739130434783,10.794017791748047,1.377713680267334,280,0.3916013175177402,0.33415705,Medium,Medium
108,80,27.564020434022893,94.92693869230035,0.08288260869565219,6.317674160003662,9.078577041625977,275,0.5178950573886956,0.21637742,Medium,High
87,40,26.87532653813745,94.43577069577319,0.4125478260869565,6.536430835723877,2.7845001220703125,275,0.004804480443771169,0.0048986254,Low,Low
60,10,26.220036407969005,92.58254648018037,0.3574869565217392,4.68540620803833,0.9274099469184875,331,0.147979453044879,0.070979126,Low,Low
105,10,24.378985860586678,92.36885088785732,0.817708695652174,9.901175498962402,2.0357141494750977,278,0.2650492325282997,0.12720832,Low,Medium
103,10,26.643718394353698,90.12400321872391,0.7229478260869565,7.07444429397583,0.9274099469184875,255,0.020995813205307058,0.02213002,Low,Low
123,10,26.67698490283833,90.01720777120781,0.7536869565217391,7.113708972930908,1.0378683805465698,281,0.03910823315028718,0.03292078,Low,Low
58,40,26.33098217934669,91.92904952455156,0.4999782608695652,4.761224746704102,1.0347473621368408,287,0.009164526256456924,0.020796342,Low,Low
165,10,26.96282429341834,94.96933920105396,0.8043434782608696,7.669189453125,14.56633472442627,266,0.4335979051715633,0.36060598,Medium,High
370,10,26.253634838076138,92.8755507024114,0.7601347826086957,4.752241611480713,16.94175910949707,332,0.4878796178284485,0.19598831,Low,High
674,10,25.323498539451712,92.85849626776724,0.7951304347826087,7.57315731048584,23.534799575805664,303,0.6531388385146433,0.7705272,Very High,High
57,10,26.470989315232288,90.2736875665769,0.5706652173913044,7.141316890716553,6.2604827880859375,283,0.1717812529265218,0.11888288,Low,Low
350,10,25.78492279934547,92.71885680774918,0.8029652173913043,5.794872283935547,11.70255184173584,308,0.20352279767928563,0.19391726,Low,Medium
77,60,26.614313435482337,90.38769651401992,0.5778217391304348,6.72191047668457,2.124391794204712,270,0.004555608058022828,0.014663165,Low,Low
188,10,26.50098300999286,93.71023518437033,0.7383521739130435,5.86409854888916,11.02829647064209,265,0.4692837378611219,0.5258526,High,High
67,10,26.502822948291747,91.96944627819673,0.5362913043478261,4.716253757476807,3.4654488563537598,302,0.219910039535316,0.22471316,Medium,Medium
60,60,26.530725070921676,91.67667424895069,0.5089521739130435,4.967759609222412,3.704791784286499,274,0.022454858757106094,0.061912823,Low,Low
181,10,27.3813084168358,95.71777212075958,0.7417565217391304,6.7607340812683105,2.2844502925872803,317,0.26915976689262894,0.23726563,Medium,Medium
57,40,26.31575329304782,92.14616983020045,0.5048217391304348,4.671937465667725,2.0685524940490723,278,0.003874518674395959,0.015721628,Low,Low
78,10,26.623912550500656,92.40009566151095,0.6214521739130435,5.640060901641846,2.7802884578704834,303,0.0873761124593987,0.11096553,Low,Low
70,10,26.078625089876304,92.68296897761131,0.5370478260869566,5.484004020690918,3.704791784286499,310,0.10532118275170599,0.12036781,Low,Low
24,40,24.613255126306175,92.30257117874045,0.5900478260869565,10.01362419128418,2.116048812866211,255,0.02789305321213448,0.017424343,Low,Low
48,40,26.283616276069484,91.29960167500765,0.5378304347826087,4.75742244720459,0.9274099469184875,267,0.015573647542634213,0.015211554,Low,Low
373,10,25.45712046020038,92.95236595757935,0.7732565217391304,5.98280143737793,5.640664577484131,346,0.5042570270331959,0.3500146,Medium,High
116,10,26.371531056201555,93.91872473507885,0.6745304347826088,6.556094169616699,1.3896665573120117,258,0.013495876650185552,0.020372732,Low,Low
118,10,26.96386878270043,95.06040809662618,0.6822434782608696,7.311757564544678,2.9680368900299072,288,0.022804121106172675,0.029602474,Low,Low
71,10,26.586537109918467,92.92256693127494,0.6058869565217392,5.095338344573975,4.741168022155762,285,0.13137527553828504,0.16479833,Low,Low
137,10,26.279755236469956,93.05190384501978,0.7212391304347826,5.185696601867676,23.25908851623535,321,0.9140282804708723,0.9619201,Very High,Very High
102,10,26.641492293122685,90.07853056204922,0.6474565217391305,7.254060745239258,6.201618671417236,284,0.16394225099159682,0.1778902,Low,Low
674,10,25.01740136192528,92.80379370685023,0.7331913043478261,9.77212905883789,24.352603912353516,294,0.7863604089795063,0.88872373,Very High,Very High
19,40,24.78075150116401,92.34171906271125,0.4687521739130435,10.077048301696777,1.8543341159820557,251,0.2012649820199278,0.096262366,Low,Medium
82,40,26.659184790694336,93.6768233740235,0.5134695652173913,6.067007064819336,1.037706732749939,278,0.007490670410582081,0.0076006884,Low,Low
111,40,27.256037515661866,95.16218754003415,0.5579782608695653,6.851109504699707,1.395712971687317,253,5.634232869954597e-05,0.004049691,Low,Low
174,10,26.89713177154757,92.30413854503861,0.6026913043478261,5.529191493988037,2.2762186527252197,267,0.3719501914701475,0.20597203,Medium,Medium
91,40,26.133509667727626,93.10432690393228,0.4703173913043478,5.144575119018555,4.520256996154785,306,0.02902263626295345,0.047348835,Low,Low
379,10,25.057894149742182,92.9790447266655,0.7932869565217392,8.460667610168457,9.329207420349121,341,0.45151903004347776,0.3214921,Medium,High
95,10,26.90271891804662,94.69129627639141,0.5974347826086958,7.021971702575684,0.0,282,0.028210237407666483,0.02086807,Low,Low
95,10,26.905719065899973,93.50517040022527,0.7289173913043479,5.699370861053467,2.784919023513794,249,0.07584021443162946,0.05504299,Low,Low
62,80,26.601804069694484,92.64883567229201,0.02756521739130435,5.025580406188965,3.4665167331695557,252,0.00909249803990411,0.02890135,Low,Low
97,40,26.451312356396976,94.14453367378302,0.6440217391304348,6.842996597290039,0.0,293,0.005791161224636538,0.008947409,Low,Low
617,10,26.40576630548896,93.13312595869117,0.8042521739130435,4.709965705871582,30.790578842163086,320,0.3332467261957062,0.088295124,Low,Medium
784,10,25.931374600519163,92.27817143295296,0.7413000000000001,5.860800743103027,8.245189666748047,273,0.21219092147002325,0.11495875,Low,Medium
29,60,25.718033703317605,89.8641104588948,0.2866565217391305,7.226680755615234,3.597933530807495,344,0.14565679502288828,0.03592389,Low,Low
36,40,26.302857097556096,89.8752831960861,0.5658565217391305,7.240277290344238,2.068324565887451,265,0.010800706226858131,0.0072170617,Low,Low
23,40,24.72305797720812,92.55335526507197,0.4725826086956522,9.97029972076416,2.241774320602417,270,0.023912413868732975,0.021014208,Low,Low
248,10,26.542926553716114,93.28695244133512,0.7361434782608697,4.969355583190918,14.653983116149902,253,0.4623184740104552,0.30658343,Medium,High
29,10,24.69537266003007,92.37202932262733,0.5942521739130435,9.754547119140625,2.2413601875305176,252,0.044733053350886356,0.035438746,Low,Low
91,10,27.01576831862558,93.91468428911793,0.4561695652173913,6.734637260437012,2.7802884578704834,264,0.04787280314065507,0.018014146,Low,Low
190,10,26.893601309175313,92.43602716590402,0.6188869565217391,5.695202827453613,2.0790176391601562,314,0.4292772671215375,0.63500357,High,High
139,30,27.89857550161744,95.80905998302595,0.6481304347826087,8.290627479553223,1.8543341159820557,312,0.08504946781830083,0.107201,Low,Low
86,40,27.101312078294615,93.9790118194515,0.5088739130434783,7.861133575439453,2.1265764236450195,240,0.0017265932247568939,0.012255433,Low,Low
392,10,26.050966219864797,93.37246037811472,0.7442217391304349,5.331604957580566,9.232270240783691,357,0.8384657153305461,0.86363226,Very High,Very High
128,10,27.582620861297965,94.51808200155236,0.674895652173913,6.771029949188232,3.2698581218719482,287,0.053848100754547906,0.07323516,Low,Low
54,40,26.678008717868405,91.20952366435353,0.46789565217391305,5.449883937835693,0.9274099469184875,258,0.004792508873719277,0.009445667,Low,Low
81,10,26.75226775560644,93.0929910540318,0.7308434782608696,5.075068950653076,3.468146800994873,280,0.27739934449351017,0.17065108,Low,Medium
108,40,26.742140816331705,94.32193465046886,0.6828695652173913,6.633038520812988,2.124960422515869,274,0.006592163345491656,0.012229058,Low,Low
45,10,26.37812594090991,90.56927414556466,0.6578913043478262,6.755617618560791,4.162606239318848,274,0.059881902709781325,0.04509194,Low,Low
112,30,27.60870319570069,95.07331221299027,0.3703130434782609,6.945043563842773,1.0465549230575562,277,0.0247681825878431,0.0086356625,Low,Low
77,10,26.320441112661666,92.86161617505573,0.6999782608695653,4.95063591003418,2.1231045722961426,305,0.1741661788867208,0.15505426,Low,Low
138,10,26.339230173908422,93.86011572190272,0.8024,6.378964424133301,8.280216217041016,264,0.26418786820877393,0.17198966,Low,Medium
156,10,27.365399095885678,95.66366090345014,0.6510826086956523,6.513613700866699,3.474944829940796,329,0.205100100804078,0.21547262,Medium,Medium
94,40,27.344311916073572,94.20751929665313,0.32173478260869565,7.416236877441406,1.3963314294815063,297,0.008607888106359918,0.005359383,Low,Low
21,40,24.788069269987247,92.5772925211581,0.5467000000000001,10.317988395690918,3.0619351863861084,271,0.10616055766062947,0.06715311,Low,Low
44,40,26.007895852808574,90.56324535584267,0.568104347826087,6.555331230163574,2.772905111312866,270,1.6490788514484307e-05,0.004799711,Low,Low
374,10,26.475782170287367,93.29532569036071,0.7976434782608697,4.893712043762207,3.84615421295166,288,0.08607118356431862,0.05875816,Low,Low
76,10,26.58185042282016,91.86143557639775,0.6091434782608697,4.766181468963623,1.037006139755249,275,0.22765945799366277,0.22256193,Medium,Medium
87,10,25.006407212040077,93.15720864730572,0.8457391304347827,8.501708984375,1.8543341159820557,289,0.1517341167254588,0.05252539,Low,Low
1703,10,25.310881587659164,93.4630189165964,0.7292391304347826,5.408109188079834,24.9769287109375,317,0.6709447292375453,0.56400645,High,High
45,10,24.642326863410513,92.69308030155665,0.744904347826087,10.851677894592285,5.6394453048706055,282,0.6296239979642058,0.5626,High,High
65,40,26.54397740227718,92.6223839995451,0.5184826086956522,4.9984002113342285,2.270341157913208,281,1.6490788514484307e-05,0.015408202,Low,Low
61,10,26.409885365766314,91.73758402787718,0.5658913043478261,4.641315460205078,3.103667736053467,299,0.20733622964966494,0.13000114,Low,Medium
64,40,26.591022743251227,90.70732681843626,0.6518478260869566,6.031641006469727,3.617760419845581,275,0.03476606594503667,0.016680293,Low,Low
68,40,26.552206671383342,91.84462136584126,0.525895652173913,4.941302299499512,2.1241183280944824,279,1.6490788514484307e-05,0.017662954,Low,Low
472,10,25.711442642817886,92.68515278293238,0.801708695652174,5.808579921722412,16.274280548095703,305,0.2735650814681939,0.27259067,Medium,Medium
112,10,26.34201849969537,94.04467999859176,0.664304347826087,6.54990816116333,1.3894685506820679,298,0.017380288229141554,0.030701907,Low,Low
99,40,26.156888055631892,93.14544719455648,0.5601347826086958,5.17392110824585,2.7748587131500244,276,1.6490788514484307e-05,0.009761975,Low,Low
682,10,25.779330344806773,92.4920085461945,0.7011782608695653,5.746100425720215,1.8543341159820557,297,0.24876517332641962,0.1861266,Low,Medium
114,40,27.212248364292925,95.20672135638576,0.5954782608695652,7.178342342376709,2.1270837783813477,260,5.634232869954597e-05,0.0046492303,Low,Low
75,40,26.205976263658368,92.99761400361196,0.4775260869565217,5.127501010894775,3.2335243225097656,306,0.006531471969488452,0.027653718,Low,Low
46,10,26.327281119338778,90.27408621645301,0.5982782608695653,7.101196765899658,6.184830665588379,265,0.11188072249135274,0.06310237,Low,Low
272,10,25.539802370181743,93.15224415695216,0.7953173913043479,5.123058319091797,9.60074234008789,326,0.1416598508185491,0.12606809,Low,Low
97,40,26.140806769726897,93.12554589517822,0.45177826086956524,5.144575119018555,0.9274099469184875,298,0.016039333952310792,0.01670023,Low,Low
31,10,24.825810449186775,93.00799194086096,0.6594869565217392,10.614191055297852,3.8423681259155273,262,0.17106437102323302,0.16771847,Low,Low
83,40,26.718349757502214,92.49463528959481,0.5051608695652174,5.785090446472168,2.0758094787597656,297,0.001371729496506882,0.01678102,Low,Low
61,10,26.132996681714502,92.21945982051773,0.5227217391304348,5.061387538909912,2.263641834259033,271,0.054523574304389893,0.040837348,Low,Low
568,10,27.56545876345266,94.32069226624738,0.7441652173913044,6.464929103851318,30.642580032348633,278,0.8355846912273796,0.8540994,Very High,Very High
99,10,26.975227294845688,94.66153492892107,0.6087304347826087,6.826453685760498,6.364407062530518,287,0.17369786111459842,0.16769966,Low,Low
284,10,24.268499721695303,92.43323907455418,0.7866217391304349,10.490352630615234,22.84517478942871,300,0.47397462410082225,0.39040604,Medium,High
33,40,26.013871060085684,90.40517850213705,0.5625,7.422843933105469,6.545331001281738,267,0.1174765262464439,0.03178328,Low,Low
58,40,26.490764408225125,91.5338117475487,0.48650000000000004,4.89663028717041,4.531837463378906,248,0.026806320822697523,0.029244456,Low,Low
89,40,26.813175476675735,92.62468517631494,0.5229478260869566,5.553375244140625,2.96755313873291,301,0.0015809044673301155,0.016855815,Low,Low
74,80,26.58530087065578,93.27375246154642,0.5439086956521739,5.05623197555542,2.1242642402648926,265,0.012160032861537046,0.022227494,Low,Low
44,80,26.169481076626738,91.10138336608085,0.0898409090909091,5.193960666656494,1.0333112478256226,274,0.003709913619697373,0.013697007,Low,Low
101,10,27.03285580862218,94.91219072270741,0.6405260869565217,7.106823921203613,3.628156900405884,252,0.049869148226234214,0.03623805,Low,Low
386,10,25.220247300310035,93.0956624019665,0.7501608695652174,7.583954334259033,19.232635498046875,318,0.8271328914634914,0.745399,Very High,Very High
59,40,26.250845991194538,92.59562038147284,0.45457391304347833,4.857574939727783,2.776096820831299,313,0.04576707147077551,0.059718236,Low,Low
115,10,26.715816509034074,90.41787763839501,0.612195652173913,6.235572814941406,1.3919838666915894,254,0.016679966760823655,0.020949775,Low,Low
131,40,27.906298281111354,95.68141770788817,0.6116652173913043,9.614947319030762,1.8543341159820557,310,0.10049511206638928,0.044415522,Low,Low
43,40,26.496941528298844,91.15325345458488,0.4823695652173913,5.201381206512451,2.123875379562378,282,0.0018628965193794227,0.011926722,Low,Low
364,10,26.48222482611393,93.31290936524807,0.7989826086956522,5.024909496307373,15.685647010803223,272,0.22699207808574176,0.14404687,Low,Medium
673,10,26.432528930010484,93.1761097181874,0.8191217391304348,4.787946701049805,8.83627986907959,335,0.07758720055196328,0.019097066,Low,Low
47,80,26.197866495680014,91.30919100260621,-0.06047222222222222,4.3785881996154785,1.3885127305984497,291,0.037522005548960256,0.044919908,Low,Low
130,10,26.703190123679065,90.82429975672787,0.744604347826087,5.586957931518555,3.704791784286499,283,0.19038326131954972,0.13720283,Low,Low
634,10,25.87676174994886,92.36648238932975,0.7315869565217391,5.73064661026001,12.003884315490723,299,0.4618661289595812,0.50348395,High,High
63,40,26.13474641869221,92.51916537811873,0.5295739130434783,5.064931392669678,3.461538791656494,323,0.05800151245988962,0.045324977,Low,Low
75,40,26.576424741478174,93.12291266501292,0.5469565217391305,5.084802150726318,2.966801404953003,279,0.0030235173586969036,0.015687723,Low,Low
64,40,26.443012811428808,92.60920941798945,0.5130913043478261,5.006565093994141,3.10455584526062,290,0.003597931910333677,0.01652713,Low,Low
48,10,24.361868064206046,92.5336596616635,0.6687695652173913,10.51688289642334,4.169490337371826,278,0.4988495982037463,0.46922502,High,High
53,10,26.115412914798647,91.5559617659896,0.5626826086956522,3.9844858646392822,2.064993381500244,267,0.21207716803999555,0.09932933,Low,Medium
104,10,27.42190580012258,94.29629021116622,0.5555521739130436,7.327694892883301,2.2851545810699463,279,0.011850971848926632,0.020058798,Low,Low
78,10,25.967480197323162,92.5841689691031,0.7104782608695652,5.84947395324707,3.459789752960205,298,0.21092509348505065,0.11140276,Low,Medium
91,40,26.64110047811099,90.60291022397583,0.6404782608695653,6.060866832733154,1.0375425815582275,289,0.008941317140981538,0.009076006,Low,Low
84,10,26.9742053896281,93.86452858238195,0.5482956521739131,7.270076751708984,2.1260008811950684,272,0.026973011367364765,0.024258254,Low,Low
34,40,26.26992602598709,89.88665960868205,0.523504347826087,7.154172897338867,2.265856981277466,272,0.011282558383420115,0.009163992,Low,Low
46,40,26.422738099230703,90.6538063963831,0.5966086956521739,6.239703178405762,2.77838134765625,307,0.009457221358751525,0.010583104,Low,Low
376,10,26.165517158735103,93.25319884863546,0.7752,5.110108852386475,7.449283599853516,315,0.35448672332528247,0.29346496,Medium,Medium
54,10,25.988288735359248,90.71427708805399,0.6137347826086957,7.678648471832275,14.211699485778809,287,0.877829929842654,0.82678705,Very High,Very High
107,10,26.498625698205732,94.19548027585564,0.6784173913043479,7.057633876800537,1.8543341159820557,279,0.01903882846656095,0.025698768,Low,Low
231,10,25.917348559500144,93.23901040426335,0.7404739130434783,4.688974380493164,11.343338966369629,322,0.3621756351521918,0.1712558,Low,Medium
241,10,26.207567877752375,92.94057429250351,0.7308608695652175,5.023381233215332,8.28909969329834,286,0.3176143744737847,0.32687137,Medium,Medium
81,40,27.057867278169027,94.10654865122375,0.5898608695652174,7.833983421325684,0.9274099469184875,299,0.011405933650558812,0.017008709,Low,Low
66,80,26.604252694273605,92.65055810502169,-0.046900000000000004,5.055501461029053,8.099719047546387,254,0.35237936149322213,0.17458256,Low,Medium
59,40,26.535189884508544,90.14516578058185,0.5470086956521739,7.236311435699463,2.2701992988586426,253,5.634232869954597e-05,0.0047022137,Low,Low
102,60,27.507333739040725,94.90678968199579,0.0711909090909091,6.43903112411499,1.3974848985671997,282,0.004003632164139936,0.010722844,Low,Low
49,60,26.390424063570347,91.61677440190789,0.5329434782608696,4.961639881134033,1.389792561531067,295,0.04881682674027631,0.041145675,Low,Low
46,10,25.99056152658649,91.04663820065787,0.6065521739130435,5.5323262214660645,7.179743766784668,284,0.3271051106549182,0.2623196,Medium,Medium
52,40,26.55232308773898,91.26621798779406,0.5943521739130435,5.582180500030518,0.0,293,0.0022913882019943606,0.009318496,Low,Low
92,40,26.713563275652266,91.95649732479477,0.5593434782608696,4.866212844848633,1.3919687271118164,274,0.05482461901539438,0.043898482,Low,Low
102,10,26.70663751637032,91.45539092192544,0.6417434782608696,5.329493999481201,4.243775844573975,253,0.073985051350154,0.0540291,Low,Low
31,40,24.78636910740966,92.99390457111166,0.578113043478261,10.440208435058594,4.227700710296631,271,0.17277647301689064,0.10934031,Low,Low
91,60,26.57504589355517,93.87112225311516,0.4904565217391304,6.110873222351074,1.391030192375183,257,0.003006722592108128,0.0102222795,Low,Low
155,40,25.850487413168395,93.18723736393713,0.7447478260869566,4.612306594848633,6.323864459991455,310,0.3470006522298714,0.16708846,Low,Medium
93,40,27.254602929140248,94.25513965855309,0.6386869565217391,7.117359638214111,0.9274099469184875,284,0.005415279570543867,0.009166552,Low,Low
110,40,27.512586282663374,94.34632351287772,0.5269304347826087,6.721839904785156,1.0456418991088867,261,0.002840892603044794,0.005764008,Low,Low
86,10,27.080252657192254,94.0669296198157,0.645595652173913,7.698115825653076,1.394486904144287,283,0.041363886239008385,0.03682163,Low,Low
82,10,24.362189951869958,92.37895515816294,0.7570130434782609,9.901175498962402,3.704791784286499,278,0.25206495722457417,0.10916943,Low,Medium
81,60,27.184582879944596,94.18595860065626,0.4529782608695652,8.260764122009277,2.281078815460205,297,0.03111016810671543,0.048596833,Low,Low
125,40,27.4380784162852,95.38854941466798,0.632595652173913,6.899820327758789,2.7923295497894287,261,0.014244073198839781,0.009759533,Low,Low
175,10,26.73711765052937,90.65098101413419,0.456104347826087,5.223232746124268,2.7802884578704834,277,0.3720113008644821,0.21226676,Medium,Medium
78,40,26.81735515135589,92.94236922850354,0.5319608695652174,5.412135601043701,2.2748825550079346,275,0.001686741684571832,0.012904276,Low,Low
36,40,26.130862367737215,90.09508636577988,0.407304347826087,7.531344413757324,1.03296959400177,283,0.03986151432337308,0.008785053,Low,Low
411,10,26.338188227943593,90.54655920995248,0.7648913043478262,6.683079242706299,16.96462059020996,286,0.6717746183935771,0.6933519,High,High
250,10,25.06065634379623,92.65072821491643,0.7357782608695652,9.383251190185547,16.847585678100586,291,0.8095423371601809,0.72280675,Very High,Very High
90,40,27.224133183287673,94.3473846829899,0.6189130434782609,7.327713966369629,1.3954893350601196,290,0.011122037685436889,0.0114940815,Low,Low
112,10,26.43726278376864,93.84732243497206,0.6750913043478262,6.360642910003662,0.9274099469184875,256,0.009981211896950816,0.018853147,Low,Low
99,40,27.272607958196158,94.68475410004703,0.45886086956521743,6.577935695648193,2.1273603439331055,284,0.001927681014276329,0.00646783,Low,Low
106,40,27.37407696661447,94.95857730890904,0.5762260869565218,6.717748165130615,2.127829074859619,244,5.634232869954597e-05,0.0053480146,Low,Low
149,10,24.269352785751654,92.40137586954245,0.7083695652173914,10.490352630615234,10.176372528076172,297,0.47485230044244225,0.53477407,High,High
62,40,25.929503539194116,90.76209721846236,0.5731260869565218,6.814089298248291,3.0909268856048584,275,0.0006854543256950758,0.006358679,Low,Low
155,10,25.755037216345475,93.22729949248732,0.5883608695652174,4.061557292938232,9.250675201416016,302,0.7507529643263052,0.8782989,Very High,Very High
41,40,26.273514470053925,91.03478722804903,0.5036217391304348,5.3711113929748535,2.0678000450134277,266,0.0018862572710499998,0.006570359,Low,Low
427,10,26.347058899139995,93.04784253509258,0.7780304347826087,4.719132900238037,5.563410758972168,336,0.28075981397425237,0.06947078,Low,Medium
40,40,26.255363212436105,90.77431192488913,0.4569304347826087,6.148016929626465,1.3888930082321167,301,0.034005099668592415,0.009506353,Low,Low
105,10,27.33331742997337,94.8988220676074,0.5361347826086957,6.553901672363281,0.9274099469184875,253,0.016508607822623464,0.015184963,Low,Low
41,60,26.34581983748433,90.09130178052347,0.5816739130434784,7.126979351043701,2.7802884578704834,252,0.009173081577063535,0.010148775,Low,Low
37,40,26.035480547794634,90.36574766778553,0.4568739130434783,7.598073482513428,4.5171284675598145,290,0.04915561997508939,0.019821038,Low,Low
567,10,26.35250004749665,93.38638662720601,0.7765652173913044,5.413952827453613,9.926541328430176,335,0.3212738822359623,0.21481052,Medium,Medium
62,10,26.394263278883688,92.54366598692697,0.6400130434782609,4.861856460571289,1.0353142023086548,299,0.14905062540858363,0.17610711,Low,Low
408,10,26.209183667966077,92.81891344642374,0.7075478260869565,4.664918422698975,27.337566375732422,358,0.7998306739590646,0.8867635,Very High,Very High
102,10,27.366069813862236,94.90318552746109,0.6567260869565217,6.742856502532959,3.1299896240234375,254,0.0225326404481791,0.022493226,Low,Low
536,10,25.870579519757225,92.43677239829944,0.7869434782608696,5.807493209838867,24.565872192382812,325,0.5901205619652314,0.63218296,High,High
57,10,26.564735440053052,90.86639000460876,0.6580043478260871,6.123903274536133,0.9274099469184875,255,0.023976366081797335,0.01916125,Low,Low
82,40,25.767634077260443,92.93174653886747,0.6063130434782609,4.976949691772461,1.029789924621582,312,0.04541696281711105,0.05229928,Low,Low
57,10,26.56894929846468,91.17709900333743,0.5814173913043478,5.522298336029053,2.2707533836364746,272,0.017735487077270934,0.03735956,Low,Low
45,40,26.38847650028409,90.30656220906745,0.5182260869565217,7.054399013519287,3.464224100112915,287,0.001371729496506882,0.010577353,Low,Low
95,40,27.254248976568018,94.48782510131785,0.564995652173913,6.4391279220581055,1.0432006120681763,292,0.001371729496506882,0.006102347,Low,Low
90,10,27.11677308515158,94.26828656261675,0.6268695652173913,7.103990077972412,3.257274627685547,320,0.05543666035316909,0.07041242,Low,Low
64,40,26.600261150266263,91.49360060923034,0.43286521739130435,5.1998162269592285,4.243765354156494,292,0.015873884587221363,0.022361003,Low,Low
699,10,26.240456754948966,93.38669541214662,0.832291304347826,5.377800464630127,12.252997398376465,329,0.09527448152764317,0.05026927,Low,Low
118,10,26.73405512626905,91.84150299645094,0.6448608695652174,4.923382759094238,0.9274099469184875,284,0.17857058479466936,0.13415988,Low,Low
704,10,25.641068939366715,92.65453638163687,0.6939565217391305,5.999862194061279,13.26054573059082,329,0.5751439539878611,0.43743482,High,High
79,40,26.835972206763298,93.50433875201145,0.4989782608695652,5.519869804382324,2.7839643955230713,265,0.006232717890308502,0.0114285005,Low,Low
923,10,25.418822696678948,92.73248302900065,0.7761173913043479,6.315807342529297,7.148935317993164,293,0.2039867158117055,0.08878719,Low,Medium
245,10,26.75537128125739,90.71454151559495,0.8042391304347827,5.202755451202393,1.8543341159820557,272,0.19940993964359388,0.11082432,Low,Low
212,40,25.748995873627063,93.41357058952217,0.7245521739130435,5.16671085357666,6.223077774047852,312,0.5046941873603586,0.44284794,High,High
300,10,26.883149931228715,90.41993790379597,0.7317043478260871,5.285831928253174,2.9677774906158447,272,0.23494427624195088,0.22510533,Medium,Medium
43,10,24.837496667391765,92.56153999424666,0.6917826086956522,9.960885047912598,14.709211349487305,254,0.7430840836085849,0.7015722,Very High,Very High
123,10,27.481726737097258,95.2799133402763,0.6708173913043478,6.933089256286621,0.9274099469184875,262,0.0140966083929519,0.01899884,Low,Low
29,40,26.134837627698147,90.0161892936523,0.4802434782608696,7.406292915344238,2.774566650390625,310,0.06182709486439999,0.019849494,Low,Low
51,10,26.017701707385296,90.72170986530561,0.7363521739130435,6.777894020080566,2.7802884578704834,285,0.09373956262898434,0.03371837,Low,Low
135,10,26.376262679284032,93.85433989804497,0.7578695652173913,6.4288249015808105,2.069629430770874,294,0.05531294859745714,0.05341408,Low,Low
29,40,25.592622004319388,89.95615222485804,0.4686173913043478,7.662646293640137,0.9274099469184875,286,0.04360033517686324,0.011805591,Low,Low
62,10,26.669170408080298,90.94824842123907,0.764613043478261,5.592257022857666,0.0,273,0.1625835137821996,0.08809396,Low,Low
65,40,26.086416289083736,92.60895121386513,0.6063173913043478,5.303548336029053,0.0,306,0.020354479641756816,0.019173112,Low,Low
59,40,26.567517675010187,90.07575624472307,0.5599652173913043,7.253879547119141,1.3909796476364136,250,0.0008923667276948814,0.004892781,Low,Low
110,10,26.45721609732528,93.8802316339888,0.7017869565217392,6.514138221740723,0.0,259,0.040534741757837035,0.028088968,Low,Low
784,10,26.22946762274445,93.30818269498874,0.8003217391304348,5.184736728668213,24.382770538330078,345,0.36387470072066586,0.28641132,Medium,Medium
909,10,25.130716934898636,93.05810654513516,0.7356260869565218,7.751330375671387,18.842945098876953,304,0.6447559921847238,0.64410084,High,High
177,10,27.417951744308173,95.74070341118149,0.722213043478261,6.74222469329834,2.0887882709503174,308,0.3183417529180183,0.27660513,Medium,Medium
129,10,27.368816440221227,95.33595342744908,0.629695652173913,6.948485851287842,2.2842395305633545,272,0.03445874990866062,0.056229692,Low,Low
54,40,26.43517517106282,91.64132612684949,0.5602521739130435,4.945115089416504,2.7802884578704834,271,0.002801041062859733,0.009762459,Low,Low
56,10,26.63697742856324,91.21902538034708,0.5701782608695652,5.494021892547607,5.255554676055908,262,0.12151945644388693,0.103363074,Low,Low
97,40,27.233002040610184,94.6697611947993,0.4715478260869565,6.958330154418945,2.0853145122528076,272,0.005027243476686527,0.0058764564,Low,Low
96,10,27.20314847726725,94.42617348230213,0.6500478260869565,6.846043109893799,8.483881950378418,297,0.3853931017549833,0.2786626,Medium,Medium
739,10,25.070930914861787,93.10321757919712,0.8080652173913043,8.108642578125,13.246740341186523,319,0.531010538967213,0.67063814,High,High
90,80,27.256999744472648,94.21424548907524,0.1212,7.320289134979248,1.3957188129425049,280,0.00010797534640159413,0.00864437,Low,Low
66,10,26.546162128449073,92.26117092341866,0.5338608695652174,5.187835693359375,4.241871356964111,281,0.05077768704620191,0.08573312,Low,Low
127,40,27.846334833518316,95.40454412300909,0.5628652173913044,9.15948486328125,1.0488396883010864,295,0.012340579475019335,0.011956101,Low,Low
578,30,25.883793673890494,92.49432316183339,0.7348391304347827,5.561094284057617,17.25292205810547,301,0.6586028954377651,0.6084619,High,High
77,40,26.561049435156992,93.0042591191789,0.5478260869565217,4.890519142150879,2.780235528945923,248,0.022883852286309885,0.026224213,Low,Low
247,10,25.843327694973212,93.52273795584254,0.766295652173913,5.455253601074219,10.296231269836426,320,0.5676647722566375,0.4839762,High,High
505,10,25.428184338679532,93.23209229140974,0.7187869565217392,5.747434139251709,28.177513122558594,333,0.9397359217447039,0.96131754,Very High,Very High
71,40,26.630817125552003,89.99387800606445,0.5326608695652174,7.162275791168213,2.1244657039642334,227,0.008572077033278148,0.0076227644,Low,Low
110,10,26.80987425087253,92.45907962274012,0.6303521739130435,5.790663242340088,2.1252617835998535,271,0.07864805964495683,0.07119305,Low,Low
124,10,27.602368345622487,94.58307316790676,0.6507521739130435,6.3697075843811035,2.28828763961792,282,0.02892988155668777,0.03314293,Low,Low
70,40,26.114838287267435,92.89968088005843,0.4558652173913043,5.161534786224365,1.3879656791687012,282,0.00010017429963038419,0.013094229,Low,Low
255,10,27.470741748474097,94.17722698193342,0.7986565217391305,7.206135272979736,24.725330352783203,282,0.4518911671879507,0.51639664,High,High
220,10,24.404411411591827,92.8629836524951,0.8355478260869567,9.70812702178955,12.920133590698242,258,0.38746525889843175,0.18291646,Low,Medium
113,10,26.77588444450162,92.26415705349137,0.6935,5.712379455566406,4.541230201721191,288,0.157919467596882,0.12963676,Low,Low
95,10,26.917099857462212,94.44861653511913,0.5656304347826088,6.373570442199707,4.173509120941162,298,0.024549350719789347,0.04353094,Low,Low
126,10,26.397095837968287,93.87196159513084,0.7913913043478261,6.4288249015808105,3.6132683753967285,287,0.16296247634529282,0.08922122,Low,Low
72,80,26.742004062511462,93.25727396842849,0.4929217391304348,5.411763668060303,0.9274099469184875,263,0.00968215585281375,0.01963364,Low,Low
76,40,26.87371018536907,93.66044594116599,0.6758782608695653,5.811822414398193,2.9677469730377197,265,0.021815674895788877,0.017105052,Low,Low
346,10,26.467177409350025,93.47135006372467,0.8113826086956523,5.581844806671143,18.173404693603516,304,0.19921984524472391,0.15198511,Low,Low
75,10,26.842217745200486,93.62371176928077,0.5930913043478261,5.635316371917725,1.3928461074829102,263,0.02123396639645224,0.029636832,Low,Low
31,40,26.147952630607698,89.77778276516666,0.5345782608695653,7.007702827453613,1.388184905052185,280,0.007842127871927729,0.0071509606,Low,Low
71,40,26.6684897797102,92.58811156920207,0.605195652173913,5.319263458251953,1.037790060043335,297,0.00566889429020056,0.013284771,Low,Low
238,10,25.799401007778155,93.24794047658081,0.7612652173913044,4.061557292938232,2.0594642162323,307,0.3201260402530138,0.173686,Low,Medium
62,40,26.465225051586067,91.95995899591811,0.5107478260869566,4.460555553436279,0.0,280,0.03491670477424495,0.04131344,Low,Low
545,10,26.206551830410945,93.35328091202311,0.8260173913043478,5.377800464630127,10.096575736999512,337,0.09245333132720286,0.045989897,Low,Low
1173,10,25.076212517458522,92.90297425259806,0.7794000000000001,8.642134666442871,16.13713836669922,341,0.3972924613182843,0.3037719,Medium,Medium
105,40,26.47315337672708,93.88454189417043,0.705804347826087,6.514138221740723,2.1237716674804688,273,0.01448907495751272,0.012603372,Low,Low
163,10,26.723164641619338,89.95817947441917,0.7700652173913043,6.34852933883667,10.299249649047852,285,0.5188904154970386,0.49885798,High,High
55,40,26.131936433715943,92.1578528919482,0.39786521739130437,5.217355728149414,1.0329793691635132,281,0.0012144736779182849,0.008334887,Low,Low
88,10,26.87908342981984,92.8167194218749,0.6960391304347826,5.594241142272949,1.0397182703018188,303,0.03630996501204873,0.05598294,Low,Low
204,40,26.828735724346238,91.96035524011612,0.6576217391304349,4.874882221221924,0.9274099469184875,281,0.24306585240302572,0.1582469,Low,Medium
84,40,26.047090977279876,92.98213289846348,0.5028782608695652,5.379156589508057,3.094019651412964,280,0.0047819077112762134,0.010816377,Low,Low
19,40,24.59718429886458,92.44509794449957,0.5519695652173914,10.154508590698242,1.0199466943740845,278,0.16622894516393782,0.22668791,Medium,Low
42,60,26.338593976187987,91.13972377335058,0.5826913043478261,5.047268390655518,3.1017544269561768,295,0.0379308766616829,0.037992388,Low,Low
49,10,25.987098071109447,91.18089388031402,0.5992913043478262,5.400074481964111,0.9274099469184875,281,0.026857535294289848,0.0342203,Low,Low
66,40,26.215933832143627,92.28455671818962,0.5677391304347826,5.0163493156433105,5.6418561935424805,283,0.07401845872127764,0.07216535,Low,Low
136,10,27.408896349984325,95.53863140607058,0.596895652173913,6.1548991203308105,2.2849292755126953,284,0.0735638690039189,0.054548584,Low,Low
28,40,24.791107999408514,92.98532576977648,0.6091478260869565,10.440208435058594,2.7575745582580566,278,0.22718934517561687,0.13645788,Low,Medium
130,40,27.83921384953456,95.23931912811149,0.5755652173913043,8.154549598693848,1.0487725734710693,277,0.002801041062859733,0.015857106,Low,Low
142,10,24.36301492761745,92.5943618476657,0.7487869565217391,10.360626220703125,8.207053184509277,305,0.3569474881139138,0.39195934,Medium,Medium
82,40,26.636164598156054,90.35341329348446,0.6031826086956522,6.72191047668457,0.9274099469184875,276,0.005697819317686406,0.010126788,Low,Low
33,10,24.798520946901345,92.69490256884507,0.6832260869565218,10.887288093566895,4.9318952560424805,265,0.5056636124466128,0.50388235,High,High
27,40,25.62498655207808,89.92259207321035,0.4621782608695652,7.1046857833862305,2.7802884578704834,277,0.007083272949597578,0.0072031766,Low,Low
131,10,26.970023714643514,95.01750130259897,0.807113043478261,7.488307952880859,2.7802884578704834,292,0.10585352399696456,0.057077557,Low,Low
68,40,26.555995077507813,92.02185998176803,0.46395652173913043,5.124284744262695,0.9274099469184875,288,0.007776548802326368,0.016256263,Low,Low
409,10,26.270625473738146,92.95704187923984,0.7265782608695652,5.163473606109619,16.3626708984375,331,0.8992477427807918,0.9164396,Very High,Very High
18,40,24.846544374111826,92.69185511914036,0.4323565217391304,10.621053695678711,1.37992525100708,273,0.23767526042127543,0.15826888,Low,Medium
326,10,26.339090846630672,93.6890483885282,0.7965782608695653,6.053843975067139,23.74485969543457,331,0.3924044693372815,0.53351396,High,Medium
125,60,27.760863057426015,95.46780322156097,0.7495086956521739,8.149523735046387,3.141242742538452,275,0.15935576444066435,0.11422339,Low,Low
25,10,24.81905381441814,92.3443199893998,0.5417521739130435,10.31802749633789,4.73787784576416,260,0.08957139480006553,0.1375825,Low,Low
159,10,25.924832792883205,93.46301930448293,0.6295913043478262,5.62770414352417,2.771824598312378,279,0.33239529697971765,0.19335817,Low,Medium
30,40,26.08080722935018,89.79640814214956,0.5609739130434783,6.977304935455322,2.0643858909606934,267,0.010660360922118587,0.0058496026,Low,Low
145,10,25.964078530675117,91.37912382262262,0.7151434782608697,4.632077217102051,29.522336959838867,283,0.8895850764361893,0.91745424,Very High,Very High
874,10,25.808842580871044,92.41445245721874,0.7563565217391305,5.617804527282715,16.773073196411133,310,0.37500997336872094,0.24698028,Medium,Medium
17,80,24.909582756549593,92.61424892006772,0.1719,10.200281143188477,0.9274099469184875,275,0.2273332673957149,0.11288413,Low,Medium
75,10,26.59398010900499,92.00241697876503,0.6148782608695652,5.124284744262695,0.9274099469184875,273,0.09866683889608407,0.09380527,Low,Low
96,10,26.48942943724634,93.06812699504395,0.6450652173913043,5.230645656585693,2.123842239379883,275,0.050670430175951055,0.056059092,Low,Low
409,10,26.37981995681445,93.24871706663136,0.7455304347826087,5.035647392272949,8.4358491897583,305,0.2788080179934995,0.24625634,Medium,Medium
78,40,26.61223371061207,92.1223542224343,0.545608695652174,4.982552528381348,3.109126091003418,289,0.014286608715379167,0.026129967,Low,Low
618,10,25.25876714897294,93.0898111470701,0.8075826086956522,7.73258638381958,13.578559875488281,325,0.5270034671209479,0.6938152,High,High
121,40,27.378835302112556,95.28873102446202,0.5743826086956523,6.861530780792236,1.396576166152954,255,0.0013931180028246178,0.0045308787,Low,Low
112,10,27.432922668602394,95.12610459897382,0.6919782608695653,6.85582160949707,1.3969589471817017,259,0.010835225995107185,0.018424563,Low,Low
53,40,26.602283693516203,90.84760021938627,0.6189652173913043,6.066924095153809,1.3912138938903809,274,0.020789557324423176,0.011000376,Low,Low
353,10,25.90593836650996,91.30150623988573,0.704313043478261,5.296744346618652,22.87346839904785,296,0.9360918757293145,0.89338166,Very High,Very High
91,40,26.511336938258054,94.07976314430981,0.44996521739130435,6.539707660675049,2.269806146621704,291,0.008048743753695664,0.0068130307,Low,Low
855,10,25.259030222965734,93.25582745880179,0.6813,6.5297040939331055,20.247541427612305,319,0.8435012151469365,0.78000224,Very High,Very High
696,10,26.395829458223805,93.18029546633782,0.7880782608695652,4.860214710235596,9.061704635620117,323,0.14719483019818888,0.059707884,Low,Low
188,10,26.309987879791013,93.77325191459695,0.7583565217391305,6.31804084777832,8.28909969329834,296,0.2925042429165416,0.23436025,Medium,Medium
186,10,26.028096918720557,90.50577286308717,0.6969565217391305,6.710035800933838,15.033280372619629,272,0.8031080990887732,0.89258456,Very High,Very High
101,40,26.48418167377394,93.89285177484845,0.5911000000000001,6.514138221740723,1.390420913696289,267,5.634232869954597e-05,0.0045133885,Low,Low
134,40,27.874696751457986,95.77331054100995,0.6598217391304348,8.391550064086914,0.0,317,0.04519764393918415,0.040398404,Low,Low
200,10,26.843394645370388,92.01127369794075,0.6845826086956522,4.966708183288574,2.1254122257232666,274,0.37212417675041076,0.28967804,Medium,Medium
54,10,26.334903512324615,91.59354724197439,0.5597608695652174,5.0829973220825195,5.242274284362793,291,0.19493702950819608,0.19351065,Low,Low
965,10,25.169287633526245,93.14800814903771,0.7479826086956523,7.663296699523926,26.673307418823242,320,0.5531791708354346,0.6669222,High,High
89,40,27.140928542759262,94.01187799491778,0.5570739130434783,8.158195495605469,1.3949077129364014,263,5.634232869954597e-05,0.0092340065,Low,Low
75,10,26.60196400392329,91.86942513390483,0.5677478260869565,4.731832504272461,2.78078556060791,289,0.24229360744896036,0.17302491,Low,Medium
42,40,26.052283698925063,91.04468751271567,0.4879173913043478,5.808966159820557,2.1219475269317627,298,0.0053889140350215055,0.01721009,Low,Low
100,40,27.50781917831609,94.61874745154094,0.48551739130434785,6.438392162322998,1.3974888324737549,276,0.004471291958917081,0.0058051376,Low,Low
105,10,26.822747526838373,94.52302233310279,0.5844478260869566,6.396636486053467,2.7837822437286377,278,0.02360790248314433,0.022260573,Low,Low
714,10,26.28909136789676,93.59034218330154,0.7977913043478262,5.593973636627197,28.079360961914062,328,0.4804035184769444,0.45808515,High,High
353,10,26.29283843139485,93.2306272962051,0.7922173913043479,5.188548564910889,21.2843074798584,322,0.29233077564027604,0.3418941,Medium,Medium
81,40,27.031804812164328,94.04527651902916,0.5765478260869565,7.2248945236206055,3.2550101280212402,275,0.0040187876590284085,0.008842581,Low,Low
424,30,25.371660327602065,93.344925536445,0.7423130434782609,5.906062126159668,3.590327501296997,353,0.7350710636267475,0.6679433,High,Very High
41,40,26.10203128250666,91.17703105035064,0.5418695652173914,5.132481098175049,2.2631452083587646,271,0.0052908255693979315,0.0076297983,Low,Low
137,10,26.85327059938794,92.28622582203434,0.7152260869565218,5.360732078552246,5.0689592361450195,294,0.31152328651652433,0.2862042,Medium,Medium
319,10,25.82272841671301,92.74129661767472,0.7860608695652175,5.670004367828369,14.572186470031738,307,0.4212024851781578,0.41845015,High,High
177,40,25.905072049412297,93.93757699656098,0.6583,6.497692108154297,4.5129852294921875,295,0.21594423746101146,0.13580637,Low,Medium
75,10,24.440308482718514,92.62042471784285,0.7573782608695653,10.492793083190918,13.19408130645752,268,0.2665667503067475,0.11956364,Low,Medium
109,10,27.084568515474455,95.0724250354744,0.617404347826087,7.3663530349731445,0.9274099469184875,266,0.022947872964823982,0.026226923,Low,Low
38,80,26.24522949862774,91.2171167588234,0.4219739130434783,4.767054557800293,0.0,272,0.08778496677679065,0.031370755,Low,Low
42,40,26.327356231784652,90.21415817909336,0.5022391304347826,7.197936058044434,3.611673355102539,276,0.0,0.010406644,Low,Low
114,10,25.82723532607755,93.02462464026792,0.7434000000000001,4.551418781280518,1.3860914707183838,301,0.21625303832241594,0.13098983,Low,Medium
97,40,26.700596519074846,91.78625550891329,0.580708695652174,5.1191816329956055,1.3918818235397339,305,0.008018182694049025,0.016469643,Low,Low
167,10,27.378834542903032,95.93363160103895,0.7457391304347827,7.420163631439209,4.249848365783691,286,0.266858128830795,0.1767608,Low,Medium
94,40,26.873002288199675,94.47480029296004,0.4479,6.61771297454834,1.3930573463439941,296,0.008884768152690998,0.0084564835,Low,Low
81,40,26.925194342395237,93.80234492798267,0.5591391304347826,6.48236083984375,7.747732162475586,259,0.3043018219526277,0.07520774,Low,Medium
58,80,26.451139378025076,92.33775826990959,0.07724545454545455,5.044973850250244,0.9274099469184875,278,0.004011707502838501,0.013381501,Low,Low
433,10,26.061537842639062,93.41760537274195,0.7349217391304348,5.348968505859375,8.070084571838379,338,0.4029377213438921,0.30246034,Medium,High
75,40,26.902179784901,93.69415227689167,0.5816869565217392,6.0361175537109375,1.0399303436279297,244,0.003951999146437887,0.00537052,Low,Low
87,40,26.97535490517808,93.77432658431275,0.5661869565217391,6.827000617980957,0.9274099469184875,253,5.634232869954597e-05,0.004715014,Low,Low
57,40,26.145309604733807,92.58844344247792,0.39513478260869567,5.001204490661621,1.8543341159820557,343,0.09398012687494701,0.024272822,Low,Low
92,40,26.90552068858844,94.45615448385483,0.5554826086956522,6.471229553222656,3.625136613845825,307,0.007818693739640885,0.019726682,Low,Low
80,40,26.687147359633677,93.62818085972143,0.5473695652173913,6.019896984100342,1.8543341159820557,261,0.0030633688988819657,0.0055453316,Low,Low
74,10,26.66609455144836,90.86430410762864,0.7745521739130435,5.747287273406982,3.1105902194976807,282,0.18254437246690303,0.095786616,Low,Low
65,20,26.22953136197315,92.52928749099486,0.6192521739130435,4.6784987449646,6.247817516326904,328,0.3880228918998525,0.33930537,Medium,Medium
103,10,27.03016107944633,94.91716471687627,0.6344695652173913,7.106823921203613,2.0815343856811523,260,0.006811579138008856,0.021061247,Low,Low
51,40,26.003118785081718,90.65835552519191,0.5690260869565217,6.875816345214844,4.120700836181641,273,0.002801041062859733,0.007970179,Low,Low
692,10,26.399034335062524,93.18034730027692,0.7997391304347826,4.860214710235596,6.782864570617676,295,0.10884611927303918,0.031213861,Low,Low
115,40,27.21675969515706,95.2215532001851,0.6219130434782609,7.178342342376709,2.7802884578704834,261,0.001905155029674449,0.008596317,Low,Low
55,10,26.224842279283386,89.91787252529976,0.6267739130434783,7.432221412658691,1.8543341159820557,283,0.05636771730098731,0.044890296,Low,Low
53,40,26.461246151638626,90.21659038048844,0.5492652173913043,6.932117462158203,0.9274099469184875,263,5.634232869954597e-05,0.004601377,Low,Low
711,10,25.334045186599294,92.88945556976604,0.7331347826086957,7.57315731048584,21.7413330078125,295,0.8831386654528617,0.88728285,Very High,Very High
445,10,26.346176235655385,93.01947378934446,0.784404347826087,4.719132900238037,6.545788288116455,328,0.13141689035508133,0.03240849,Low,Low
470,10,26.179857169897325,93.23829398506778,0.7151782608695653,5.11710786819458,8.28909969329834,353,0.7557299458890003,0.8385377,Very High,Very High
38,80,26.2117458750365,90.83943573071885,0.32476086956521744,6.089169025421143,13.045446395874023,298,0.610187881354889,0.37942424,Medium,High
179,10,26.739074610364256,90.25161337375121,0.7324782608695652,6.25186014175415,2.1249454021453857,261,0.22391446628219108,0.12535818,Low,Medium
772,10,25.217384967375995,92.87043749944272,0.7802,8.050687789916992,8.944978713989258,306,0.5367096168884709,0.54344827,High,High
79,10,26.63157114838413,91.83694550427,0.5629565217391305,4.900136470794678,2.2717862129211426,284,0.22985767084187866,0.15771082,Low,Medium
104,10,27.48496068479422,94.58296138914987,0.6361782608695652,6.7246270179748535,1.0453780889511108,273,0.012379849214776195,0.03924513,Low,Low
111,10,25.685220234263326,92.87507024090415,0.767913043478261,5.312078952789307,7.166694164276123,262,0.20641173229392393,0.08267362,Low,Medium
57,10,26.48908710223606,91.43731574195493,0.6098434782608696,4.650345802307129,2.0716588497161865,274,0.15223573662001846,0.10644895,Low,Low
101,10,26.674044695503397,90.43149777892528,0.6591608695652175,6.47020149230957,1.3917008638381958,255,0.0039310075290642,0.019103944,Low,Low
85,10,26.81226756618267,92.96374638771286,0.6848521739130435,5.598343372344971,2.125272750854492,268,0.045874601527535384,0.032590482,Low,Low
124,40,27.296483477803783,95.42187066296944,0.5411434782608696,6.846946716308594,0.0,283,0.0012929284891947395,0.006379353,Low,Low
82,40,26.66502609503152,93.76673840141845,0.4253818181818182,6.083531856536865,1.8543341159820557,285,0.008691571617475817,0.006135507,Low,Low
208,10,26.00543850432131,90.62424997029164,0.6654478260869565,6.768821716308594,10.24503231048584,296,0.6594885686695839,0.81050247,Very High,High
73,40,26.57493638289883,92.00613025249119,0.5409695652173914,5.124284744262695,2.1242177486419678,302,0.00046660508904221504,0.016650598,Low,Low
727,10,26.220005526513933,93.64994735158152,0.8202608695652175,5.983579635620117,19.933238983154297,355,0.4145232048384888,0.50440174,High,High
182,10,26.248019818444295,92.82224573985255,0.7554434782608697,4.664918422698975,11.795520782470703,304,0.526438365245719,0.35161224,Medium,High
52,10,26.433955996124133,90.62039398380921,0.6847173913043478,6.302125930786133,2.9663538932800293,311,0.12223324340601477,0.04587768,Low,Low
221,10,25.88258542353213,93.61219247677332,0.7276695652173913,5.764489650726318,3.0896992683410645,296,0.30204701538341516,0.36605582,Medium,Medium
80,40,26.686171949971314,93.71111775840869,0.5114521739130435,6.012073993682861,0.9274099469184875,273,0.0046937682547542525,0.007858893,Low,Low
76,10,25.970809727684426,92.55685931324264,0.6980608695652174,5.84947395324707,2.964925765991211,335,0.19975138921247973,0.11037869,Low,Low
66,40,26.35054524124613,92.79236839953558,0.5506304347826088,5.040630340576172,4.1620588302612305,295,0.00331886043889531,0.020086218,Low,Low
33,40,25.978198123043995,90.25828729747658,0.585908695652174,8.20882511138916,1.3870726823806763,293,0.019872384643089304,0.023021972,Low,Low
88,10,26.901245923963785,94.42197917095537,0.5679739130434783,6.373570442199707,2.7848541736602783,282,0.033096648601173596,0.022433,Low,Low
105,40,26.367956208702296,94.09009627615002,0.5418782608695653,6.6807541847229,4.976243495941162,310,0.08496700138327737,0.09353046,Low,Low
250,40,26.448360656952573,93.4954026379404,0.658404347826087,5.601352691650391,1.035800576210022,274,0.25580767536162696,0.15263495,Low,Medium
47,10,26.440807641014196,91.02589070291816,0.5612217391304348,5.473273277282715,0.0,278,0.03739363569560885,0.03898753,Low,Low
75,40,26.42744981910617,92.81838110731,0.5882565217391305,5.039552688598633,2.9663338661193848,325,0.061040906493933136,0.029940557,Low,Low
88,40,26.61359187399064,93.81412582627992,0.5118217391304348,5.917891502380371,1.8543341159820557,254,5.634232869954597e-05,0.0038910322,Low,Low
198,10,25.88211129122738,93.30645258408991,0.7314695652173914,4.839534759521484,8.969205856323242,282,0.38131320493469595,0.34799767,Medium,Medium
239,10,24.99466857660619,92.78232083526412,0.7921043478260871,10.143046379089355,15.0388822555542,281,0.5624439896430853,0.35383475,Medium,High
676,10,25.918915625761475,92.26020630017133,0.7015913043478261,5.860800743103027,3.704791784286499,258,0.24369073777696515,0.11629912,Low,Medium
81,40,26.97494190001713,93.95335297482686,0.6353565217391305,7.686824798583984,0.9274099469184875,263,0.0020492163427610864,0.011360579,Low,Low
129,10,27.661713363914068,95.47931698890005,0.692995652173913,8.047783851623535,3.2720284461975098,278,0.0871551251961124,0.14153497,Low,Low
743,10,25.15745173245004,93.27101498803594,0.7910826086956523,7.195377349853516,24.4497127532959,335,0.730971371355798,0.79175013,Very High,Very High
50,60,26.58529217830619,91.01584398311961,0.5961652173913043,5.977927207946777,1.391099452972412,261,0.0046018315648434505,0.008675761,Low,Low
96,10,26.646551635453417,93.98338654534429,0.642613043478261,6.470938682556152,10.314462661743164,266,0.6434441505941817,0.4715876,High,High
107,40,27.44197496965089,94.93671150685225,0.6420173913043479,6.683241367340088,0.0,258,0.0038927283500781703,0.008054235,Low,Low
96,10,26.593811256890437,93.9675598535994,0.5930869565217392,6.381656169891357,2.966855764389038,281,0.011606871621358528,0.022721697,Low,Low
180,10,26.718726453813364,90.00703328444811,0.7875913043478261,6.747808933258057,3.704791784286499,276,0.19416140311854632,0.11734617,Low,Low
113,40,27.596475005000215,94.73869765077072,0.5271086956521739,6.399081707000732,0.0,243,0.003396844120814242,0.005685478,Low,Low
40,10,24.63718295584203,92.26662538339949,0.7381782608695653,9.822237014770508,5.639438152313232,246,0.24274039850839194,0.12159645,Low,Medium
85,40,27.031426928255563,93.93754036767726,0.48976521739130435,6.734637260437012,1.041123628616333,271,1.6490788514484307e-05,0.0061518843,Low,Low
32,50,26.076224903394976,89.95812921469938,0.46209130434782614,6.846803188323975,1.3877140283584595,318,0.08838487514874024,0.031743217,Low,Low
50,50,26.083537904639563,90.69273861339032,0.5865130434782609,6.961010932922363,3.230424642562866,280,0.015979960827872584,0.01686394,Low,Low
70,40,26.548187694822616,92.81417773217935,0.5040478260869565,4.8667426109313965,4.981590270996094,268,0.1144377042613295,0.16114159,Low,Low
82,10,26.60799193745389,93.20901771617098,0.686808695652174,5.338816165924072,6.267739772796631,255,0.2416509463701005,0.13736595,Low,Medium
215,10,25.500286426177183,93.14968710986767,0.7438391304347827,5.359264373779297,8.827954292297363,303,0.28014420494107173,0.27185655,Medium,Medium
43,40,26.409372907767608,91.1328743931159,0.530913043478261,5.086697578430176,0.9274099469184875,288,0.002662183709602373,0.018852912,Low,Low
540,10,27.32160796442179,95.93796684541869,0.7903217391304348,7.421565055847168,7.662086486816406,290,0.4002905882809344,0.36109266,Medium,High
79,40,26.619593137010522,90.37449059903498,0.6481347826086957,6.72191047668457,2.9669382572174072,254,0.00968707344295557,0.008500104,Low,Low
57,10,26.432868824556436,90.39754836728923,0.5966260869565218,6.885894298553467,6.3476033210754395,274,0.15743360936426667,0.11516108,Low,Low
85,40,27.046174678136527,94.09307155095779,0.5755869565217391,7.38374137878418,3.4713757038116455,276,0.0033498241218478174,0.011946039,Low,Low
264,10,26.547776673399223,93.30047821635773,0.768404347826087,5.00544548034668,14.655797958374023,246,0.4091502598507389,0.25110447,Medium,High
44,10,24.538601036746464,92.30251595956585,0.6858000000000001,9.919666290283203,3.8417470455169678,243,0.13311501563604178,0.082882404,Low,Low
510,10,26.513454461006173,93.1059334363062,0.7878869565217391,4.586025714874268,24.736045837402344,321,0.25506496626256464,0.09520557,Low,Medium
47,40,26.115860975643482,91.44344951117449,0.49802608695652173,4.11247444152832,1.8543341159820557,268,0.05505973540180314,0.02249232,Low,Low
130,10,27.404406404084966,95.40259801202451,0.6694826086956522,6.865135192871094,0.9274099469184875,267,0.017223472989918956,0.022911787,Low,Low
181,10,25.79914552994388,93.15267121304262,0.7610217391304348,4.039989471435547,5.527509689331055,301,0.24094477320457156,0.26238263,Medium,Medium
81,40,25.871719474926937,92.93571757330677,0.5903086956521739,5.135383129119873,4.511921405792236,311,0.06640044466271391,0.06316587,Low,Low
46,40,26.23511912043503,91.40248379274408,0.4690565217391304,4.038865566253662,2.7758877277374268,247,0.06449032660871187,0.028040024,Low,Low
75,10,26.00367386448389,92.60949853231267,0.6601086956521739,5.7877326011657715,0.9274099469184875,302,0.07849392040495817,0.08650805,Low,Low
67,40,26.60301014420065,91.50285160586787,0.5929913043478261,5.5133233070373535,1.037194848060608,276,1.6490788514484307e-05,0.010606011,Low,Low
27,40,26.100101505983645,89.97698658373113,0.4517521739130435,7.230397701263428,0.9274099469184875,306,0.07714022554022733,0.017323872,Low,Low
191,10,26.736604703079287,90.80746460481025,0.7609478260869565,5.586957931518555,3.8467888832092285,275,0.22014712188179839,0.21011871,Medium,Medium
77,10,26.606542339043596,93.25303492083425,0.564295652173913,5.132803440093994,2.124358654022217,262,0.03391390969730486,0.03470345,Low,Low
887,10,25.286268120973308,93.26037384198061,0.6958826086956522,6.5297040939331055,10.221441268920898,301,0.5167823955627213,0.40553302,High,High
545,10,26.468730958700668,93.42241839075655,0.8328826086956522,5.444455146789551,18.669775009155273,321,0.16142051304160573,0.08501913,Low,Low
55,40,26.312409728583614,92.1739535895855,0.5285434782608697,4.789231300354004,1.389272689819336,274,0.011409512426096296,0.015506093,Low,Low
75,40,26.574061664222626,93.00081874201855,0.436395652173913,4.890519142150879,5.1711578369140625,234,0.1471206467112778,0.14225267,Low,Low
90,10,26.143898022534074,93.06910784885929,0.5025913043478262,5.236109733581543,3.0965726375579834,271,0.04649538742240866,0.034301385,Low,Low
81,80,26.849318429846782,93.87717556824316,-0.049260000000000005,6.135177135467529,4.150949001312256,263,0.0025308732907554335,0.011787537,Low,Low
59,40,26.483317046198632,90.5207019669604,0.5964869565217391,6.741034507751465,3.2406368255615234,273,0.0006854543256950758,0.008645036,Low,Low
106,40,27.37029582311822,94.96029674390049,0.5103304347826088,6.717748165130615,2.2842636108398438,255,5.634232869954597e-05,0.005060894,Low,Low
330,10,26.319148194867445,93.65261654752697,0.7987347826086957,6.053843975067139,13.116729736328125,325,0.1835996146953807,0.1489774,Low,Low
73,10,26.498108292280456,92.80129209905287,0.5114695652173913,5.067391395568848,5.54575777053833,282,0.18617239364372146,0.25312907,Medium,Low
139,40,26.021716513590366,93.84374782540989,0.5562478260869566,6.371181011199951,2.7730863094329834,279,0.033780378391706396,0.015322145,Low,Low
71,40,26.58652303039893,92.21624226427973,0.5699608695652174,5.154541015625,1.0370463132858276,281,1.6490788514484307e-05,0.011734903,Low,Low
180,10,27.959238427982076,95.91834286488863,0.7108695652173913,8.422314643859863,2.7998015880584717,304,0.286542832213373,0.26314175,Medium,Medium
97,10,26.821975572799477,92.70463983803903,0.6934782608695652,5.676693439483643,2.1253163814544678,297,0.041403449472552756,0.057131305,Low,Low
187,10,27.383100640991117,95.65935083008384,0.7585173913043478,6.513613700866699,8.32226848602295,341,0.38936029181483367,0.322271,Medium,Medium
122,10,26.731662760431018,94.53492853444311,0.7608739130434783,6.518024444580078,7.2133870124816895,269,0.20292865146880057,0.06349322,Low,Medium
67,40,26.5619492578616,92.06091944816484,0.5324434782608696,5.049450397491455,2.9667558670043945,288,0.007440982879511432,0.015158501,Low,Low
194,10,25.73021154833018,93.03586826100802,0.7711782608695652,4.289341926574707,6.889679908752441,286,0.246028655375907,0.13240576,Low,Medium
34,40,24.93518908218458,92.9519305026192,0.5722913043478262,10.716120719909668,4.483046531677246,300,0.33363405319155404,0.39110035,Medium,Medium
57,10,26.103362357654508,91.5674055665104,0.6018521739130436,3.9844858646392822,1.3878908157348633,291,0.24211302267538518,0.15771317,Low,Medium
164,10,25.79389344549065,93.62483216231374,0.6081260869565217,6.039670944213867,4.21597957611084,275,0.34430065267700677,0.21899694,Medium,Medium
77,40,26.81225207013382,93.71291846789676,0.5661217391304348,5.6851806640625,2.967550277709961,270,1.6490788514484307e-05,0.00997745,Low,Low
188,10,26.076461605063187,93.70063949566902,0.8093826086956523,6.363288879394531,1.8543341159820557,271,0.18479059312430898,0.09063001,Low,Low
39,30,26.286338640754884,90.36803448528909,0.5781260869565217,7.093236446380615,6.782258987426758,285,0.14558334967932146,0.08134607,Low,Low
1022,10,25.765469746923863,92.40356195191924,0.7709913043478261,5.741177558898926,11.007393836975098,296,0.30801664190837513,0.21599486,Medium,Medium
123,10,27.361795514831908,95.34942903719399,0.5672608695652174,6.948485851287842,2.2841153144836426,280,0.019875944564470623,0.019958407,Low,Low
114,10,26.146231061557724,91.71297840806247,0.5514869565217392,4.535181045532227,5.915122032165527,280,0.44139956214666093,0.5878914,High,High
49,40,26.165579557406232,91.51177968574089,0.5142478260869565,3.9819555282592773,2.9655215740203857,237,0.0681238164674828,0.041391823,Low,Low
45,40,26.39476403224675,90.20857383743648,0.5311304347826087,7.107200622558594,1.035319209098816,288,0.00321813522737182,0.0078804195,Low,Low
135,10,24.821178343872294,92.56176093822369,0.7774130434782609,9.960885047912598,14.506695747375488,264,0.5773394962837936,0.5617811,High,High
122,10,27.54539850644419,95.27582645247173,0.7372304347826087,6.763299465179443,1.39775550365448,234,0.040863653839234876,0.038904272,Low,Low
58,10,26.346847599964537,91.66580093617988,0.5478000000000001,4.769767761230469,4.161986827850342,307,0.14221486845473147,0.10095131,Low,Low
120,10,27.556793385648827,94.51151204976398,0.5768391304347826,6.771029949188232,5.644102096557617,286,0.14447916365960398,0.1552605,Low,Low
76,40,26.817479998315143,93.5853657015182,0.5461782608695652,5.588420867919922,0.0,261,0.002284142877783934,0.009608241,Low,Low
100,40,26.980794144160274,93.72869325556454,0.5778434782608696,6.5988545417785645,1.0406556129455566,251,0.0008923667276948814,0.004963378,Low,Low
109,10,27.7009031998845,94.98171326734308,0.7192434782608697,6.923093318939209,1.3988680839538574,264,0.02314316675192845,0.020500008,Low,Low
417,10,25.303961566879927,93.17309255865973,0.7744260869565217,6.793236255645752,10.312768936157227,359,0.775833066706325,0.919358,Very High,Very High
114,10,27.555923531790803,94.70180213346114,0.5580869565217391,6.399081707000732,2.793999433517456,286,0.019786246745926953,0.024429124,Low,Low
189,10,25.956365768369054,93.69004134657946,0.777204347826087,6.375636100769043,8.397625923156738,279,0.3051963106152132,0.24455865,Medium,Medium
54,10,26.380960544019167,90.67574995347431,0.6580086956521739,6.281519889831543,11.039278984069824,286,0.718169125711331,0.5562551,High,Very High
103,40,27.165921767496677,94.84289458050074,0.6907608695652174,7.020140171051025,0.9274099469184875,244,0.0035697244328944913,0.0062704016,Low,Low
45,10,26.290452469466786,90.81846636396266,0.5492521739130435,5.871555805206299,5.54026460647583,298,0.16055051805916784,0.14517502,Low,Low
128,10,26.740090964096932,90.38276420987877,0.6375695652173913,6.154320240020752,3.846797227859497,279,0.06069314998134464,0.07618195,Low,Low
404,10,25.99303257502174,92.54212135889925,0.7385173913043478,5.706467151641846,16.920656204223633,290,0.7287819451490802,0.682432,High,Very High
73,40,26.466289974268136,92.89666071109177,0.5900000000000001,5.099606037139893,4.23906946182251,271,1.6490788514484307e-05,0.014261494,Low,Low
42,40,26.47758246303406,91.01602357022293,0.5749000000000001,5.543269634246826,1.3903743028640747,265,0.005219590604383334,0.011871275,Low,Low
80,40,26.794288410408388,92.82217371565343,0.5411391304347827,5.041073799133301,3.114086627960205,284,0.01577949857749304,0.019834055,Low,Low
94,10,27.353100766775682,94.38619786362628,0.4072782608695652,6.832362651824951,0.0,270,0.05468531143395971,0.011526042,Low,Low
66,60,26.52143180569912,92.48506198755206,0.42435217391304353,5.222517013549805,1.8543341159820557,283,0.017508227673658592,0.026355451,Low,Low
43,40,26.365953402207563,90.23515052951002,0.48473043478260874,7.107200622558594,0.0,282,0.005204996446751711,0.0077540255,Low,Low
43,40,26.358437657930942,91.27679862819028,0.5359347826086958,4.921022415161133,2.1232690811157227,297,0.0006427599238498055,0.015807817,Low,Low
83,40,27.016636453498265,93.90715181237564,0.5041695652173913,6.734637260437012,1.3940463066101074,267,0.0022817482503805393,0.0057558077,Low,Low
76,40,26.443585271627082,92.9549799980122,0.5984173913043478,5.052363395690918,0.9274099469184875,274,0.011005620807816086,0.016650489,Low,Low
975,10,26.143551566035548,93.58191727544829,0.7765260869565217,5.432923793792725,22.4374942779541,326,0.5354351441791083,0.43663704,High,High
98,40,26.41703048676333,93.06016714181845,0.6496826086956522,4.923558712005615,4.529425621032715,282,0.11338008549093459,0.06909074,Low,Low
55,40,26.47087914646344,90.18432819695118,0.6011130434782609,6.990228652954102,2.2691397666931152,235,0.008522221132216715,0.007214042,Low,Low
82,40,26.440006971549042,93.05027167848583,0.6371478260869565,4.923558712005615,1.3901231288909912,274,0.0710901947851473,0.032264955,Low,Low
620,10,25.051119647294172,92.6698716740001,0.7637391304347826,9.383251190185547,29.06446075439453,302,0.6395051003137375,0.8040558,Very High,High
134,10,27.538749046112766,95.63950457677701,0.6108043478260871,6.863354206085205,1.3977100849151611,294,0.03943895510673316,0.0445273,Low,Low
114,10,26.90647747282013,92.56826166115447,0.5660913043478262,5.615269660949707,1.3932881355285645,289,0.019708950701143663,0.037451938,Low,Low
138,40,27.944960735121008,95.64761689208535,0.2699173913043479,9.92281436920166,0.9274099469184875,304,0.11367928868188071,0.049327,Low,Low
42,40,26.331331603658658,91.13615767226644,0.4988608695652174,5.047268390655518,2.123150587081909,287,0.00017615483480759058,0.012940825,Low,Low
49,30,26.460916915689637,90.04069120176693,0.598995652173913,7.326508522033691,2.1237168312072754,253,0.020359314046018755,0.010405343,Low,Low
544,10,26.002946811972624,92.4550696533904,0.6806826086956522,5.167645454406738,19.963451385498047,313,0.8071641818887636,0.88510907,Very High,Very High
60,40,26.420355951638165,92.4837430058442,0.5505608695652174,4.794409275054932,0.0,284,0.04440037673437851,0.02667813,Low,Low
445,10,25.018433015494487,92.88808973330988,0.784795652173913,9.618951797485352,23.12002182006836,319,0.7201373715877378,0.7755737,Very High,Very High
117,40,27.604025320937012,94.5738718889525,0.5964739130434783,6.3697075843811035,1.398175597190857,289,0.0007309530548329713,0.006730154,Low,Low
169,10,24.53324848253797,93.04013727301759,0.7997869565217391,9.467461585998535,26.157123565673828,254,0.46497686918362224,0.5491337,High,High
117,60,27.57520479241081,95.40809162201826,0.5782869565217391,7.143916130065918,1.397969365119934,249,0.003212450042157793,0.0111550065,Low,Low
69,10,26.071561527209226,90.50556141421744,0.6094608695652174,6.903977870941162,10.14708423614502,285,0.7144150130459439,0.46722707,High,Very High
96,10,26.66171704483711,90.83074169645207,0.7782913043478261,5.688746929168701,2.1246023178100586,284,0.07982230626787741,0.076269396,Low,Low
62,10,25.904033467040506,90.97426377803716,0.5975434782608696,6.8566365242004395,3.2259106636047363,287,0.0410557449488733,0.029982338,Low,Low
61,40,26.360325263961624,92.54998592776136,0.5500608695652174,4.908127307891846,0.0,298,0.01379170751232373,0.024927199,Low,Low
665,10,26.332296426035438,93.52129272824743,0.8436739130434783,5.426885604858398,13.38007926940918,336,0.08435025991373479,0.06366209,Low,Low
126,40,26.6364470182183,94.35518573232932,0.7309826086956522,6.823012828826904,2.7802884578704834,248,0.01635586445046545,0.012175939,Low,Low
73,40,26.69405543009718,93.19706443645235,0.4973782608695652,5.4057464599609375,1.3918347358703613,267,5.634232869954597e-05,0.006759278,Low,Low
120,10,27.52741246222181,95.24006563702748,0.6357260869565218,6.604266166687012,2.7802884578704834,248,0.009332006018782545,0.032146223,Low,Low
594,10,26.207406397904794,93.40996619166987,0.833708695652174,5.389401435852051,18.391401290893555,324,0.1678380798163346,0.084131025,Low,Low
43,10,24.511112880593128,92.6978706029661,0.6620304347826087,10.599252700805664,8.30450439453125,284,0.4876122634146525,0.62590134,High,High
91,40,27.3003214980616,94.29071844941379,0.5560086956521739,6.979866027832031,0.9274099469184875,292,0.0002574301182189814,0.005901569,Low,Low
74,40,26.679199035750088,92.55796422730134,0.4645826086956522,5.319263458251953,1.0378886461257935,302,0.004795914799737478,0.015460141,Low,Low
95,40,27.389468940719656,94.34759075358797,0.6039521739130436,7.22870397567749,2.2845938205718994,275,0.0007751670839856864,0.006552229,Low,Low
450,10,26.555264899630963,93.03689979712757,0.7221869565217391,4.890519142150879,24.738807678222656,276,0.8241332136156951,0.87553304,Very High,Very High
61,10,25.01256473910993,92.62717348196139,0.7133869565217391,9.683974266052246,13.36704158782959,286,0.7760501133027686,0.7626408,Very High,Very High
106,40,27.426346144590017,94.94177284598852,0.6474608695652174,6.683241367340088,1.3969117403030396,255,0.004210512561218665,0.007230487,Low,Low
51,40,25.99061406292475,90.67875268730428,0.6581043478260871,7.538515090942383,2.2613587379455566,283,0.011757322330538535,0.008390386,Low,Low
56,40,26.376241018182778,91.80359643723936,0.519408695652174,4.663654327392578,3.2378761768341064,290,0.01011934365448223,0.023646636,Low,Low
652,10,25.149055294749214,93.09426332657692,0.7579608695652175,7.751330375671387,2.11818528175354,320,0.4164202246653511,0.58991337,High,High
40,40,26.366104177540002,90.6913457127936,0.5392565217391304,6.281519889831543,2.123302936553955,291,0.006983715873809822,0.0073791174,Low,Low
63,10,24.395777114553773,92.5390250661016,0.7189913043478261,10.51688289642334,8.442939758300781,269,0.39173945665293547,0.27482766,Medium,Medium
146,10,27.317245262284107,95.78835636367873,0.7172434782608696,6.9363484382629395,4.249281406402588,303,0.1486671223612623,0.09580755,Low,Low
119,40,27.328857771263216,95.3443831414335,0.5559826086956522,7.0372538566589355,0.9274099469184875,279,1.6490788514484307e-05,0.0058531757,Low,Low
21,40,24.70550162534469,92.37130946029316,0.4521130434782609,10.0039644241333,1.3790643215179443,266,0.07264326147239863,0.026675,Low,Low
68,40,26.445431090643147,92.89320038674236,0.5703478260869566,5.226619243621826,3.104623317718506,292,0.0022873954393333733,0.01242114,Low,Low
114,40,26.4286235214358,93.8285479315048,0.6076,6.360642910003662,2.1235756874084473,259,0.00017176314407577818,0.0057670665,Low,Low
253,10,25.02992647995509,93.06654664670677,0.780408695652174,9.112756729125977,12.443206787109375,323,0.6947077287638624,0.61159813,High,High
55,10,25.996848158847897,90.71694915121874,0.6750260869565218,7.678648471832275,2.1217103004455566,265,0.027629657133107662,0.020813633,Low,Low
278,10,25.677201555218424,93.34206471740887,0.7920608695652175,4.666774749755859,8.049630165100098,328,0.12512702400042294,0.029091148,Low,Low
101,40,27.41438846019268,94.66452424621464,0.5732652173913043,6.618563652038574,1.8543341159820557,271,1.6490788514484307e-05,0.005314199,Low,Low
65,40,26.67681788186861,91.28292540634641,0.5881260869565217,5.737945079803467,2.967118501663208,264,5.634232869954597e-05,0.010039826,Low,Low
91,50,26.697472647249732,92.39052531943064,0.5352739130434783,5.937812805175781,0.0,310,0.06675842718875082,0.03189898,Low,Low
71,40,26.56490361649378,92.92783627208878,0.5415826086956522,5.095338344573975,4.6273674964904785,272,0.0021594877385463142,0.029114295,Low,Low
504,10,26.249988543031137,93.24388831848674,0.7249347826086957,5.188548564910889,16.203609466552734,337,0.802016399077896,0.8998148,Very High,Very High
54,10,26.359087604543834,89.97039780698593,0.6660695652173914,7.121886253356934,3.4639103412628174,287,0.10686477180749125,0.046612255,Low,Low
85,40,26.971960260479193,94.17455851429443,0.5555478260869565,7.429184436798096,2.125990867614746,292,0.0002574301182189814,0.006913479,Low,Low
125,40,26.164466172077542,93.84463743087265,0.5802304347826087,6.589787483215332,1.388292908668518,261,5.634232869954597e-05,0.00653414,Low,Low
358,10,25.08434088482648,92.71873482336129,0.8040521739130435,9.243844985961914,25.917987823486328,310,0.32590111680001865,0.3348433,Medium,Medium
52,10,26.146415636637784,90.05621727944454,0.5078478260869566,7.531344413757324,0.9274099469184875,292,0.020448490315995025,0.022988869,Low,Low
72,40,26.010404924833214,92.93426989942459,0.48553913043478264,5.511613845825195,3.845048189163208,276,0.004471291958917081,0.018499853,Low,Low
99,40,26.989226465716335,94.8615129629617,0.5808782608695652,7.378471851348877,3.2538816928863525,254,5.634232869954597e-05,0.0052384636,Low,Low
84,10,26.719642934895607,93.45393756682725,0.7439869565217392,5.4928507804870605,4.986722469329834,271,0.2780287652342393,0.120007776,Low,Medium
526,10,25.18118259771969,93.01987390175469,0.6618565217391305,8.024421691894531,8.593378067016602,318,0.9217495003807007,0.94391274,Very High,Very High
111,40,26.286489490590622,93.96752000324601,0.6380695652173913,6.868973255157471,2.7765674591064453,303,0.008143674699065403,0.012000169,Low,Low
515,10,26.46660583117388,93.28585383014,0.8103521739130435,4.893712043762207,9.23867416381836,309,0.11017152349544569,0.047585007,Low,Low
70,40,26.11480706067517,92.89968786630877,0.4558652173913043,5.161534786224365,1.3879656791687012,282,0.00010017429963038419,0.013094229,Low,Low
91,10,26.60434426683014,94.07467934358192,0.5629695652173913,6.487797737121582,2.124347686767578,281,0.013073900019568603,0.021180851,Low,Low
68,80,26.03773537248038,92.74954971273888,0.38704782608695654,5.570339202880859,1.8543341159820557,305,0.0188674012678421,0.029175004,Low,Low
77,40,26.841863735583686,93.69960968787478,0.5930695652173913,5.738404273986816,1.3928442001342773,254,5.634232869954597e-05,0.009681278,Low,Low
115,10,26.6611504940544,90.77283518830421,0.7394782608695653,5.935243606567383,2.2722787857055664,308,0.14007580118343774,0.052533552,Low,Low
69,40,26.692661861195543,92.98988595384924,0.5820347826086957,5.412974834442139,2.0753390789031982,249,0.0031177726493758747,0.00969211,Low,Low
47,40,26.55348024442728,90.7846544678944,0.6187565217391304,6.293918609619141,2.124124526977539,291,0.028174440488764045,0.012832631,Low,Low
143,10,27.42704544370189,95.66954327808632,0.5571304347826087,6.556138038635254,2.088961601257324,304,0.06572363124548139,0.05583665,Low,Low
95,40,26.976730334872087,94.80143758963337,0.5452130434782609,7.150029182434082,3.253542900085449,268,0.0007253058658801374,0.0054284134,Low,Low
117,40,26.701860374802912,94.42994928489163,0.6858130434782609,6.765746593475342,3.467597007751465,307,0.05791583284664171,0.034054425,Low,Low
62,40,26.45877302009157,91.9086895721856,0.5348521739130435,4.443981170654297,1.3902477025985718,290,0.01919398508858015,0.039624248,Low,Low
26,40,24.496494868824538,92.4353783451791,0.5380913043478261,10.140973091125488,1.019127368927002,285,0.18798534625725918,0.21356837,Medium,Low
96,10,27.09668513330923,94.66894846468745,0.605104347826087,6.423475742340088,4.839519023895264,302,0.06874554979489304,0.13764302,Low,Low
143,40,27.307770362237186,95.7256788065094,0.5860217391304349,6.879543304443359,1.3960754871368408,306,0.03481163911472743,0.020204019,Low,Low
140,10,27.583376319956916,95.63703800207139,0.7168391304347826,7.150399208068848,2.7802884578704834,276,0.13424361167645485,0.058810346,Low,Low
398,10,25.868302154239235,92.67344560309473,0.8086217391304349,5.556946754455566,20.411752700805664,313,0.17301504240937698,0.22980261,Medium,Low
92,40,26.659955721710272,93.97409477263437,0.6403130434782609,6.412683486938477,6.909081935882568,274,0.15162448465656675,0.059969813,Low,Low
59,40,26.276694874902073,92.38756033080978,0.48201739130434784,5.02077054977417,1.3890347480773926,303,0.01082692206140535,0.019940143,Low,Low
602,10,25.782496846072963,92.58837950328734,0.7746478260869566,6.022500514984131,17.457839965820312,324,0.5878761690379783,0.616479,High,High
49,40,26.437034193031625,90.1857486233239,0.5452826086956523,6.88889741897583,2.2685885429382324,273,0.012313049788196247,0.0058956672,Low,Low
41,40,26.380690955441423,91.00747457972226,0.5060608695652175,5.4287800788879395,2.1233670711517334,273,0.0018464057308649384,0.011219825,Low,Low
102,10,26.566186939073184,93.94636051901823,0.6978347826086957,6.193695545196533,0.9274099469184875,272,0.02968602863120782,0.026666908,Low,Low
42,40,26.127211744965617,90.95127510974308,0.6048391304347827,5.5866169929504395,2.1222691535949707,294,0.0027400975347107413,0.011494661,Low,Low
118,20,27.309225472647658,94.0048642794781,0.5749652173913044,7.426661491394043,3.4743127822875977,253,0.01696512554302715,0.019757753,Low,Low
54,10,26.100517340553658,91.49130661372216,0.586213043478261,3.9043161869049072,2.774118423461914,249,0.2656506525224992,0.123048685,Low,Medium
60,40,26.54209133995183,91.58332454456335,0.49628695652173915,5.419981002807617,0.9274099469184875,268,0.002059781709610982,0.009518668,Low,Low
262,10,26.29763535866406,93.2224013059628,0.7659826086956523,5.188548564910889,10.051820755004883,331,0.5119090924222086,0.4148161,High,High
153,40,25.957434152002996,93.18292108367073,0.6304478260869565,5.15739631652832,1.386936902999878,292,0.07773482607834442,0.046833716,Low,Low
112,40,27.673322318076078,95.0596646025532,0.5357782608695653,7.038084030151367,2.093648910522461,258,5.634232869954597e-05,0.0042196712,Low,Low
111,10,26.40098958169774,93.97683684916453,0.6934652173913043,6.735018730163574,3.845974922180176,265,0.04378905185960287,0.032230996,Low,Low
124,40,27.80663693888797,95.27971809026643,0.7235,8.479602813720703,1.048456072807312,288,0.033877379552293814,0.02125062,Low,Low
197,10,26.842768583517945,92.04121021091626,0.6647173913043478,4.966708183288574,0.9274099469184875,263,0.4260584939892078,0.30808648,Medium,High
74,10,26.343864148123156,92.73476161870703,0.6604478260869565,4.978344917297363,8.085399627685547,320,0.5518850859859347,0.48379067,High,High
37,10,26.03227308124197,90.22262764042371,0.5492391304347827,7.2463459968566895,1.8543341159820557,266,0.03929104863172931,0.013831839,Low,Low
136,40,27.67588382978589,95.71833490737383,0.512,7.952390670776367,0.0,277,0.04354880612154089,0.023914222,Low,Low
53,10,26.18832698479983,90.0574880856482,0.6724347826086957,7.717043399810791,2.0662853717803955,298,0.044161858399668165,0.049557157,Low,Low
76,40,26.600453358664677,92.0685037611502,0.5850000000000001,4.9934468269348145,1.8543341159820557,293,0.010901592365016565,0.020330738,Low,Low
44,60,26.247322498179336,91.10220161035365,0.10992608695652176,4.9442033767700195,0.0,264,0.011113950801672075,0.02150001,Low,Low
72,10,26.57843475442913,90.30945847560156,0.5985782608695652,6.838641166687012,1.8543341159820557,250,0.0040003394426834475,0.01620833,Low,Low
110,10,27.461896589878066,94.95993823806877,0.5364173913043478,6.549945831298828,2.12823486328125,274,0.016369883013246482,0.022637622,Low,Low
111,60,27.68391471711913,95.05966343681453,0.29822608695652175,7.038084030151367,0.0,274,0.00010797534640159413,0.009345077,Low,Low
25,40,24.89075700532819,92.81942264179371,0.3768304347826087,10.729515075683594,1.0223579406738281,299,0.3963905876741453,0.1818787,Low,Medium
82,40,26.79573717806783,93.27704306590684,0.6581782608695652,5.13528299331665,1.0389535427093506,279,0.011131167642126542,0.018995063,Low,Low
110,40,27.28266692439478,95.17832668359493,0.5251695652173913,6.851109504699707,1.0434664487838745,252,0.0011706417069874465,0.0046254727,Low,Low
101,10,27.46135187009821,94.56190295640386,0.6183130434782609,6.7246270179748535,2.12823224067688,274,0.03168465547258859,0.051459778,Low,Low
113,10,27.498333567860534,95.03944158331745,0.7129652173913044,6.740627765655518,4.565693378448486,283,0.10997048534819061,0.07179997,Low,Low
78,80,26.74776286451948,93.46373167001626,0.0517421052631579,5.4928507804870605,1.3922011852264404,258,0.000749208510544534,0.012225402,Low,Low
211,10,26.476661134579732,93.73574255102743,0.7471913043478261,6.189828395843506,2.9664876461029053,301,0.20465009498355732,0.13335696,Low,Medium
33,40,26.228492673941382,89.88125541641764,0.5462608695652175,7.464692115783691,0.0,252,0.026735115308709048,0.008085855,Low,Low
103,40,25.89537352420583,93.05181175401157,0.5102869565217392,4.548044204711914,3.8447794914245605,288,0.06334561655005017,0.08096065,Low,Low
101,40,27.401641904693278,94.1870355426634,0.6158173913043479,7.3464579582214355,2.284804582595825,278,0.006074851613320722,0.010768545,Low,Low
71,30,26.69901858946901,93.44128419947286,0.5478782608695653,5.291947841644287,1.3918706178665161,283,0.028864539396425398,0.022626722,Low,Low
139,10,26.23167162794498,93.81968551378606,0.813508695652174,6.5973663330078125,1.0338635444641113,263,0.2521175048184356,0.06653011,Low,Medium
81,40,26.804696019556854,93.91167000846745,0.552195652173913,6.2964253425598145,2.7835357189178467,257,0.002059781709610982,0.005748949,Low,Low
56,80,26.337421375854507,92.056501503569,0.14258695652173914,4.800726890563965,1.0348069667816162,265,0.01765047791588048,0.020511823,Low,Low
49,40,25.980062695596118,90.84173208053899,0.5263434782608696,6.728111267089844,2.2611899375915527,302,0.009094342440142329,0.009920276,Low,Low
195,10,25.886408506168067,93.3810154561784,0.7844347826086957,5.14182710647583,9.250797271728516,278,0.3120339426526393,0.36260673,Medium,Medium
287,10,25.001455898399044,92.64850821836362,0.7790217391304348,9.683974266052246,18.64836883544922,296,0.7240296779695683,0.6734536,High,Very High
135,40,27.29928306258342,95.57215350644776,0.6289217391304348,6.474726676940918,2.0865540504455566,303,0.02047939847877035,0.022355812,Low,Low
121,10,27.555591800231035,95.30391633247011,0.6611869565217391,7.016738414764404,2.1286723613739014,253,0.003603730478113689,0.01903764,Low,Low
85,40,26.89222407512457,92.75518433050291,0.5187826086956522,5.49275016784668,0.9274099469184875,302,0.001371729496506882,0.018359022,Low,Low
86,40,26.691522896710076,91.70437328083867,0.5861173913043478,4.954685211181641,2.2727856636047363,304,0.019456451492602767,0.025324201,Low,Low
56,60,26.396306688024474,92.27810206402262,0.5109565217391304,5.035487651824951,1.0353316068649292,265,0.0096663023755679,0.019124055,Low,Low
122,40,27.64302286898427,95.51343783343518,0.6476913043478262,7.135731220245361,0.0,271,0.005742190681163349,0.007136999,Low,Low
41,40,26.063933828970043,90.64273231687845,0.45072173913043484,6.837855339050293,1.3876320123672485,331,0.07106587995345895,0.019412888,Low,Low
102,40,27.473817269896468,94.32098566975735,0.5688521739130435,7.2185821533203125,4.564850330352783,288,0.0027637054132716647,0.015458668,Low,Low
887,10,25.088707798833987,92.90814676382747,0.7446,8.642134666442871,16.580886840820312,275,0.4084897289161687,0.34262225,Medium,High
111,40,27.39367396679524,95.14186488433494,0.5423739130434784,6.92327356338501,2.284665584564209,254,0.0011706417069874465,0.0040035965,Low,Low
119,80,27.715323132151514,95.35858222926188,-0.022572222222222223,8.43044662475586,1.0475764274597168,274,0.007343337464108828,0.012118115,Low,Low
40,10,26.299090740348852,90.75166649028895,0.5187173913043478,6.148016929626465,2.9659342765808105,293,0.03287018764585227,0.023807866,Low,Low
60,40,26.36093709580806,92.25394623849223,0.5415173913043478,5.035487651824951,1.03501558303833,251,0.004232072027663775,0.009780001,Low,Low
91,40,27.23662063372781,94.44012195783068,0.6172130434782609,6.846043109893799,3.8480327129364014,294,0.021399115071058364,0.021105308,Low,Low
99,40,27.2374122647993,94.53923634933298,0.6022695652173913,6.747304916381836,1.8543341159820557,281,0.0014686872780157881,0.0069825863,Low,Low
21,40,24.725471476864545,92.36186887920714,0.5915043478260871,10.0039644241333,0.9274099469184875,255,0.06369898261307916,0.020741675,Low,Low
86,40,26.691806657972617,91.61930733951286,0.5502956521739131,5.328351020812988,2.075328826904297,300,0.001371729496506882,0.010235256,Low,Low
85,80,26.871254874384555,94.1745854146542,0.05035217391304348,6.935182571411133,2.967740058898926,291,0.003680818929303775,0.010659368,Low,Low
62,60,26.492044983341952,92.43199226665432,0.07081739130434783,4.947088718414307,2.7802884578704834,264,0.009376945861644649,0.024499578,Low,Low
43,60,26.343316561063315,90.45526089571588,0.5483434782608696,6.7781901359558105,4.161915302276611,327,0.08545517939296943,0.040073827,Low,Low
30,30,26.19159863168501,89.91691308566426,0.542995652173913,7.37529182434082,3.845475196838379,277,0.032563743786989785,0.020643987,Low,Low
122,30,27.794864767786166,95.4578190606051,0.3153347826086957,8.149523735046387,1.3995462656021118,307,0.04720765354715563,0.032466125,Low,Low
123,30,27.761455940819506,95.38676208784155,-0.014227272727272729,8.13504409790039,1.8543341159820557,283,0.04558785782330254,0.021319905,Low,Low
103,40,27.515802172362285,94.6933642374349,0.5921739130434783,6.400907516479492,0.9274099469184875,275,1.6490788514484307e-05,0.005926014,Low,Low
85,10,26.663950210044625,92.066053025467,0.6342130434782609,5.081718921661377,2.1246132850646973,283,0.17084325494890545,0.15181373,Low,Low
89,40,27.1823679973812,94.07529035686952,0.570113043478261,8.520663261413574,3.2590203285217285,277,0.0006854543256950758,0.011320006,Low,Low
500,10,26.50280507946289,93.6039631967239,0.8055217391304348,5.4405388832092285,2.123900890350342,347,0.28791884561720466,0.13429427,Low,Medium
42,40,26.114662586545315,90.66997661253362,0.5366260869565217,6.884132385253906,1.8543341159820557,293,0.00017615483480759058,0.0063068564,Low,Low
47,50,24.866182933058163,92.59744662983779,0.5891739130434783,10.008390426635742,11.934435844421387,260,0.6959907936431193,0.5979113,High,High
68,60,26.61672714527303,92.33629662684187,0.4073869565217392,5.778796195983887,2.7802884578704834,274,0.002694344142157666,0.02109761,Low,Low
42,40,26.433808244289605,91.22131940775898,0.510895652173913,4.854238510131836,1.3900821208953857,289,0.018327546391486368,0.02822623,Low,Low
43,40,26.382410939030056,90.81613705153521,0.5784695652173913,5.931882858276367,2.966193437576294,292,0.0007309530548329713,0.0058222,Low,Low
78,10,26.66259397375276,92.77444958627656,0.5528391304347826,5.1534013748168945,1.8543341159820557,296,0.04989602327402139,0.06076283,Low,Low
466,10,25.39323204022604,92.9577335094754,0.7676173913043478,6.754867076873779,4.810542106628418,336,0.3902843867151438,0.40858942,High,Medium
547,10,26.145286894207576,93.35598289886349,0.8084956521739131,5.33831262588501,24.623943328857422,358,0.4238161776270661,0.40988976,High,High
99,40,27.08929658013985,94.79523152792387,0.46893913043478264,6.907912731170654,2.968444585800171,259,0.006738944048186529,0.004967793,Low,Low
53,10,25.98881427628185,90.87723284658118,0.5790826086956522,6.705252170562744,0.0,307,0.035099491882719706,0.03576368,Low,Low
224,10,25.705595329332148,93.36799176047086,0.8227739130434782,4.825628757476807,7.5363569259643555,331,0.1098311530142648,0.035103098,Low,Low
48,40,26.32624840669081,91.44624655297713,0.5412782608695652,4.619736194610596,1.8543341159820557,290,0.009796768929090306,0.019094149,Low,Low
84,10,26.67194691852161,91.97306333883539,0.5937869565217392,4.856347560882568,2.074965238571167,287,0.18121188924113887,0.24071299,Medium,Low
112,40,27.706532225593556,94.94103767177003,0.594095652173913,6.925353527069092,1.0474910736083984,276,0.002801041062859733,0.005259597,Low,Low
83,40,26.66621910921231,92.26073422884836,0.4795304347826087,5.849346160888672,1.3916462659835815,289,0.0002574301182189814,0.014534643,Low,Low
32,40,26.205696118048973,89.87647420975016,0.6025521739130435,7.464692115783691,7.428281784057617,275,0.2364658586042996,0.09970234,Low,Medium
53,40,26.51934506589559,91.4133964986439,0.49696521739130434,5.071479797363281,1.3906559944152832,262,0.002281748250380539,0.008295497,Low,Low
53,40,26.398014973006646,91.80564003079645,0.4612478260869565,4.663654327392578,1.0353491306304932,307,0.019767885781523765,0.024959557,Low,Low
98,10,26.974147163019477,94.63283958841107,0.48188695652173913,6.590684413909912,4.837339401245117,281,0.06307696709793044,0.099709876,Low,Low
202,10,25.893286784899118,93.32806880554666,0.7041304347826087,4.839534759521484,3.704791784286499,300,0.34132313294708067,0.31359226,Medium,Medium
102,40,27.306345681983007,94.81953217375786,0.523604347826087,6.540777683258057,0.9274099469184875,246,5.634232869954597e-05,0.0052964883,Low,Low
234,10,27.14877082189678,95.44357086103055,0.8022782608695652,7.033267021179199,1.3949638605117798,309,0.2562545081329982,0.17686686,Low,Medium
429,10,25.499546273775458,93.29405740168089,0.8043565217391304,5.456809997558594,12.884759902954102,344,0.2554278757157545,0.12384978,Low,Medium
184,10,25.894510001028888,93.41487139585247,0.7462739130434783,5.265242099761963,5.141175270080566,273,0.26948435908806245,0.2427325,Medium,Medium
368,10,26.438095661391987,93.46110087719174,0.812004347826087,5.601352691650391,24.121076583862305,302,0.26361515463126994,0.3133526,Medium,Medium
24,40,25.603179418781433,89.91401234426479,0.46660869565217394,7.1046857833862305,0.9274099469184875,280,0.029361194526957988,0.009566843,Low,Low
50,40,26.041923203556113,91.36984819005131,0.5091130434782609,4.989696025848389,0.9274099469184875,278,1.6490788514484307e-05,0.012275269,Low,Low
116,10,27.603686585034513,95.3300647619124,0.6481130434782609,7.0823516845703125,0.0,261,0.006879647431313094,0.0193184,Low,Low
55,40,26.557429115908047,91.1436802208488,0.6070695652173913,5.661014556884766,4.741110801696777,279,0.019070740626392167,0.024495117,Low,Low
111,40,27.642026372769514,95.02527469770666,0.541804347826087,6.967243671417236,1.8543341159820557,290,0.0009263936553995729,0.005445126,Low,Low
103,20,26.685297912129947,90.4006520371671,0.6624434782608696,6.47020149230957,1.3917763233184814,250,0.003629700976803312,0.0138315,Low,Low
1554,10,25.16989401235256,92.70284047194613,0.8200217391304349,8.256783485412598,13.562750816345215,341,0.40846764061330515,0.37586638,Medium,High
26,40,25.595557450003106,89.87998378513288,0.5334391304347826,6.841306686401367,3.8440873622894287,297,0.015969923405378006,0.013628198,Low,Low
126,10,27.591550602537087,95.45896500512345,0.7365913043478262,7.1891093254089355,1.3980863094329834,262,0.044756858307712116,0.034146648,Low,Low
693,10,26.454531071595994,93.29488324290597,0.7749695652173914,4.893712043762207,10.29524040222168,318,0.3362833335234142,0.18613128,Low,Medium
75,40,26.091754181803577,92.94419747921755,0.5284260869565217,5.377686023712158,2.965294599533081,314,0.04482903863140652,0.022376565,Low,Low
236,10,26.82876657044201,90.30930715000387,0.7933347826086957,5.297760009765625,6.796733379364014,269,0.13850776536633688,0.035359435,Low,Low
104,40,27.23811493101327,94.95056743463557,0.6626695652173913,7.05917501449585,1.8543341159820557,245,0.00265585432209534,0.006148072,Low,Low
62,40,26.199209330134913,92.45569109726948,0.5954217391304348,4.724223613739014,0.0,324,0.07249241826798634,0.04050201,Low,Low
142,10,26.79572523644367,91.68942118725221,0.7044695652173913,5.221041202545166,1.3925288915634155,261,0.14430754140312788,0.08872833,Low,Low
59,40,26.601518228885013,92.3978191512229,0.44601304347826093,5.773375988006592,3.4665138721466064,272,0.005111928397589949,0.02220935,Low,Low
448,10,26.335440135527637,93.2036490318314,0.7251565217391305,5.231205940246582,12.80833625793457,309,0.5277044070201047,0.6670313,High,High
108,10,26.355369843257154,93.95866547993464,0.6577304347826087,6.657837867736816,5.243171691894531,282,0.1550633585734398,0.20580688,Medium,Low
45,40,26.588596739024748,91.18251947749704,0.467595652173913,5.522298336029053,1.3911219835281372,270,0.00027632913443797477,0.009977719,Low,Low
110,40,27.044838242000992,95.13060913899866,0.6525434782608697,7.38124418258667,4.7420806884765625,266,0.027064899176299,0.014926199,Low,Low
605,10,25.987788187564675,92.42018154109806,0.7428869565217391,5.347092628479004,18.845308303833008,340,0.5550017684041524,0.47403786,High,High
102,10,26.866410209901225,93.21567098730486,0.6436000000000001,5.714778900146484,1.3930116891860962,263,0.04362972551321813,0.04221915,Low,Low
59,40,26.113857004760835,92.18227345074274,0.5231608695652175,5.217355728149414,1.3879601955413818,289,0.0002574301182189814,0.014169602,Low,Low
83,10,26.767397183919996,94.05756610852555,0.6086739130434783,6.345194339752197,0.9274099469184875,283,0.06430782234740291,0.042535797,Low,Low
74,80,26.777805422932712,93.88363523507131,0.09409130434782609,5.981082916259766,0.0,261,0.000749208510544534,0.00601863,Low,Low
86,10,27.0944924204559,94.5940291803204,0.6359,6.16401481628418,2.96846079826355,291,0.025536755446622268,0.0405989,Low,Low
154,10,25.96947202742462,93.45969574842678,0.669995652173913,5.811264514923096,8.42892074584961,273,0.5036237516228559,0.59764713,High,High
104,40,27.356068498331055,94.95365735844709,0.47669130434782614,6.717748165130615,2.284019708633423,251,0.0014499163807219213,0.0055581075,Low,Low
67,80,26.62466520642747,92.61838726339451,0.03953333333333333,5.025580406188965,9.433849334716797,249,0.580835621124333,0.369473,Medium,High
90,10,26.674576927153637,92.20904776645523,0.6237043478260871,5.5167131423950195,2.2724997997283936,287,0.08252088591921967,0.096256495,Low,Low
36,80,26.12972601164112,90.85838335379721,0.3892304347826087,5.881920337677002,13.31247615814209,287,0.6218806997312825,0.52900815,High,High
104,40,26.893144488386504,93.3877598352352,0.6150826086956522,5.489648818969727,2.1256353855133057,281,0.014646554830189661,0.019382648,Low,Low
100,10,26.72376780972539,92.1885387096128,0.6127,5.455504894256592,2.2733213901519775,268,0.05581739334040014,0.03918516,Low,Low
100,40,26.44601662196747,93.97162469212942,0.5732565217391304,6.735018730163574,4.978559970855713,289,0.05706074346649713,0.040767245,Low,Low
116,80,27.719775574210967,95.30479188099399,0.08322173913043479,8.310269355773926,5.5794243812561035,280,0.0925298973982943,0.10012347,Low,Low
99,40,27.425992589286253,94.61010965381385,0.6741565217391304,6.694931507110596,0.0,288,0.006403985295943957,0.010723516,Low,Low
88,40,27.06176470125677,94.36869764806144,0.5719347826086957,6.491273880004883,2.968355178833008,290,0.0007309530548329713,0.0063935653,Low,Low
127,40,26.817691512036294,92.41123700064709,0.5479739130434783,5.917672634124756,0.0,287,0.0008149797712460214,0.0067624706,Low,Low
55,10,26.352367355597146,91.95356203955588,0.4992347826086957,4.614018440246582,2.7774412631988525,270,0.14792972263449997,0.07222857,Low,Low
184,10,25.621495160608628,93.00761886744195,0.7713478260869565,4.770007133483887,4.107490539550781,304,0.16223889451788132,0.09513654,Low,Low
1051,10,25.15944538299709,93.13876983150094,0.6685565217391304,7.663296699523926,33.64466857910156,315,0.5808471034836138,0.80619675,Very High,High
83,40,26.998006093779264,94.17805136427633,0.5561695652173914,7.429184436798096,2.7861874103546143,298,0.00046660508904221504,0.0085873855,Low,Low
80,40,26.676999794728403,93.89513778691952,0.6223391304347826,6.213926315307617,4.985445499420166,265,0.10779553059908148,0.056658883,Low,Low
127,10,26.262022876718248,94.03634534991369,0.6422652173913044,6.7655253410339355,2.1228504180908203,305,0.03491220200173856,0.05467558,Low,Low
76,10,26.312589275238633,92.8030861999606,0.6380782608695652,4.995222091674805,1.3892745971679688,300,0.15303884342777874,0.13168053,Low,Low
57,40,26.17974706368877,92.26083113473872,0.498304347826087,5.250037670135498,1.8543341159820557,279,1.6490788514484307e-05,0.0076169632,Low,Low
198,10,25.773251285254425,93.28627639485626,0.6901739130434783,4.248356819152832,3.599160671234131,285,0.44027424984986346,0.35336298,Medium,High
513,10,25.767147606476556,92.64892904797433,0.763108695652174,5.923232078552246,3.844481945037842,308,0.1574530864038807,0.11926316,Low,Low
94,10,27.353811494286937,94.51725980260592,0.6326652173913043,6.76332426071167,0.9274099469184875,299,0.0269002026554359,0.046098713,Low,Low
139,10,27.40038563378035,95.56858251779165,0.708195652173913,6.276587009429932,1.044575810432434,283,0.11088397689045217,0.06509447,Low,Low
342,10,26.080142901767346,93.63087060103427,0.8254739130434783,5.799009799957275,23.449174880981445,356,0.36553501598657345,0.737038,Very High,Medium
96,10,27.080123829722098,94.69120071678566,0.6801347826086958,6.423475742340088,1.394486904144287,274,0.022066473006278575,0.03159778,Low,Low
61,40,26.112433703281013,92.64617129489056,0.45035652173913043,5.117064952850342,3.2311556339263916,315,0.04678414651744206,0.038306233,Low,Low
20,40,24.7987624064162,92.46006320022958,0.4933391304347826,9.980555534362793,4.132519721984863,273,0.024012321245062307,0.035208993,Low,Low
40,40,26.35042929259801,91.06908638340903,0.4230695652173913,5.236977577209473,1.389523983001709,276,0.014553818088174013,0.007965359,Low,Low
127,30,27.441594501147378,95.34968301273578,0.6595695652173913,6.998114585876465,1.8543341159820557,269,0.008090019830686981,0.013677083,Low,Low
97,10,26.784172902742984,94.34342368456184,0.6161434782608697,6.341303825378418,2.1251473426818848,262,0.021730390374065375,0.028178232,Low,Low
96,10,24.42763258060179,92.65978165498973,0.7354782608695652,10.622440338134766,5.404573440551758,269,0.41202995051058927,0.3034251,Medium,High
87,40,26.681033469025373,92.17497421350275,0.5659826086956522,5.350921154022217,1.3917479515075684,276,1.6490788514484307e-05,0.0074497093,Low,Low
187,10,26.74281822366544,90.25423463536464,0.781204347826087,6.25186014175415,2.2736358642578125,274,0.1513356351264225,0.11635441,Low,Low
67,10,24.284985458761533,92.30013257049465,0.6449260869565218,9.890213012695312,1.0174243450164795,293,0.19576423547451405,0.13868558,Low,Low
61,40,26.58946967105301,91.36806879407692,0.5892608695652174,5.405907154083252,2.1242825984954834,289,0.0007309530548329713,0.009399318,Low,Low
136,10,26.902051826481216,93.28056110281244,0.8197695652173914,5.699301242828369,1.3932557106018066,264,0.19050153823252686,0.07928038,Low,Low
64,40,26.061919204393224,92.68027882612257,0.5139217391304348,5.484004020690918,1.8543341159820557,295,0.0002574301182189814,0.012625901,Low,Low
109,10,25.769855298084366,92.86123284775145,0.7732739130434784,5.194518089294434,2.769824981689453,297,0.08167805122205457,0.08430697,Low,Low
269,10,26.01078045492652,92.49506118667792,0.7477565217391304,5.167645454406738,32.0828857421875,249,0.7133010251587645,0.6974511,High,Very High
96,80,27.276866780208653,94.66818857821796,0.04128260869565218,6.577935695648193,2.2826602458953857,286,0.0002574301182189814,0.009838794,Low,Low
151,10,26.214652045739165,90.28765814621993,0.6675173913043478,7.907287120819092,26.335529327392578,269,0.9177085469322932,0.9607139,Very High,Very High
26,10,24.661449594918718,92.46366703374431,0.5168739130434783,9.883803367614746,1.378798484802246,272,0.0897771802467773,0.063887134,Low,Low
126,40,27.858369108255147,95.66714944987496,0.5835826086956523,8.929872512817383,1.400004267692566,304,0.014370544796133726,0.016836,Low,Low
405,10,26.433871192507365,93.02001661858439,0.7563434782608697,4.951613903045654,18.944534301757812,314,0.5886142368529034,0.45505068,High,High
67,10,26.3832883416497,92.5336498858231,0.5405869565217392,4.861856460571289,2.123378038406372,294,0.0990875565211353,0.19634402,Low,Low
78,40,26.66901011676825,92.35103308262686,0.5162304347826088,5.937812805175781,2.124634265899658,307,0.0056439931221686414,0.00925512,Low,Low
134,10,27.66441988854897,95.54140052403986,0.6553304347826088,7.675848484039307,1.3986068964004517,276,0.023579343742299908,0.047193598,Low,Low
29,90,26.02486129094384,90.26852498400612,0.477104347826087,7.491250514984131,2.1218299865722656,268,0.01887798135142039,0.008227848,Low,Low
75,40,26.699486938046597,92.58354446851715,0.4970173913043478,5.319263458251953,1.3918724060058594,297,0.0002574301182189814,0.01141052,Low,Low
108,40,26.750108947278832,91.61925158073177,0.575204347826087,5.374828338623047,7.567414283752441,278,0.3267614842812768,0.1157114,Low,Medium
685,10,25.957064343878773,92.22502541874876,0.6622,5.288817405700684,14.209892272949219,287,0.6446171475447096,0.6067927,High,High
151,10,25.936624146489205,93.72409943995099,0.7069521739130435,6.563788414001465,2.121454954147339,247,0.11933133158731161,0.05251885,Low,Low
61,10,26.413348730341692,92.2904660365486,0.4496347826086957,5.015748023986816,1.3899446725845337,292,0.06736460385291371,0.07909981,Low,Low
62,10,26.218473269513634,92.41436821462108,0.5539913043478262,4.697667598724365,0.9274099469184875,309,0.12066062081021045,0.11649042,Low,Low
276,10,25.624852875749724,93.06488883123406,0.7684478260869565,4.534278392791748,10.21865177154541,293,0.3343958272249413,0.12517257,Low,Medium
46,40,26.474349965742274,90.93207608926525,0.5012434782608696,5.5748677253723145,3.105400800704956,261,5.634232869954597e-05,0.010514387,Low,Low
202,10,24.455540381361452,92.71367082025918,0.7245260869565218,10.5767822265625,4.795776844024658,276,0.5618206155910287,0.66739714,High,High
93,10,26.85880629789873,94.44371691962823,0.6216434782608696,6.536430835723877,1.3929603099822998,298,0.014627737189165477,0.04600025,Low,Low
86,40,27.187612027348305,94.2476491915018,0.5834826086956523,7.904788494110107,5.516536235809326,307,0.15769334106910607,0.12793809,Low,Low
137,10,27.278017491998753,93.9918132261516,0.7888217391304349,7.441568374633789,0.0,248,0.09890835321959175,0.05399863,Low,Low
29,40,26.111114185181496,90.04875909398058,0.4985173913043478,7.406292915344238,1.8543341159820557,346,0.11478153239789213,0.02499748,Low,Low
66,10,26.55478509721599,92.2822928220634,0.6606000000000001,5.342687129974365,1.3908953666687012,264,0.05280135191729537,0.033988737,Low,Low
90,80,27.256149285471977,94.20448395028524,0.10980000000000001,7.320289134979248,1.0432188510894775,271,0.0012222747246894946,0.0059201373,Low,Low
787,10,25.726843232606573,92.27298911180291,0.6626391304347826,6.316150188446045,13.419367790222168,307,0.5586047450489644,0.5936195,High,High
82,40,26.957551589851708,93.89874999636493,0.6229130434782609,7.270076751708984,3.4703965187072754,254,0.013788990670814811,0.015226755,Low,Low
53,60,26.149901532217612,92.14719858971844,0.46422608695652173,5.1943535804748535,1.0331391096115112,283,0.01869766897526852,0.032227583,Low,Low
60,10,24.887766175812224,93.13853949474843,0.7139478260869565,9.576122283935547,8.124631881713867,303,0.4866303590805175,0.39796907,Medium,High
23,40,24.96236931899195,92.75185476263819,0.4633521739130435,10.143046379089355,0.0,318,0.4000256787661502,0.4103634,High,High
215,10,26.50289978370182,93.16078041645414,0.7590304347826088,4.950605869293213,5.5458831787109375,271,0.21295681263967478,0.14146431,Low,Medium
93,40,27.202327244119253,94.69866467980471,0.5711347826086958,6.958330154418945,2.08473801612854,260,5.634232869954597e-05,0.0042718025,Low,Low
92,40,26.56698685666685,94.1451129690481,0.4564782608695652,6.686939239501953,0.0,279,0.011576886786898161,0.008121965,Low,Low
103,10,26.546225279031255,93.87134134913374,0.6520260869565218,6.1112961769104,5.489023208618164,264,0.1161371089876607,0.10236895,Low,Low
82,10,26.802381152455613,93.49215777825984,0.6562652173913044,5.463126182556152,2.783501625061035,256,0.05810348265395965,0.050189923,Low,Low
37,60,26.21829749312544,90.7825956355327,0.48633043478260873,6.414430618286133,1.8543341159820557,302,0.07374712856328086,0.023522176,Low,Low
56,80,26.42734762803187,92.14386440126711,0.19699565217391307,4.882673263549805,1.3900394439697266,292,0.024646433303286232,0.025943652,Low,Low
105,10,25.87634443065905,91.07437271131016,0.7047,6.326071262359619,20.85348892211914,274,0.9109560411886886,0.86366606,Very High,Very High
37,40,26.244422957650958,90.4242317750887,0.486604347826087,7.569022178649902,1.3888212442398071,311,0.08473934917410583,0.021974504,Low,Low
38,10,26.228387028632373,90.33577992270611,0.5192652173913044,7.684044361114502,0.9274099469184875,288,0.05599866783880677,0.035386276,Low,Low
21,40,24.666682086118357,92.34710731841139,0.5304130434782609,10.001955032348633,2.116258382797241,249,0.035152840914963034,0.019403392,Low,Low
94,10,26.714395355489984,94.1246038685446,0.606904347826087,6.643059730529785,1.3919743299484253,275,0.013920420924181123,0.027364753,Low,Low
77,40,26.756914459797102,93.10645634900817,0.49140869565217393,5.261991500854492,1.038597822189331,266,0.0017265932247568939,0.00803095,Low,Low
260,10,25.648724787817777,92.80424603042721,0.7625608695652174,5.882900238037109,9.681808471679688,314,0.4881680342568657,0.51069975,High,High
48,40,25.99739779648448,91.228699264512,0.4810739130434783,5.280813217163086,1.3871959447860718,255,0.002395556761937485,0.006957355,Low,Low
144,10,26.809645822559098,92.08428212811387,0.6304000000000001,5.014980316162109,0.0,288,0.20102654409953347,0.21334358,Medium,Medium
90,40,27.03625582665379,94.52391675460784,0.5342739130434784,6.038642406463623,4.259282112121582,308,0.029898095472342585,0.025483983,Low,Low
43,10,24.340445377822547,92.39219852435663,0.5949521739130436,9.957619667053223,5.491684436798096,312,0.34369829413848796,0.38931206,Medium,Medium
48,10,24.49040396602913,92.3724561362572,0.7031565217391305,10.004463195800781,4.173519134521484,273,0.21344616327103733,0.15674195,Low,Medium
289,10,25.66837520669111,93.4185710804052,0.8037913043478261,5.106140613555908,7.165686130523682,334,0.1287858509462395,0.09129464,Low,Low
22,10,24.743082960608035,92.63798091899699,0.5240869565217391,10.37257194519043,4.181520462036133,286,0.18336138396812726,0.19692585,Low,Low
28,40,26.059977705241014,89.878099990431,0.5231739130434783,7.111746788024902,1.3876047134399414,290,0.017920268757326885,0.009529302,Low,Low
55,10,26.487611051856614,90.72005215018359,0.5745086956521739,6.108245849609375,0.9274099469184875,294,0.0071768489926417,0.02141711,Low,Low
106,10,27.301672450754406,94.8734541821752,0.6129565217391304,6.553901672363281,3.4742283821105957,250,0.0427555983723292,0.042671554,Low,Low
94,60,26.980758292103474,94.2925093347789,0.648795652173913,6.8052592277526855,6.364614009857178,297,0.285051369426397,0.34246212,Medium,Medium
81,40,25.90776049630162,92.72240893151691,0.6715826086956522,5.557595252990723,1.0310088396072388,293,0.012699095027778787,0.023863554,Low,Low
132,10,27.7463462334601,95.45572526239037,0.7584782608695653,8.609599113464355,1.0478754043579102,277,0.08442819313456916,0.0814202,Low,Low
41,40,26.37225545995513,91.15030621970413,0.4582130434782609,5.06885290145874,0.9274099469184875,290,0.013418854407179347,0.015901735,Low,Low
112,10,26.660273776077037,90.05795353590229,0.7621739130434784,6.861291885375977,0.0,270,0.06526927569492849,0.026014406,Low,Low
104,10,27.132963546306147,94.93387876688902,0.6446608695652174,7.21180534362793,1.8543341159820557,270,0.006538906801461665,0.01925437,Low,Low
121,30,27.48722793396758,95.25554777103011,0.6113869565217391,6.933089256286621,2.0901026725769043,242,0.02684778588757854,0.021592706,Low,Low
99,80,27.29920352394666,94.87466387955114,0.48623478260869574,6.706308841705322,1.396014928817749,253,0.004676973488165476,0.00920796,Low,Low
66,40,26.20714309029881,92.74624398001217,0.4992347826086957,4.876957416534424,2.2648439407348633,322,0.04493344298385289,0.036953136,Low,Low
44,60,26.3291700716375,90.73258495164642,0.4959608695652174,6.112147808074951,3.4635941982269287,300,0.024563749080274356,0.02712869,Low,Low
166,10,25.675745067317617,93.0400563635846,0.7658217391304348,4.564093112945557,4.6273674964904785,292,0.22963819258304535,0.13040935,Low,Medium
235,10,26.146783832715933,92.8057607899377,0.6678521739130435,5.144636631011963,8.239742279052734,316,0.6229911675291107,0.7062741,Very High,High
33,10,24.52625335832223,92.38276896724769,0.6797434782608697,10.426803588867188,2.1157071590423584,292,0.35835327888691176,0.22147602,Medium,Medium
84,40,26.132445025540076,93.06263665970216,0.4263739130434783,5.236109733581543,3.2316551208496094,303,0.008106627763900653,0.018422106,Low,Low
151,40,27.422042714516824,95.88261364746346,0.6358695652173914,7.256102561950684,3.47558856010437,265,0.08096278225531424,0.031032838,Low,Low
500,10,25.04756526479858,92.68895265913476,0.7652391304347826,9.393631935119629,36.88683319091797,312,0.7128155167774944,0.78506696,Very High,Very High
146,40,25.762280857942578,93.21077324589533,0.6553260869565217,4.061557292938232,8.229471206665039,278,0.4660892292427214,0.3793469,Medium,High
86,40,26.682293842138115,91.72735754799356,0.5103782608695653,4.954685211181641,1.3917573690414429,312,0.04629349776944883,0.04089738,Low,Low
61,40,26.486252692097622,92.48416439787151,0.4451739130434783,4.97852897644043,2.966517448425293,263,0.01368646081682565,0.013595304,Low,Low
105,10,27.443796053414523,94.90750568306609,0.6481347826086957,6.683241367340088,1.39703369140625,245,0.00458835500773481,0.02068533,Low,Low
106,10,27.339666327755005,94.82360455334378,0.6229608695652175,6.540777683258057,3.8482937812805176,247,0.020085193150757265,0.050600115,Low,Low
121,10,27.542073308110545,95.46424478598712,0.6836565217391304,6.9220662117004395,2.091141939163208,258,0.011122003812904143,0.018165639,Low,Low
112,40,27.73341413581745,95.01201228848979,0.5734434782608696,7.261672496795654,2.129507541656494,283,0.0005399382356010978,0.005957674,Low,Low
105,10,26.515691446899794,94.01656960441315,0.6107826086956523,6.376248359680176,3.4655861854553223,277,0.07295217328192102,0.062262148,Low,Low
43,60,26.204343761764648,91.35646727440664,0.35224782608695654,4.1588921546936035,3.704791784286499,294,0.10211923388182843,0.08172861,Low,Low
310,10,26.283968608182448,92.90812429093884,0.7768391304347826,4.894262790679932,2.9658877849578857,320,0.22345503408302383,0.16891335,Low,Medium
119,10,26.199834252324813,93.9156313248604,0.516695652173913,6.79865026473999,4.159071922302246,318,0.054523828071778586,0.06731398,Low,Low
128,40,27.825578534493328,95.56643476348879,0.6022913043478261,8.49507999420166,1.0486384630203247,303,0.0167589298700477,0.018922081,Low,Low
157,10,26.041681857215828,93.74569626793829,0.5910130434782609,6.359941005706787,5.147578716278076,255,0.30721767763084107,0.2067914,Medium,Medium
123,30,25.99936398157781,93.07000836904967,0.5690652173913043,5.130255699157715,4.740035533905029,274,0.04409052810853173,0.05546165,Low,Low
169,10,26.730832153019975,90.18585846494207,0.6716260869565217,6.1400604248046875,25.15866470336914,258,0.8273300567574419,0.95219195,Very High,Very High
67,40,26.223217293984547,92.74810910814871,0.4901869565217391,4.876957416534424,2.2651002407073975,317,0.044933442983852885,0.043002337,Low,Low
97,40,27.37811273217592,94.23722902785752,0.561904347826087,7.297020435333252,0.0,259,5.634232869954597e-05,0.004803252,Low,Low
92,40,27.359367478798497,94.48153549801022,0.632104347826087,6.611678600311279,2.969329833984375,270,0.02067241635583621,0.011333345,Low,Low
1170,10,25.290890374413983,93.41811545662372,0.783695652173913,5.928534507751465,32.488929748535156,295,0.5089406345101248,0.35509896,Medium,High
162,10,26.134298667415717,92.46016029898661,0.7122,4.789031982421875,22.706085205078125,247,0.8346633091150916,0.9081497,Very High,Very High
90,20,26.81087149424505,92.72299439993012,0.6128043478260871,5.676693439483643,0.0,307,0.060914803497758296,0.06475398,Low,Low
42,40,26.52670800389904,91.08513180561383,0.6377565217391304,5.703733921051025,1.0365062952041626,275,0.037066011680532515,0.01844787,Low,Low
61,10,24.442492827033718,92.61108908604436,0.7824608695652174,10.492793083190918,14.252250671386719,288,0.4293524562897962,0.28159004,Medium,High
85,10,26.680022871151383,93.87709599268314,0.5977,6.213926315307617,2.7802884578704834,280,0.025270973913142262,0.02671899,Low,Low
31,40,26.17122935153549,90.13756230432921,0.2966608695652174,7.882307529449463,4.15850830078125,309,0.09438289940386956,0.045638625,Low,Low
67,40,26.32392295191642,92.8230842737306,0.5643826086956523,4.995222091674805,1.3893483877182007,285,0.004430366298916501,0.016823392,Low,Low
477,10,26.27729836232664,93.58006980584055,0.8223260869565219,5.593973636627197,29.679445266723633,339,0.35567202561353223,0.458099,High,Medium
71,40,26.493768534804364,92.53707483430563,0.5168478260869566,5.021246433258057,2.0717389583587646,265,0.0011706417069874465,0.013309559,Low,Low
369,10,26.027397376043062,93.35327580557342,0.7604217391304349,5.355688095092773,10.096575736999512,334,0.5148450354881721,0.32160237,Medium,High
64,10,26.34267079064905,92.63324289946335,0.6234434782608697,5.09663200378418,5.541633605957031,308,0.41372966118906374,0.569157,High,High
89,40,26.815930047003345,92.64410303681966,0.6686913043478261,5.553375244140625,2.1252901554107666,289,0.01601108184268221,0.018947916,Low,Low
142,40,26.77555007007035,90.52826427450884,0.5895956521739131,6.249002456665039,0.9274099469184875,272,0.03541654282607387,0.017090652,Low,Low
99,40,26.72266443827017,91.38476470915116,0.6333826086956522,5.537591457366943,2.2732982635498047,261,0.019145992957220793,0.020041382,Low,Low
111,10,27.00989558915411,93.74510419967638,0.6186869565217391,6.382905960083008,2.7802884578704834,256,0.014805619474007645,0.028259702,Low,Low
64,40,26.352131463050206,92.73351102341499,0.5487260869565217,5.040822505950928,4.235091686248779,321,0.04627821181693191,0.037403263,Low,Low
66,40,26.53554583663011,92.0821486820591,0.5418608695652174,4.979382038116455,2.1240451335906982,289,0.005099329836097093,0.015922813,Low,Low
434,10,25.322558121864727,92.94504688949854,0.8314347826086956,7.23089599609375,21.787195205688477,352,0.42040416034013806,0.7004148,Very High,High
38,80,26.174549258021965,90.4367650717921,0.0628913043478261,7.47150182723999,2.2643184661865234,319,0.1064689386695813,0.017796477,Low,Low
95,40,26.52898422841941,93.16893675790426,0.7217173913043479,4.950605869293213,3.704791784286499,242,0.1383326913695881,0.065699875,Low,Low
26,40,26.065207413275186,89.93119985529832,0.46686086956521744,7.060272693634033,2.0641119480133057,296,0.015957147714379213,0.008482163,Low,Low
60,10,25.996553020702194,91.41930243773317,0.6321782608695652,4.6583638191223145,2.965003490447998,272,0.37560389603107536,0.20434467,Medium,Medium
159,10,26.70930547686281,94.55814673212586,0.824308695652174,6.750336647033691,8.299310684204102,267,0.2903836284014701,0.13428392,Low,Medium
688,10,26.166171786536303,93.60819270334754,0.8248652173913045,5.8103437423706055,23.092748641967773,329,0.4431568635050606,0.40398416,High,High
96,10,26.43000060865995,92.98964030751966,0.747,5.052363395690918,17.26930809020996,277,0.7722200022772531,0.7167824,Very High,Very High
253,10,26.75763085151062,90.74500685862935,0.718808695652174,5.202755451202393,2.125028371810913,261,0.2563076380214889,0.19311012,Low,Medium
210,10,26.75799981968114,90.66755343732208,0.7181739130434783,5.253356456756592,1.0386079549789429,298,0.38388995082231736,0.35106993,Medium,Medium
128,40,27.890482364795766,95.66430181968774,0.6010217391304348,8.929872512817383,2.7988054752349854,304,0.021373735370597495,0.018937653,Low,Low
60,10,26.382393010677294,91.65063648557408,0.5890608695652174,4.846367835998535,5.482141971588135,299,0.3369586261212024,0.41959798,High,Medium
73,10,26.574743676728207,91.75896884225496,0.6478260869565218,4.985380172729492,2.7802884578704834,281,0.19606188218583787,0.0972148,Low,Low
56,40,26.43088550603655,92.0796567900442,0.542,4.861122131347656,3.4646780490875244,299,0.03469879857898754,0.04572317,Low,Low
100,10,26.795524796897453,94.36313829340715,0.5084652173913043,6.28899621963501,2.077219247817993,259,0.022552182374710926,0.015657172,Low,Low
88,40,27.238368471099804,94.18073203728645,0.5310782608695652,8.295499801635742,1.8543341159820557,273,0.001686741684571832,0.009815558,Low,Low
40,40,26.470484665901946,90.79506393519743,0.528404347826087,6.219399452209473,2.1237595081329346,303,0.013303814781966747,0.009557977,Low,Low
238,10,26.800941278162462,91.51359477997299,0.7634608695652174,5.197009563446045,15.490680694580078,260,0.47559558913460176,0.33131436,Medium,High
24,40,24.853880920607654,92.63271546261066,0.545095652173913,10.016647338867188,2.043454885482788,276,0.006824024353480819,0.030322533,Low,Low
83,60,26.981389728576534,93.97449502771877,0.3607391304347826,7.686824798583984,2.7802884578704834,267,0.0024170647791984874,0.009251871,Low,Low
114,10,26.49502565247965,94.20181670404126,0.6356086956521739,7.041202068328857,4.241912841796875,292,0.020730920753610757,0.064333655,Low,Low
38,40,26.318370374429726,90.21245993396757,0.42863913043478263,7.197936058044434,0.9274099469184875,270,0.048822430968518175,0.0060584494,Low,Low
296,10,26.33621876630024,90.3249795324349,0.7577695652173914,6.962841987609863,23.494976043701172,289,0.8271324527994883,0.7929766,Very High,Very High
295,10,25.455568282910203,93.23064768071077,0.7338913043478261,5.374311447143555,12.265002250671387,316,0.5086044880244578,0.40220886,High,High
31,50,26.01933866882493,89.97365986032345,0.4367869565217391,6.238403797149658,2.0633058547973633,298,0.07795711637323449,0.021359347,Low,Low
83,40,25.960741854450024,92.9320296538124,0.4649739130434783,5.23446798324585,1.386956810951233,296,0.005351069825361121,0.017013844,Low,Low
39,40,26.22139946573339,90.94527413633882,0.43865652173913044,5.343536376953125,6.5456156730651855,261,0.12311253504042763,0.03167524,Low,Low
567,10,26.203086782640256,92.88590633576355,0.772495652173913,4.653265476226807,14.820775985717773,336,0.31528874031400883,0.08279918,Low,Medium
119,40,27.224764910080488,95.29835552231576,0.5300173913043478,7.132602691650391,2.0851638317108154,285,0.0002574301182189814,0.006540786,Low,Low
23,20,24.817349859210275,92.8266101340139,0.4127782608695652,10.891715049743652,0.9274099469184875,287,0.3623086775901736,0.25389168,Medium,Medium
36,10,24.552617496688086,92.96305184381794,0.6519173913043478,9.756470680236816,2.1158103942871094,288,0.12519379219621599,0.07478832,Low,Low
80,10,26.678974223145207,91.34939503654131,0.6506130434782609,5.726686954498291,3.4673497676849365,283,0.14260877463562596,0.12461442,Low,Low
93,50,26.765167738199196,94.1957125346065,0.48474782608695655,6.271997451782227,2.1250619888305664,288,0.030694627717118603,0.020599805,Low,Low
846,10,25.645093846941382,92.58818280478853,0.7302173913043478,6.082192420959473,7.654099464416504,323,0.3190599448707457,0.22435462,Medium,Medium
259,10,26.22785331295815,92.91485735344133,0.7208869565217392,5.023381233215332,7.257706165313721,327,0.4587664886130198,0.40499687,High,High
103,10,26.528901948435283,94.03448425474197,0.692704347826087,6.376248359680176,1.8543341159820557,312,0.06963902335191902,0.050111998,Low,Low
34,10,24.603468457037533,92.84020762612991,0.6201347826086957,10.640317916870117,0.9274099469184875,276,0.40370491864438657,0.4936593,High,High
86,40,26.877186064312024,92.74774634598249,0.4638869565217391,5.793303489685059,2.1255643367767334,295,0.0030419803925642295,0.012743005,Low,Low
153,10,27.935132806861763,95.8951693477321,0.6330086956521739,8.649015426635742,5.0772905349731445,331,0.3789533220426416,0.59608483,High,Medium
126,40,26.13468801649963,93.85464879805235,0.5065347826086957,6.529478073120117,4.157792568206787,273,0.004355699301983058,0.015681354,Low,Low
57,40,26.421777136986453,91.73936993124265,0.5698434782608697,4.641315460205078,2.1235454082489014,286,0.011102570470384395,0.017952526,Low,Low
77,80,26.829251717016376,93.93330884296536,0.2190086956521739,6.2964253425598145,2.2750778198242188,290,0.001455413007622782,0.011488448,Low,Low
65,10,26.442487056449814,92.58891032697963,0.4562304347826087,4.969949722290039,0.9274099469184875,272,0.10581135445797858,0.08977747,Low,Low
68,10,26.535732722665344,91.79328447983926,0.5622391304347826,5.010969638824463,4.82966423034668,290,0.16788701589402305,0.26303822,Medium,Low
121,10,27.342603254908912,95.29909606033193,0.6349695652173913,7.11765193939209,0.9274099469184875,267,0.00576951527663521,0.022828981,Low,Low
48,40,26.522703957947822,91.17964136853742,0.46430000000000005,5.545485019683838,4.139111518859863,284,0.008237476043729644,0.020507017,Low,Low
182,10,26.80269280925448,91.18478378376325,0.8153347826086957,4.895155429840088,5.553933620452881,285,0.1666164086252579,0.12902506,Low,Low
441,10,25.212625552761683,93.0637613861629,0.7821304347826087,7.583954334259033,13.368950843811035,365,0.7968393576897989,0.9343502,Very High,Very High
59,10,26.68649540954979,91.08057988567697,0.6402391304347826,5.590792179107666,1.037954330444336,274,0.0486070796936956,0.056891654,Low,Low
550,10,25.495298418957773,92.86385139714245,0.7755260869565217,6.0683979988098145,11.97719955444336,308,0.40417251612912386,0.3385124,Medium,High
45,40,26.442122254718157,91.22726460812095,0.5505521739130436,4.854238510131836,2.123634099960327,283,0.03129629610026223,0.023916293,Low,Low
59,40,26.48354337311116,92.21430653375404,0.48748260869565224,4.820587158203125,1.0361180305480957,261,0.020987655929148627,0.025312481,Low,Low
46,10,24.50137717214813,92.5372601866531,0.6602347826086957,10.663727760314941,10.89168643951416,297,0.5294465993816596,0.68794084,High,High
53,10,24.297606806676484,92.30251997795881,0.5792,9.890213012695312,5.074844837188721,289,0.22757959670687045,0.2979223,Medium,Medium
132,40,27.67572984648295,95.68209659405176,0.6076565217391304,7.941858291625977,1.3986886739730835,279,0.014417859803999379,0.016718125,Low,Low
34,10,24.80471875306022,93.14105409667216,0.5637608695652174,9.63152027130127,2.757740020751953,292,0.07152697811831421,0.056951586,Low,Low
57,40,26.28396228657092,92.55276104600249,0.5257869565217391,4.857574939727783,1.0343308448791504,309,0.04795833788594153,0.047869574,Low,Low
85,40,26.9618140978761,93.84119009225628,0.5352130434782609,7.06028938293457,2.125945806503296,259,5.634232869954597e-05,0.0051284293,Low,Low
353,10,26.335887931586456,93.76261691346834,0.7673173913043478,6.31804084777832,13.793498992919922,327,0.5064266741089779,0.471081,High,High
87,40,26.67792709333182,92.19461492328895,0.548695652173913,5.350921154022217,0.0,288,0.0008149797712460214,0.009420939,Low,Low
119,80,27.769530185576706,95.4929880811451,0.5147869565217391,8.149523735046387,0.0,285,0.009721389277156404,0.03349929,Low,Low
37,60,26.176798811125558,90.95378643754714,0.2800173913043479,5.457101345062256,7.188077449798584,273,0.2448930498436521,0.11328011,Low,Medium
268,10,25.68338931320618,93.12379266859682,0.7715173913043478,4.000041484832764,17.00308609008789,308,0.400714761067981,0.25276646,Medium,High
138,10,26.025080452056358,93.2692946127494,0.7411695652173913,5.144014358520508,6.329988479614258,283,0.29642578582346263,0.28576264,Medium,Medium
47,80,26.116759271897468,91.32296628722362,0.28066521739130434,4.7414045333862305,1.0328443050384521,274,0.012229780257284339,0.023427002,Low,Low
48,40,26.103406850742594,90.53344059151524,0.614513043478261,6.905905723571777,2.774158477783203,281,0.027227831281183425,0.011218047,Low,Low
21,40,24.88383771382275,92.5499409249051,0.5735260869565217,10.62091064453125,2.961726665496826,278,0.09642657353718102,0.08497276,Low,Low
888,10,25.081736524018964,92.95736545066005,0.7372347826086957,8.460667610168457,27.878509521484375,275,0.4619327513549327,0.4227071,High,High
201,10,25.959148259762994,92.59217593739328,0.7773,5.84947395324707,3.459703207015991,282,0.21745604696220536,0.19742887,Low,Medium
428,10,25.835501926157654,92.61467000704229,0.7834739130434784,5.868940353393555,4.739726543426514,319,0.23833450902132639,0.22352412,Medium,Medium
52,40,26.513897977728014,90.09912494227211,0.5545304347826088,7.1800360679626465,2.7796008586883545,246,5.634232869954597e-05,0.0041356743,Low,Low
85,40,26.744391706502128,92.59589339060848,0.6024,5.799473762512207,0.9274099469184875,310,0.0410962134642911,0.039427727,Low,Low
121,10,27.690259260565405,95.39204163787115,0.7360869565217392,7.769158363342285,2.1293046474456787,290,0.04724472472827583,0.06116232,Low,Low
899,10,26.10498704671912,93.60318319019322,0.8196217391304348,5.732536792755127,24.939250946044922,353,0.5107537565105753,0.45934555,High,High
206,10,25.819965130115186,93.2697551640611,0.7724130434782609,4.530831813812256,5.220105171203613,299,0.22464244585642282,0.13229793,Low,Medium
652,10,26.39988760709088,93.13697680132202,0.8041,4.7933549880981445,16.521697998046875,342,0.14798861585326567,0.033634998,Low,Low
951,10,25.04482823636255,93.11223896877716,0.7155608695652175,8.757526397705078,21.724349975585938,301,0.6004531954308256,0.5784438,High,High
90,10,26.99288251465702,94.26447541450163,0.6569695652173914,6.8052592277526855,6.207840919494629,289,0.1739820735209795,0.1694739,Low,Low
72,10,26.612721882987568,90.54957363961853,0.3996652173913044,6.585745811462402,1.391283392906189,279,0.05856594736312039,0.016764712,Low,Low
94,40,27.186279160115703,94.67254996739844,0.5577434782608697,6.547702312469482,3.8479058742523193,281,1.6490788514484307e-05,0.011665105,Low,Low
119,40,27.587405527817317,95.50426937166175,0.6617565217391305,6.988945960998535,0.9274099469184875,246,0.00265585432209534,0.006724336,Low,Low
31,10,24.633181217812584,92.95043161979964,0.49995217391304353,9.925922393798828,4.178025245666504,259,0.07865812500536952,0.062323652,Low,Low
78,10,26.124338453807102,92.5108541995686,0.6730173913043478,5.064931392669678,11.706514358520508,289,0.7506219770252746,0.79836744,Very High,Very High
105,10,27.168480916410285,95.01223370074152,0.621713043478261,6.929147243499756,2.7802884578704834,260,0.009045632585000444,0.024783,Low,Low
78,60,26.897873977164696,94.0087161162363,-0.005439130434782609,6.840999126434326,4.835992813110352,276,0.015696257433005945,0.04997311,Low,Low
92,40,26.1145096222619,93.1100361161231,0.47309565217391303,5.144575119018555,1.0328246355056763,290,0.004311556602571807,0.013043655,Low,Low
76,40,26.60385173127936,93.36385320500203,0.6572130434782609,5.391082286834717,1.3912252187728882,252,0.009832556626034423,0.010897495,Low,Low
134,10,27.63665969103919,95.59682223300346,0.6877521739130436,7.3482747077941895,1.0468230247497559,277,0.017297210015150232,0.038732752,Low,Low
76,40,26.604098354123366,90.32712545063141,0.6220826086956522,6.749180316925049,3.6180577278137207,248,0.02095183540325504,0.01775831,Low,Low
67,40,26.557963504886157,92.20749204763312,0.5330826086956523,5.154541015625,1.8543341159820557,272,0.002522766083567167,0.010787635,Low,Low
204,10,26.149830063007954,92.78873754974107,0.6605260869565217,5.241752624511719,34.87680435180664,288,0.9747192749856062,0.9735551,Very High,Very High
119,10,27.472958492445915,94.2284072149544,0.7152869565217391,7.12297248840332,2.089834213256836,276,0.032079106082006044,0.037686635,Low,Low
62,10,24.55256754015631,92.67749375066126,0.8124434782608696,10.864320755004883,13.203498840332031,293,0.3590804294928159,0.26755962,Medium,Medium
152,10,25.053509934340976,93.26770893939107,0.796408695652174,7.958152770996094,8.866503715515137,309,0.4470059674797699,0.39363903,Medium,High
907,10,26.274110024266726,93.41120514654125,0.8295826086956523,5.0650787353515625,12.354969024658203,313,0.20389222454623573,0.0625357,Low,Medium
64,10,26.4629967963118,91.72609023903274,0.5740913043478262,4.570702075958252,1.035933017730713,265,0.1919835938359539,0.1308845,Low,Low
42,80,26.254913064816485,90.8415283938628,0.39510434782608694,5.871555805206299,2.265618085861206,277,0.005598136776587113,0.011714145,Low,Low
933,10,25.201721095478714,92.84863501432248,0.8000826086956523,8.034920692443848,13.291730880737305,306,0.4844942725378206,0.4678697,High,High
68,40,26.119627387166137,92.88816620403854,0.5117434782608696,5.161534786224365,4.519820213317871,284,0.006291310054611185,0.026849309,Low,Low
50,40,26.598251423223076,91.14914151545094,0.46933913043478265,5.661014556884766,2.124321937561035,257,0.00682262755930243,0.008400798,Low,Low
97,10,26.78474058393518,91.07515148224532,0.8091913043478262,5.338509559631348,2.7802884578704834,278,0.12330459266362363,0.04462737,Low,Low
141,10,26.31575114183665,90.33542994548635,0.724895652173913,6.962841987609863,15.009160041809082,293,0.7952946186875504,0.78350663,Very High,Very High
85,40,26.735392261612883,92.57623936223743,0.5298173913043478,5.799473762512207,0.0,309,0.03022996099987203,0.038669005,Low,Low
66,80,26.56011655717624,92.80570931039719,0.10221739130434783,4.884005546569824,10.738037109375,277,0.716060151994016,0.6852467,High,Very High
123,10,26.80358302007399,92.26356097817273,0.5468086956521739,5.856756687164307,1.3925820589065552,316,0.07655274136693015,0.07058204,Low,Low
620,10,26.398340582915214,93.37809182493284,0.8218347826086957,5.413952827453613,23.506193161010742,338,0.3485007557964171,0.26913238,Medium,Medium
551,10,25.90499435964774,92.32074219679791,0.7456173913043478,5.721282482147217,8.831511497497559,300,0.1856780661177922,0.19655792,Low,Low
568,10,25.995227964147894,92.47000953051247,0.7090347826086957,5.294440269470215,23.460725784301758,295,0.8675635556438355,0.84716076,Very High,Very High
156,10,27.376461571449163,95.76068916475658,0.7471217391304348,6.743685245513916,6.507444381713867,293,0.2417474179517284,0.15896358,Low,Medium
55,40,26.405464957874194,91.70000048284466,0.589313043478261,4.641315460205078,1.8543341159820557,284,0.01943311606647285,0.016862841,Low,Low
118,40,26.366778205862442,94.15446288401873,0.5983478260869566,6.832724571228027,4.235603332519531,298,0.0008287141415026535,0.0157283,Low,Low
108,10,27.371459467659072,94.9671153945779,0.5621217391304348,6.717748165130615,4.271462440490723,237,0.03684338912118337,0.04846732,Low,Low
164,40,25.878505091408186,93.8877562863945,0.5709782608695653,6.316402435302734,2.964646100997925,260,0.14024116504632522,0.037889127,Low,Low
94,40,27.414891996735612,94.593847089789,0.5604260869565217,6.960279941558838,1.0447150468826294,276,0.002801041062859733,0.005233725,Low,Low
232,40,26.858990425427386,90.42888546751021,0.6217913043478261,5.285831928253174,4.172313690185547,280,0.3277314274035846,0.20076036,Medium,Medium
205,10,25.739364349182324,93.10811586610659,0.7674782608695653,3.98186993598938,7.44877815246582,314,0.2779852658371691,0.18486464,Low,Medium
127,10,27.83561275559146,95.66290342676727,0.6548521739130435,8.412005424499512,1.0487350225448608,314,0.04026907071272734,0.09604386,Low,Low
114,40,27.576246215974816,94.67164662507439,0.35171739130434787,6.429647922515869,1.0462473630905151,265,0.00558559133720498,0.0042212205,Low,Low
34,50,26.224398271582658,89.75264165304883,0.567295652173913,7.678060054779053,0.9274099469184875,273,0.043600546027991,0.021798251,Low,Low
91,40,27.270774639672645,94.14148600765365,0.605195652173913,7.609763145446777,1.3958160877227783,274,0.0032206791389749645,0.0073237354,Low,Low
250,10,25.521475730703433,92.95691963943683,0.8020260869565218,5.76761531829834,8.496712684631348,281,0.1709505939491314,0.108656004,Low,Low
786,10,25.746239516966877,92.61069945186702,0.7370260869565217,6.003452301025391,13.026391983032227,312,0.27997444074472483,0.18821141,Low,Medium
61,40,26.179366399184513,92.70093873403235,0.4236869565217391,5.024884223937988,3.8454456329345703,294,0.012580059976432795,0.0185572,Low,Low
378,10,26.378201063107227,93.34445539602832,0.7825826086956522,5.294604778289795,23.49077796936035,324,0.5326039682740703,0.5907132,High,High
721,10,26.285507125236308,93.32814094722498,0.8148782608695653,4.927322864532471,27.57328224182129,309,0.3151268708269769,0.15530378,Low,Medium
46,40,26.49481082985084,91.29631438429982,0.5317304347826087,4.957870006561279,1.390489935874939,279,0.0018628965193794227,0.013284997,Low,Low
42,80,26.254526799345626,91.36058784311987,0.47020869565217394,4.527895450592041,2.0674591064453125,249,0.047996910129513744,0.04007547,Low,Low
36,10,24.608768709078767,92.48368899131361,0.6087173913043479,9.907974243164062,4.129079341888428,276,0.16378324773411473,0.13260084,Low,Low
1009,10,25.31613735557609,93.35623556867795,0.719104347826087,5.738531112670898,24.04388999938965,325,0.7550071324158139,0.71866304,Very High,Very High
64,60,26.53987970704527,92.26981701760928,0.4150608695652174,5.187835693359375,0.9274099469184875,260,0.010131377450406744,0.01469449,Low,Low
180,10,25.81870825005109,93.6184484035397,0.6763260869565217,5.8035454750061035,1.3860357999801636,279,0.3693435109744372,0.24865107,Medium,Medium
435,10,26.277623079385314,93.58331148995904,0.8172521739130435,5.593973636627197,19.519886016845703,321,0.23019561055386997,0.22181919,Medium,Medium
132,40,26.104462885707825,93.77255813281235,0.5986347826086957,6.249173641204834,0.0,251,0.004569969138877179,0.007589245,Low,Low
177,10,25.93296106251332,91.43145984095867,0.6831565217391304,5.152920722961426,32.667259216308594,281,0.9470144748357114,0.9715978,Very High,Very High
177,10,27.221640247812932,95.42312223556357,0.7898652173913043,6.870290279388428,8.450604438781738,311,0.3179213201416734,0.24502167,Medium,Medium
30,80,25.78408780044166,89.90566366680112,-0.03694761904761905,7.0739521980285645,1.0299321413040161,329,0.1308480900406585,0.018923294,Low,Low
330,10,27.546871826945296,94.26251247178604,0.6229043478260871,6.581480026245117,32.32122802734375,295,0.899815093477618,0.96479267,Very High,Very High
191,10,26.549206710516977,94.37761990222864,0.7349695652173913,6.711429119110107,4.741095066070557,265,0.3072705116142102,0.26135278,Medium,Medium
660,10,25.686475125536706,92.6607720680486,0.7604478260869565,5.805843830108643,16.2503719329834,323,0.5538595930035508,0.62091565,High,High
71,10,24.543989559591566,92.69795587218476,0.7806173913043478,10.599252700805664,2.23911452293396,275,0.5138846415884777,0.38326505,Medium,High
281,10,25.647968767018696,93.36293123204518,0.7763608695652174,4.930422306060791,11.700974464416504,352,0.5729132885355621,0.5434517,High,High
288,10,26.273846263346858,93.23317884908495,0.7595608695652174,5.188548564910889,20.331727981567383,347,0.6106911452666773,0.627289,High,High
33,40,26.172871709515896,90.16083120340018,0.3878913043478261,7.925967216491699,6.188262462615967,319,0.23285900595389994,0.1346267,Low,Medium
89,80,27.12203693738093,94.53365132361945,-0.04907,6.555538177490234,0.9274099469184875,273,0.0005859240643503121,0.008499385,Low,Low
667,10,26.499979130082494,93.52638940178237,0.7674260869565217,5.539882183074951,6.546003341674805,342,0.26658789992006066,0.27727947,Medium,Medium
76,40,26.76984922911875,93.09468725024547,0.608995652173913,5.075068950653076,3.621941328048706,293,0.05152021214430732,0.043270633,Low,Low
31,80,26.196386005219917,90.68831823252204,-0.031285,6.908987998962402,0.0,290,0.08409924002724581,0.011352045,Low,Low
138,10,27.40656524908549,95.52692250298134,0.5809869565217392,6.1548991203308105,2.7918825149536133,296,0.08082673628079054,0.050122432,Low,Low
198,10,26.433283090408967,92.9985247691348,0.723995652173913,5.052363395690918,24.247787475585938,292,0.9403084231043818,0.9384951,Very High,Very High
1643,10,25.334002012741664,93.4511932106292,0.6968652173913044,5.408109188079834,24.670108795166016,299,0.7396044352454801,0.604121,High,Very High
117,10,27.262801327859222,95.30409131748036,0.6480739130434783,7.081557273864746,1.3957597017288208,293,0.006204491587939171,0.027849367,Low,Low
82,40,26.62680408873903,90.74257141105592,0.5999521739130436,5.965041160583496,1.391381025314331,311,0.03175679194152008,0.014803846,Low,Low
401,10,25.2292558055264,93.00625406891561,0.7413782608695653,7.754436492919922,23.05782127380371,316,0.9383911422074277,0.9630858,Very High,Very High
151,10,27.46549964288059,95.63869277897862,0.784395652173913,6.405880928039551,4.742940902709961,280,0.1618491225295343,0.11549959,Low,Low
516,10,26.47661861118675,93.4095475695037,0.797013043478261,5.444455146789551,4.164569854736328,320,0.11680450027672144,0.052925996,Low,Low
102,10,27.39600124121842,94.79847500292722,0.6277565217391304,6.748208999633789,1.396697759628296,265,0.017469031757111085,0.031177336,Low,Low
92,40,26.880858960684037,92.70930854490616,0.5297391304347826,5.793303489685059,2.7802884578704834,286,0.0026413057065144594,0.013638164,Low,Low
81,80,26.732065206797422,93.74843611332716,0.5181913043478261,6.172450065612793,2.0760574340820312,264,0.0001478268865866558,0.010369708,Low,Low
106,40,26.736534453377644,94.45118393449225,0.6186869565217391,6.8369646072387695,1.0384126901626587,293,0.011567373526544198,0.011681515,Low,Low
95,90,27.365090718257193,94.4979343615875,0.5847913043478261,6.611678600311279,1.396478295326233,271,0.0012222747246894946,0.010909838,Low,Low
81,10,26.738978599293677,92.66450815904771,0.4799521739130435,5.506118297576904,3.621211290359497,307,0.07147795289063007,0.111481816,Low,Low
38,40,26.08132510028445,90.43520974495658,0.483395652173913,7.385667324066162,9.8621244430542,284,0.527628062939235,0.17572725,Low,High
40,10,24.837628352250594,92.58649579201145,0.5815652173913043,9.960885047912598,7.650534629821777,251,0.31346199224497345,0.30174187,Medium,Medium
103,10,26.784819449322345,92.45456033126212,0.6870782608695652,5.798340797424316,2.125149965286255,273,0.07157328426467643,0.060621828,Low,Low
116,10,26.345692701746252,93.94972816870383,0.6813217391304348,6.604591369628906,2.1232144832611084,287,0.022707857795149267,0.038069032,Low,Low
103,10,26.611781733052972,93.97993392341009,0.6567782608695653,6.470938682556152,2.780916690826416,279,0.041664285894853756,0.031926624,Low,Low
100,40,27.137712763853386,94.95888011957614,0.5710565217391305,7.071037292480469,1.0421124696731567,265,5.634232869954597e-05,0.00448114,Low,Low
839,10,25.7389281110572,92.36564241105336,0.7213565217391305,5.8965959548950195,14.233739852905273,302,0.4125555838515439,0.30839375,Medium,High
68,10,26.756012214485445,91.09652897438929,0.634495652173913,5.338509559631348,1.0385876893997192,280,0.07205904803489778,0.067888305,Low,Low
253,10,25.845873542280035,93.53448898045151,0.7489043478260871,5.455253601074219,4.511104583740234,330,0.4882730730011686,0.35958213,Medium,High
312,60,26.329322136812316,93.34043307707141,0.6786782608695653,5.51997184753418,7.657262325286865,318,0.7516636214611785,0.8542314,Very High,Very High
186,20,26.79099782429119,90.30237239549547,0.6204913043478262,6.43351936340332,2.0771379470825195,291,0.3489161076268022,0.20032309,Medium,Medium
48,10,25.984480002503076,91.21659712769036,0.5537869565217391,5.280813217163086,3.6038825511932373,271,0.048759024029204456,0.031950966,Low,Low
21,40,24.677983638940965,92.52544821629954,0.44393043478260874,9.738636016845703,0.0,275,0.05789121873300485,0.020495202,Low,Low
120,10,26.65492055479409,94.35878026783536,0.7092478260869566,6.696685314178467,1.3915709257125854,249,0.023633984363957465,0.029204074,Low,Low
98,10,26.996618875297578,94.84258685595799,0.6905913043478261,7.150029182434082,2.9681437015533447,268,0.011509034520950508,0.015436692,Low,Low
113,10,26.890055561458677,93.3541424431331,0.8064217391304348,5.489648818969727,3.8471670150756836,270,0.19338051416672408,0.055088725,Low,Low
149,40,26.14173626223622,93.75088950737909,0.6901478260869566,6.249173641204834,1.0330653190612793,274,0.04475643703156835,0.021344252,Low,Low
110,10,26.712540378387363,90.55110486246905,0.6679826086956522,5.953362941741943,0.9274099469184875,290,0.01233057263596819,0.023286045,Low,Low
93,40,27.26285065707126,94.54476019058077,0.551113043478261,6.518779277801514,1.0432813167572021,285,0.001371729496506882,0.006416857,Low,Low
518,10,26.184464501325103,92.80037858800765,0.773713043478261,4.750677108764648,5.641806125640869,327,0.1803703818504047,0.029371347,Low,Low
614,10,25.741336394297665,92.54955256155468,0.7930521739130435,5.961647987365723,19.854001998901367,314,0.6074325573851236,0.5102578,High,High
39,80,26.171114084775585,90.85508061834608,0.1895391304347826,5.8897528648376465,2.965538501739502,259,0.02019288750253971,0.009662388,Low,Low
106,40,27.08444504117955,95.05839634578483,0.549404347826087,7.3663530349731445,1.3945157527923584,259,5.634232869954597e-05,0.0044000335,Low,Low
55,40,26.611786145904812,90.99544279592345,0.6230608695652174,5.574554443359375,1.0372754335403442,254,0.02201063109653236,0.017338408,Low,Low
46,10,26.04609173578678,90.45861601078047,0.5832086956521739,7.052017688751221,5.229763984680176,268,0.0763350866345035,0.04877671,Low,Low
105,40,27.611781728644246,94.92353501303958,0.5396826086956522,6.487896919250488,0.9274099469184875,272,1.6490788514484307e-05,0.005967857,Low,Low
116,10,27.5065434618284,95.17962304209101,0.5818260869565217,6.680159568786621,0.9274099469184875,256,0.0026906104124030435,0.018150471,Low,Low
49,40,26.567595848076344,91.25035441181466,0.5173782608695652,5.582180500030518,1.3909796476364136,291,0.007214916573261749,0.01032308,Low,Low
81,40,26.881826694608126,93.80473396424576,0.5292869565217392,6.226323127746582,1.3931183815002441,254,5.634232869954597e-05,0.005483236,Low,Low
58,10,26.69528408282124,91.18902475314066,0.5664869565217391,5.5469255447387695,5.642638206481934,271,0.12478991263202585,0.12667619,Low,Low
64,10,26.754996864125438,91.14876519931202,0.7110391304347826,5.360657215118408,1.392250418663025,265,0.09915228370916272,0.03913539,Low,Low
913,10,25.753471170580024,92.27020132571326,0.7582565217391304,6.316733360290527,8.229236602783203,311,0.2763918001632893,0.18362355,Low,Medium
100,40,27.050642703664277,94.94514424043912,0.5388000000000001,7.200913429260254,0.0,246,5.634232869954597e-05,0.0047792057,Low,Low
187,10,25.7437482143223,92.97489926395612,0.7548739130434783,4.574331760406494,8.425177574157715,299,0.2257228218132851,0.18547481,Low,Medium
453,10,26.111933163426595,93.37218811135405,0.7741652173913044,5.33831262588501,21.780305862426758,356,0.758536171045883,0.8793727,Very High,Very High
53,10,25.957209628640648,91.13039980282231,0.6837000000000001,5.344224452972412,1.3869351148605347,265,0.04744862559650155,0.025706362,Low,Low
77,80,26.734924322690983,93.49822114240516,-0.023704761904761906,5.4928507804870605,0.0,262,0.001306758163571574,0.0132621955,Low,Low
73,10,26.18213909252537,91.98736922307516,0.5581260869565218,4.558377265930176,18.92072105407715,277,0.9803342476579459,0.96555084,Very High,Very High
57,40,26.742748242006968,91.17580653607261,0.5976,5.398775577545166,3.846803903579712,278,0.0006597462686094541,0.012188679,Low,Low
77,40,26.84267194471512,93.63192890415337,0.5123652173913044,5.635316371917725,1.039383888244629,263,0.0017265932247568939,0.009964214,Low,Low
72,10,26.667024889604228,90.96412671587929,0.760195652173913,5.27006721496582,2.2723753452301025,271,0.12430332516563207,0.03712015,Low,Low
51,10,26.436734103584648,90.84863339951787,0.6501608695652175,5.858006954193115,0.9274099469184875,288,0.050433842112047295,0.04835519,Low,Low
120,40,27.606296661231234,94.61202561825836,0.5476913043478261,6.622426986694336,0.9274099469184875,274,0.001657483723378556,0.008576087,Low,Low
91,40,27.07985932457188,93.90929843521985,0.2873869565217392,7.200100421905518,1.0415747165679932,242,0.006143140990232021,0.005766162,Low,Low
152,10,24.179579589315715,92.49799652464235,0.7010913043478262,10.407513618469238,13.994341850280762,292,0.629948406840607,0.68592876,High,High
33,10,26.274659282446123,90.29115847955251,0.5937086956521739,7.263875961303711,1.389021873474121,279,0.029737746574146916,0.019997736,Low,Low
163,10,27.33882935563996,95.57125104847033,0.7916391304347826,6.324597358703613,0.9274099469184875,307,0.1756205472721253,0.09882005,Low,Low
44,10,24.64820339347384,92.3730047677531,0.7457826086956523,10.016010284423828,10.260823249816895,270,0.44376205534431706,0.35433108,Medium,High
53,30,26.228579943608562,92.03845501241265,0.3537681818181818,4.7356276512146,2.9657158851623535,283,0.09572109422536104,0.031085432,Low,Low
31,60,26.01417578484058,90.11091525150319,0.3084608695652174,7.148015022277832,0.9274099469184875,296,0.09491047122895896,0.014922036,Low,Low
45,30,26.02167350499817,91.25730610283802,0.5059521739130435,5.437690258026123,0.9274099469184875,255,0.012009687650606603,0.021306166,Low,Low
20,40,24.816973184136575,92.3346182309929,0.6572652173913044,10.31802749633789,1.0217475891113281,246,0.31899538892939217,0.16146728,Low,Medium
1467,10,25.233120583658124,93.30216633211356,0.7173217391304348,6.458276748657227,21.41502571105957,322,0.8329597211998836,0.79078466,Very High,Very High
289,10,26.858365221582286,90.3135113232835,0.6373217391304349,4.854063987731934,2.967698097229004,265,0.36892626632705205,0.2390224,Medium,Medium
117,40,27.693996673488638,94.85836488761271,0.5507782608695653,6.963998794555664,1.0473737716674805,251,0.00367691700204013,0.0044771214,Low,Low
32,10,24.771908268081432,92.30818876087896,0.7489391304347827,10.077048301696777,1.379469394683838,236,0.343350755145698,0.30301338,Medium,Medium
53,40,26.641884644959685,91.15235772635357,0.6577347826086958,5.604332447052002,2.271960973739624,274,0.010535599822958954,0.012871827,Low,Low
388,10,25.44453445691162,93.38955907925492,0.7918652173913043,5.5238423347473145,14.08870792388916,353,0.49939892187905305,0.6376877,High,High
34,40,26.248001269530814,89.78842532672752,0.5170521739130435,7.678060054779053,1.3888452053070068,292,0.023211094326724815,0.012061704,Low,Low
21,40,24.764335784306002,92.78583578767467,0.42586521739130434,10.888627052307129,1.8543341159820557,275,0.21486261396431117,0.14524199,Low,Medium
78,10,24.283302972776646,92.26033507412174,0.728395652173913,9.794325828552246,1.37653648853302,266,0.10788968421915743,0.0454047,Low,Low
372,10,25.390824331992267,93.26505630028055,0.7395826086956523,6.250172138214111,11.969993591308594,345,0.5891070066450973,0.5096183,High,High
87,10,26.835581584565965,93.00532279147694,0.6710565217391304,5.295804023742676,2.2751846313476562,267,0.05044980064115982,0.025898587,Low,Low
83,10,24.527856515403624,92.9006012095487,0.7619391304347827,9.839244842529297,4.4709367752075195,261,0.17861871806568844,0.058004133,Low,Low
282,10,25.65400244581699,93.40253880564467,0.7876260869565217,5.106140613555908,10.53864860534668,333,0.23651106317668227,0.2808021,Medium,Medium
80,10,24.369717505625047,92.38107670721223,0.6771913043478262,9.901175498962402,7.6485466957092285,286,0.394033001479849,0.4747834,High,Medium
77,40,26.147038575191377,93.0295510213916,0.45278260869565223,5.329677104949951,2.774730920791626,262,0.00260804772994066,0.0083790505,Low,Low
70,40,26.673106094575505,91.33172982474942,0.6259434782608696,5.726686954498291,3.245567560195923,273,0.028311311370493978,0.03278665,Low,Low
232,40,26.842970927336896,91.93671125013446,0.6405913043478262,4.808391571044922,2.0780892372131348,281,0.2693668224981422,0.10132432,Low,Medium
94,60,27.41595005424716,94.51525128692512,0.5635304347826088,6.967790126800537,0.0,272,0.00010797534640159413,0.012852557,Low,Low
108,10,24.394449358460218,92.63200044650604,0.7497391304347827,10.44316291809082,18.48792266845703,273,0.4953454132385023,0.331108,Medium,High
52,10,26.16411150411422,91.67148550041175,0.46206521739130435,4.0261030197143555,0.9274099469184875,270,0.2411648992654381,0.12691508,Low,Medium
180,10,25.568257526475577,93.0497122517207,0.7333739130434783,5.326148986816406,1.3844298124313354,313,0.35693810503604895,0.3523933,Medium,Medium
131,60,26.762421852646188,91.86680576597603,0.4646782608695652,4.896313667297363,5.4981889724731445,313,0.27473192270505126,0.46359035,High,Medium
92,40,26.845797551472543,93.34043616819896,0.4561739130434783,5.27598762512207,1.3928707838058472,255,0.0057424663041822505,0.006958825,Low,Low
116,10,26.68856109386296,94.37045660598898,0.7241260869565217,6.696685314178467,1.8543341159820557,265,0.02890752958023508,0.030966025,Low,Low
103,10,26.846543246605997,93.16471449837681,0.6585347826086957,5.496568202972412,4.150847434997559,268,0.06951282425093556,0.054153297,Low,Low
107,30,26.90933807630784,94.86688957556842,0.7305347826086958,7.368976593017578,1.0399943590164185,273,0.029977270678499875,0.028771047,Low,Low
555,10,25.232659536301213,93.09888325333849,0.7691434782608696,7.583954334259033,17.96526527404785,310,0.8277682780567933,0.8516505,Very High,Very High
71,40,26.634192918216627,91.5818909280166,0.571213043478261,5.588408946990967,1.3914299011230469,281,1.6490788514484307e-05,0.00979848,Low,Low
36,80,26.16102938511514,90.92393837900997,0.19793913043478262,5.739637851715088,2.264094352722168,278,0.02998525787933288,0.015678419,Low,Low
82,80,26.84518959113729,94.03142770368798,0.003861904761904762,6.508494853973389,0.0,289,0.007857747872662281,0.013961322,Low,Low
459,10,25.25408610892311,93.16323962917328,0.7396652173913043,6.995540618896484,9.849101066589355,350,0.7882434417582669,0.844487,Very High,Very High
82,50,26.699613053514682,92.41203851047675,0.5059,5.946995735168457,2.1247711181640625,313,0.05723162563968193,0.036396027,Low,Low
35,40,26.33508393432557,90.38016055636722,0.5753565217391304,6.9493231773376465,3.6118454933166504,297,0.016801765552410964,0.016173702,Low,Low
57,10,25.96983655231463,90.69067165832382,0.5324391304347826,7.538515090942383,5.22648811340332,299,0.1867707405465186,0.12692851,Low,Low
464,10,25.56601348139992,92.76312876212249,0.7652565217391304,6.314488410949707,2.2546486854553223,315,0.26375274925120057,0.21086542,Medium,Medium
70,40,26.378600580347133,92.68420430236644,0.4897,5.034139156341553,1.03517484664917,322,0.04902663073648864,0.034402072,Low,Low
120,10,26.536359681089813,93.17624782398852,0.780804347826087,4.950605869293213,15.59050464630127,263,0.539717825364057,0.612905,High,High
54,40,26.363030699808178,89.962672491326,0.5919695652173913,7.121886253356934,3.1024088859558105,296,0.00027116448847561343,0.0059238146,Low,Low
61,60,26.56709190380958,92.370469385665,0.5060695652173913,5.448338031768799,0.9274099469184875,268,0.0052115012051653035,0.018256616,Low,Low
103,10,25.802835629375462,92.86212895431626,0.7093260869565218,5.306454181671143,2.1208884716033936,312,0.13415582974336349,0.086091414,Low,Low
107,40,27.066093734330305,95.11540115809854,0.5201826086956522,7.343905925750732,0.0,273,0.001686741684571832,0.006676011,Low,Low
92,40,26.600329581195677,93.9138129317028,0.6274304347826087,6.277040958404541,4.983157157897949,258,0.10128913408633661,0.050007645,Low,Low
48,10,26.382401525070463,90.36955569326821,0.6608521739130435,6.927886486053467,2.1233742237091064,297,0.04140796256781014,0.02728794,Low,Low
72,40,26.625139829040073,91.67173888041592,0.5749739130434783,5.006484031677246,1.3913697004318237,282,0.0033498241218478174,0.016540544,Low,Low
125,10,27.64561200889734,95.37034994973838,0.7184913043478262,7.244962692260742,1.0469080209732056,277,0.04487950385142674,0.046294723,Low,Low
200,40,26.040558432612887,93.63659928571168,0.678095652173913,5.88697624206543,2.7733330726623535,287,0.2417927265991404,0.13140552,Low,Medium
59,10,24.588035966982304,92.28325909326877,0.702704347826087,10.11663818359375,5.90605354309082,275,0.6230141828913985,0.7815064,Very High,High
67,40,26.51299751910504,92.95993085488614,0.36772608695652176,5.053229808807373,1.390611171722412,271,0.0012144736779182849,0.008637107,Low,Low
106,80,27.521229940322105,94.99734549975261,-0.02435,6.367063522338867,3.704791784286499,268,0.0034413086797349278,0.010929433,Low,Low
120,40,27.679664755251626,95.49971643667489,0.5899739130434783,8.047783851623535,2.09377121925354,264,0.0013931180028246178,0.010032842,Low,Low
487,10,26.506806063105817,93.46883931632155,0.7987869565217391,5.411005973815918,21.80869483947754,305,0.21155892060969303,0.22687262,Medium,Medium
295,10,26.111831402222496,91.85685062574657,0.6197695652173913,4.89743185043335,14.92351245880127,260,0.6703532117225306,0.8270151,Very High,High
29,10,24.74310811156805,92.99868595502069,0.6022391304347826,10.293100357055664,4.181520462036133,286,0.23883259092449213,0.2651638,Medium,Medium
585,10,25.80394054991536,92.33496310599669,0.7562478260869565,5.958028316497803,29.44260597229004,284,0.7573106893378038,0.7278275,Very High,Very High
120,10,27.748716891601028,95.1887027626668,0.6348913043478261,7.738572597503662,2.1295812129974365,254,0.014775432501980419,0.03191804,Low,Low
51,60,26.501105372681604,90.94636693876528,0.5838347826086957,5.7391557693481445,2.7794294357299805,284,0.010907964331652125,0.028224407,Low,Low
59,10,26.456365575724078,90.5546990690189,0.5776826086956522,6.723239421844482,8.536983489990234,326,0.48389245091175487,0.39566398,Medium,High
69,40,26.624579069252228,92.84449562662164,0.44443043478260874,4.880208969116211,2.9669530391693115,304,0.02117275602644176,0.032318037,Low,Low
48,40,26.25139875734759,91.66851144389055,0.4877173913043478,4.853645324707031,1.3888672590255737,290,0.021749323467012454,0.026633445,Low,Low
131,10,26.129899543129163,93.84924140443734,0.6228391304347827,6.529618740081787,2.7745046615600586,283,0.06890966507055273,0.0743952,Low,Low
199,10,26.792496313626945,90.57286123166823,0.8001260869565218,6.01010799407959,5.18101692199707,273,0.20540344440546346,0.17038846,Low,Medium
128,40,26.137106813525246,93.85069459557562,0.6364347826086957,6.529478073120117,2.2637133598327637,264,0.009209311558748776,0.010211965,Low,Low
53,40,26.22499245020748,92.17692100600031,0.45576086956521744,4.724163055419922,1.3886926174163818,273,0.008545785656102018,0.0159874,Low,Low
82,40,26.635357709239596,93.65765563996686,0.5874217391304348,6.145885467529297,0.9274099469184875,253,0.005622250042495235,0.006033471,Low,Low
45,40,26.412677996294413,90.66068798484385,0.5279260869565218,6.239703178405762,2.268183946609497,292,0.0024302301913393886,0.006773513,Low,Low
249,10,25.667566032565105,93.45903097842658,0.8061695652173914,5.437497615814209,7.1656365394592285,337,0.2159683099296592,0.09542807,Low,Medium
109,40,27.485550422251443,94.44714585415616,0.6123260869565217,7.029047966003418,3.848665952682495,271,0.0126514810352886,0.01108854,Low,Low
89,40,27.03705381832281,94.53173201236149,0.5563,6.038642406463623,0.0,299,0.002151755445371093,0.0066631087,Low,Low
213,10,27.382590032869015,95.94783782000674,0.7941304347826087,7.420163631439209,5.579195499420166,300,0.24359353181612647,0.20554394,Medium,Medium
92,40,27.09480552052851,93.91075225192958,0.5231695652173913,7.200100421905518,1.041711688041687,257,0.0024402179169950235,0.0050104507,Low,Low
73,10,26.10293980009943,92.71456841661511,0.509,5.056811332702637,1.38788902759552,286,0.053582536016323914,0.07393795,Low,Low
43,40,26.307327055539574,90.05799533585306,0.6280608695652175,7.126979351043701,2.776843786239624,251,0.0446096198693188,0.010001463,Low,Low
138,10,27.84740734151528,95.30076388095969,0.8223608695652175,8.955862998962402,3.8496038913726807,296,0.22370086712599105,0.08952444,Low,Medium
113,40,27.527546557237883,94.41969120781546,0.541913043478261,6.567026615142822,4.277206897735596,272,0.0011307901668023848,0.012367244,Low,Low
136,10,27.698667217426813,95.71209159079898,0.6596826086956522,7.952390670776367,0.9274099469184875,262,0.06855851771829827,0.06803666,Low,Low
29,40,25.998181536319283,90.20593631992466,0.4913,8.044150352478027,3.228267192840576,270,0.007380529599046213,0.017681602,Low,Low
548,10,25.296394899526355,93.01654321174672,0.7352304347826087,7.604825973510742,10.509784698486328,331,0.8494117565016868,0.7805594,Very High,Very High
27,40,24.632419790415895,92.34233481556743,0.5469304347826087,10.01362419128418,4.1779985427856445,256,0.011440785783522985,0.022192324,Low,Low
103,10,26.605507170695113,93.51276828688208,0.7909173913043478,5.709751129150391,4.24288272857666,264,0.1773301714272002,0.065414555,Low,Low
72,40,26.102891780944397,92.06390369364424,0.5896869565217391,5.224645137786865,4.238523960113525,306,0.010226914355282222,0.036775716,Low,Low
371,10,25.787149640138338,91.29492150338498,0.7526652173913043,6.945502281188965,18.70488166809082,329,0.7434168302303739,0.6780987,High,Very High
162,40,26.79455016247241,91.42140212852188,0.5231869565217391,5.40909481048584,2.9674935340881348,278,0.15980243452416237,0.06717935,Low,Low
322,10,25.600017694651758,92.7992105189316,0.7287826086956523,6.2248454093933105,4.503391742706299,354,0.7026634584386511,0.7181352,Very High,Very High
930,10,25.158401765549158,92.98030135960285,0.7868478260869566,8.066160202026367,16.065088272094727,298,0.5623397274061593,0.52640724,High,High
61,40,26.69991882368521,91.04894153400708,0.6796260869565217,5.779338359832764,2.7802884578704834,270,0.013025517173117054,0.014131452,Low,Low
113,10,27.359416195433408,94.10028647054116,0.7681347826086957,7.489241123199463,2.127761125564575,254,0.031549182899018924,0.023687849,Low,Low
108,10,27.438752501570995,94.25752034970577,0.4744130434782609,7.327694892883301,2.0891873836517334,289,0.02019360465904252,0.021321643,Low,Low
116,10,27.52662069716509,95.1899094860102,0.7249869565217392,6.680159568786621,1.0457738637924194,263,0.033303729179827234,0.034308437,Low,Low
50,60,26.3127490544089,91.51903609164931,0.4794695652173913,5.061483383178711,1.0345860719680786,297,0.03954832437164928,0.035349965,Low,Low
220,10,24.452103672458005,92.50120543641002,0.7467,10.823230743408203,1.3775392770767212,280,0.5241402628520649,0.67376363,High,High
63,10,26.73231464536605,91.12104716555926,0.7323652173913043,5.356855392456055,2.124915838241577,285,0.11241517655254359,0.06328152,Low,Low
52,40,26.437942237245394,90.38308221318383,0.5977695652173913,6.885894298553467,2.966366767883301,262,0.00017176314407577818,0.00454208,Low,Low
55,40,26.39434762021642,92.04375867529113,0.38901739130434787,4.962173938751221,1.8543341159820557,282,0.0012144736779182849,0.0097247325,Low,Low
801,10,25.759746081561964,92.37431969611771,0.6972347826086958,6.056466102600098,3.222308397293091,286,0.20833769379965497,0.08132097,Low,Medium
34,10,24.83607663693602,93.1414447630907,0.7414565217391305,9.63152027130127,2.043161630630493,298,0.20162067619152851,0.09099207,Low,Medium
103,10,26.403135356396753,94.07018891298114,0.6649347826086958,6.631052017211914,1.3898760080337524,265,0.008065791979960796,0.022279553,Low,Low
49,40,25.999275597136286,90.9921851059797,0.5382304347826087,6.613147735595703,0.0,267,0.008240341973949945,0.0067215087,Low,Low
37,10,26.224020239744277,89.87179354653674,0.5441956521739131,7.464692115783691,5.064351558685303,265,0.10019246353971122,0.054606006,Low,Low
748,60,25.716382691187587,92.28090514773028,0.7145652173913043,6.316150188446045,4.110754013061523,297,0.4322816734105044,0.33309454,Medium,High
148,10,26.946768206441753,94.97207604210179,0.8037739130434783,7.480692386627197,1.0403400659561157,284,0.1063615596342234,0.046851218,Low,Low
67,40,26.67872675290574,92.72659827157403,0.5625739130434784,5.185412883758545,1.3917310237884521,303,0.0002574301182189814,0.017863113,Low,Low
66,40,26.532251080863187,92.15375264357587,0.531608695652174,4.95704984664917,2.270148992538452,296,0.006864947191420727,0.01762956,Low,Low
774,10,25.93145035342743,92.17950566164785,0.6777695652173913,5.568815231323242,21.068485260009766,282,0.6612214132178064,0.7347519,Very High,High
85,40,26.703632372865655,92.40867439055361,0.5085565217391305,6.020870208740234,2.124788522720337,315,0.024869112306091665,0.015782347,Low,Low
772,10,25.766337042614204,91.24038358154503,0.6854130434782609,7.056971549987793,12.217324256896973,310,0.7675035340268025,0.78391904,Very High,Very High
544,10,26.54187062180926,93.1381840074863,0.7857000000000001,4.586025714874268,5.642385482788086,303,0.1612589586020433,0.02404841,Low,Low
91,60,27.043809158848337,94.41760436656547,0.355904347826087,6.281005859375,6.807465553283691,284,0.13110221581742038,0.085615195,Low,Low
776,10,25.242826943903033,93.37982941302788,0.7136391304347827,6.110538959503174,14.816025733947754,355,0.6815385391498824,0.7946659,Very High,High
23,40,24.897714613931672,92.73442866716196,0.47298260869565223,10.551560401916504,3.064646005630493,291,0.24277335165067215,0.099065,Low,Medium
104,10,26.855951923995192,92.6395803535826,0.6666434782608697,5.6302170753479,0.9274099469184875,278,0.04989727945655961,0.05219767,Low,Low
187,10,25.648345814455457,93.17617040096552,0.771408695652174,4.183313846588135,3.596390724182129,301,0.22241447670845307,0.17663941,Low,Medium
76,40,26.665327140276936,91.58504045457254,0.5374478260869565,5.5622053146362305,1.0377622842788696,300,0.0030419803925642295,0.019098248,Low,Low
57,40,26.577392224627484,91.34402880914051,0.5587608695652174,5.560474872589111,0.9274099469184875,287,0.0002574301182189814,0.012829286,Low,Low
50,10,26.496014667303278,90.0724368837838,0.5668478260869565,7.3990702629089355,2.269550323486328,262,0.010856404634511528,0.012780197,Low,Low
59,40,26.109982819260818,92.13020203068541,0.47096086956521743,5.1943535804748535,3.0956761837005615,305,0.00806372657297033,0.019613732,Low,Low
102,40,27.363764642957438,94.86416337510745,0.45566521739130433,6.74613094329834,0.9274099469184875,252,0.006339224718475663,0.005642717,Low,Low
49,10,26.512369074495595,90.74355650083412,0.5992782608695653,5.949498653411865,5.487583637237549,285,0.1277989830978658,0.079998754,Low,Low
138,40,26.213656404589187,93.80526172277347,0.7169695652173913,6.5973663330078125,2.2649474143981934,278,0.05714166356653268,0.024083,Low,Low
61,40,25.876988781585236,91.15265478323886,0.5838608695652174,6.313337326049805,2.121201753616333,311,0.03135677290270532,0.015624255,Low,Low
57,10,26.38454309301888,90.32885872500985,0.6876260869565217,7.054399013519287,3.845935583114624,304,0.10785809931777642,0.05086864,Low,Low
81,10,24.46648525409034,92.95112159067243,0.8110695652173914,9.12802505493164,40.62210464477539,255,0.6017694748085758,0.46726918,High,High
20,40,24.968663170118987,92.5631313499057,0.537495652173913,10.182706832885742,3.5816593170166016,275,0.0846511188425264,0.18098934,Low,Low
157,10,26.956844687350735,94.95976946244369,0.8048478260869565,7.669189453125,17.12424087524414,278,0.5226421859981941,0.5475353,High,High
87,10,26.794344978266427,93.44644078925423,0.6400043478260871,5.34461784362793,1.3925175666809082,269,0.045128678351578404,0.029300347,Low,Low
110,40,26.336807998368517,93.977928089731,0.7098260869565217,6.83835506439209,1.034801959991455,288,0.010690905257270199,0.011780036,Low,Low
172,10,25.561413158753634,93.02798603854825,0.7624695652173913,5.326148986816406,11.202323913574219,302,0.5806111223372009,0.5078614,High,High
94,40,27.31124494515361,94.56207777262843,0.5814565217391304,6.616149425506592,2.086778402328491,261,5.634232869954597e-05,0.005871294,Low,Low
344,10,26.53240281817706,93.42175188289914,0.8077391304347826,5.212984561920166,7.2763471603393555,268,0.14072925053426427,0.05515275,Low,Low
87,10,26.73367780726654,92.52113513868856,0.5381173913043479,5.746335983276367,1.3921047449111938,298,0.030014829205796047,0.045888994,Low,Low
71,10,25.91942350087939,90.54057941783273,0.6546695652173913,7.472785472869873,3.8448352813720703,273,0.03650267868047164,0.052009676,Low,Low
276,10,26.517419809017426,93.25471934797298,0.7836695652173913,4.969355583190918,16.28766441345215,280,0.4268093904092963,0.40780422,High,High
54,40,26.28350570289573,91.91099991054041,0.3413695652173913,4.609692573547363,4.825334548950195,301,0.0662604811661086,0.054445487,Low,Low
105,10,26.985291307099892,95.02183950372392,0.7618608695652175,7.488307952880859,2.277700662612915,295,0.054927506871503065,0.034090023,Low,Low
88,40,27.16739945135483,94.26714998845985,0.6177217391304348,7.532744884490967,1.0423897504806519,309,0.036337065670253924,0.025029214,Low,Low
40,40,26.34765068068006,91.14454605396637,0.5469695652173914,5.047268390655518,1.0348988771438599,284,0.011305058019322963,0.015323318,Low,Low
55,10,24.48376207327153,92.2900649637265,0.7290173913043478,9.896159172058105,5.5373053550720215,277,0.4325825772728196,0.3161955,Medium,High
216,10,26.520079933256152,93.46435455167929,0.7740304347826087,5.411005973815918,20.443342208862305,237,0.5342185224832767,0.47030455,High,High
131,10,27.690921958927085,95.57676900418988,0.7093782608695652,7.642551898956299,2.7802884578704834,258,0.038811134387823305,0.03766029,Low,Low
112,10,27.20378070896255,95.13490249820204,0.6765217391304348,6.924912452697754,1.3953475952148438,266,0.00706904195073624,0.014560977,Low,Low
36,10,26.14223193472821,90.19371964836775,0.4754652173913043,7.599794864654541,2.965449810028076,313,0.09755560923183633,0.04257876,Low,Low
638,10,25.871752329227625,92.28369881891729,0.7091695652173914,5.916192054748535,13.80650520324707,267,0.43326421885122357,0.2806225,Medium,High
64,10,26.291125161143874,92.48627858620574,0.4859652173913043,4.721226215362549,4.130848407745361,324,0.19668079999805918,0.13589107,Low,Low
209,10,26.291709659222686,92.96627258859904,0.7513173913043478,5.163473606109619,9.634014129638672,320,0.43399830576363163,0.4839025,High,High
79,40,26.772723680199384,93.63330637499084,0.5965173913043478,5.473700523376465,1.3923715353012085,259,0.004229278509397066,0.0103200115,Low,Low
118,10,24.949430740806005,93.23441367877135,0.8155739130434784,8.600929260253906,5.101240634918213,304,0.31450609102897337,0.16871324,Low,Medium
90,40,26.923792229168516,94.52527254370116,0.4745521739130435,6.366288185119629,0.0,316,0.02138121200302494,0.016717482,Low,Low
70,40,26.6040322678879,91.82368888793908,0.5643695652173913,4.900136470794678,1.3912252187728882,286,0.004843702777986849,0.023404533,Low,Low
122,60,27.765013923744448,95.02725522233442,0.5359608695652174,6.552593231201172,0.9274099469184875,269,0.0022807754195220014,0.010894114,Low,Low
90,40,27.249252809814056,94.1349959331833,0.6081695652173913,8.600744247436523,3.4736387729644775,300,0.023389365735732692,0.029806321,Low,Low
52,50,26.13833321340047,91.61218611369775,0.3929782608695652,4.085036754608154,3.2318098545074463,263,0.10822918646909307,0.04928513,Low,Low
44,40,26.11008104757407,90.71398461151762,0.5445260869565217,6.931736946105957,1.3879345655441284,273,0.0001926456233220749,0.005962168,Low,Low
112,40,26.75803908285875,94.5055515467073,0.531504347826087,6.3561177253723145,1.3922711610794067,286,0.001927681014276329,0.0065883766,Low,Low
78,40,26.814267819272665,93.00602215536284,0.5576695652173913,5.295804023742676,2.125281572341919,264,5.634232869954597e-05,0.0076935096,Low,Low
39,10,24.510078863476956,92.87226377520118,0.6359391304347827,10.55152702331543,0.9274099469184875,271,0.3096282345868073,0.32835487,Medium,Medium
79,10,24.270626132449223,92.312951422451,0.7318347826086957,9.890213012695312,8.28969669342041,279,0.3227699380447044,0.3330058,Medium,Medium
80,40,26.875271511996427,93.77864419027726,0.6032130434782609,6.149852275848389,1.3930726051330566,263,0.0037363393672852382,0.00688204,Low,Low
93,10,27.13890027369738,94.2991421621605,0.6657565217391305,7.103990077972412,3.2578608989715576,285,0.042471957368658345,0.034356497,Low,Low
82,40,26.689565631797443,91.53844659399569,0.5406652173913044,5.671796798706055,1.3918064832687378,272,0.005026446984540726,0.013120401,Low,Low
119,40,26.820116481051954,92.29882678846401,0.5234,5.856756687164307,2.077666759490967,299,0.0027085051706319543,0.012610626,Low,Low
72,10,26.625403696117303,91.65536770466278,0.5842826086956522,5.006484031677246,3.4667720794677734,281,0.11336800443856679,0.13501638,Low,Low
477,10,26.521775625153584,93.35904092247517,0.7855173913043478,5.211501598358154,19.97160530090332,296,0.41514636187872134,0.41633636,High,High
27,40,26.16625818291685,89.92884344151649,0.6089695652173913,7.37529182434082,4.1584153175354,261,0.04365075464661083,0.013685236,Low,Low
931,10,25.423169485539077,92.75449104421953,0.7285304347826087,6.451629638671875,17.691940307617188,310,0.5089294820714848,0.4575476,High,High
49,10,24.94299495354235,93.18749304023699,0.7649826086956523,8.96602725982666,6.160577297210693,314,0.42040670866416974,0.26323837,Medium,High
44,40,26.48528184153632,91.16141637442779,0.4640608695652174,5.201381206512451,1.390426516532898,268,0.002319620055534472,0.008587625,Low,Low
721,10,25.671007645958422,92.5233758272791,0.7771695652173913,6.2254252433776855,14.818110466003418,316,0.4332420836543829,0.31135678,Medium,High
203,10,26.50806456741315,93.25246523449323,0.7925608695652174,4.969355583190918,26.288639068603516,265,0.47825535975820144,0.43936306,High,High
46,40,26.469448221421736,90.89654222964809,0.6016391304347827,5.845280170440674,2.9664649963378906,264,0.004737981634252303,0.0098683825,Low,Low
292,10,25.64118321490915,93.37589391433798,0.7931391304347827,4.930422306060791,14.552204132080078,319,0.21709201842324394,0.13502528,Low,Medium
68,60,26.181270127830764,92.7129906020711,0.49298260869565225,5.024884223937988,9.61765193939209,292,0.7786868036505911,0.71291405,Very High,Very High
114,10,26.420601755772758,93.97225005606246,0.6783173913043479,6.735018730163574,2.966312885284424,272,0.018856340116103303,0.030770622,Low,Low
51,10,26.252182386783762,89.91282381849697,0.6775304347826088,7.116204738616943,3.234705924987793,295,0.08619646172947663,0.030066188,Low,Low
72,10,26.316720946243972,92.69190447438123,0.5809391304347826,4.986105442047119,5.241474628448486,302,0.2501373244540996,0.33667594,Medium,Medium
108,10,25.771217880510406,92.8558649253718,0.7402608695652174,5.194518089294434,3.704791784286499,280,0.14783063593429188,0.10599448,Low,Low
113,10,26.302247551982866,93.96636390466023,0.6580304347826087,6.83835506439209,1.3892043828964233,308,0.058630530806184696,0.05034415,Low,Low
89,10,26.184690879692646,91.85833448612166,0.656495652173913,4.401916027069092,28.98256492614746,294,0.9645318540932675,0.9831064,Very High,Very High
122,40,27.701222379817963,95.52992771691855,0.5928652173913044,8.406051635742188,2.129356861114502,277,0.0013532664626395561,0.009704892,Low,Low
696,10,25.165005248623093,93.12310670643814,0.707095652173913,7.663296699523926,18.827756881713867,336,0.9417461730229595,0.94138473,Very High,Very High
709,10,25.382715482492113,93.38862282018775,0.7899782608695652,5.666162967681885,29.23158836364746,350,0.5917705158833908,0.59337854,High,High
31,40,24.6398460745466,92.7062953468629,0.648,10.762177467346191,3.574735403060913,284,0.4838227021196489,0.39013153,Medium,High
48,10,26.39531870000273,90.67432933525119,0.6650434782608696,6.281519889831543,2.0699727535247803,295,0.04532991659185958,0.02735505,Low,Low
177,10,25.736726045356598,92.74717350483722,0.7585782608695653,5.709847450256348,33.55381393432617,280,0.8871984929462442,0.93020517,Very High,Very High
48,40,26.05475719725315,91.35628045798897,0.4707521739130435,4.596523284912109,2.965181589126587,281,0.011694922624754769,0.02033793,Low,Low
83,60,26.210326438983834,93.05054988325624,0.48642173913043485,5.336207866668701,4.824087619781494,300,0.08116438625496204,0.17798266,Low,Low
252,10,25.761571329206472,93.42503939039895,0.8074391304347827,5.034756183624268,6.544989585876465,326,0.17004806978829515,0.061258115,Low,Low
182,30,26.815366760007933,91.78615965999762,0.7426956521739131,4.863142013549805,1.3926618099212646,256,0.2546576259833565,0.1796312,Low,Medium
137,40,27.579202667328122,95.6086599901874,0.7265086956521739,7.150399208068848,3.4773738384246826,275,0.09924549154810021,0.039956085,Low,Low
18,60,24.734330092088584,92.43293192999923,0.49110000000000004,10.060734748840332,1.0210665464401245,251,0.24905486881600813,0.057650812,Low,Medium
21,40,25.605510194807277,89.90570475005252,0.4505,7.1046857833862305,4.814002990722656,302,0.059158645072679025,0.02161623,Low,Low
168,10,27.375680804712434,95.9246831892432,0.6312,7.420163631439209,2.1278369426727295,278,0.3188886882115151,0.18421738,Low,Medium
470,10,25.949502364261292,91.67869886701021,0.7179869565217392,5.103399753570557,16.11754035949707,254,0.5551325626527833,0.51096207,High,High
91,40,26.887902147593145,93.46818161713722,0.5030652173913043,5.7278594970703125,1.393160343170166,246,5.634232869954597e-05,0.00895597,Low,Low
133,30,27.734999130750097,94.87043688487385,0.5575652173913044,7.157754898071289,3.704791784286499,255,0.043586902192025316,0.024491774,Low,Low
100,40,27.244580427532547,94.87139858523557,0.5441478260869566,7.02774715423584,1.04310941696167,238,0.006181394395159489,0.0064195264,Low,Low
187,40,26.84250908889248,90.49017928323012,0.623613043478261,5.9064741134643555,2.275300979614258,276,0.22721183603200493,0.07325735,Low,Medium
174,10,24.439908736396333,92.88449947875687,0.8117913043478261,9.70812702178955,7.986611366271973,263,0.2883432147523811,0.18943107,Low,Medium
346,10,26.532471892106155,93.05873179374021,0.7565869565217391,4.616872310638428,22.979379653930664,284,0.510533079152669,0.31683403,Medium,High
80,10,24.384410179001172,92.61284112911727,0.7818652173913043,10.44316291809082,4.466742038726807,279,0.44501021172107824,0.35277328,Medium,High
1032,10,25.149260173943258,92.92703819523912,0.785304347826087,8.288005828857422,12.86662769317627,358,0.5745202563711027,0.7662835,Very High,High
1062,10,25.171540409057663,92.83563815290152,0.7907826086956522,8.676661491394043,22.26856231689453,342,0.477045640310269,0.34805632,Medium,High
27,80,26.189413555077113,90.32010013103226,0.06504347826086956,7.696349143981934,0.9274099469184875,291,0.07886052678185716,0.013623399,Low,Low
115,10,26.889206342952875,92.5887498017433,0.7052,5.520864963531494,2.1256179809570312,289,0.06688747173993939,0.074039295,Low,Low
42,10,24.98885892443702,92.66574845653585,0.6497869565217391,9.844245910644531,6.161574363708496,300,0.4021864751054666,0.35569888,Medium,High
45,40,26.277604523012076,91.24122806422142,0.5492608695652175,4.818373680114746,2.2659831047058105,276,0.014890544036211338,0.01685283,Low,Low
102,10,26.7221791865753,94.19303746238428,0.5188217391304348,6.545255184173584,1.8543341159820557,284,0.039356543463044444,0.023709072,Low,Low
95,40,26.844150006318095,94.56180855391513,0.46082173913043484,6.405804634094238,2.9676525592803955,278,0.006928346926177073,0.006830195,Low,Low
100,10,24.272885651199527,92.54338605170896,0.7529521739130436,10.555310249328613,17.31200408935547,310,0.5059299442104798,0.39319843,Medium,High
71,40,25.94504191736496,92.73458529997718,0.5041782608695652,5.557595252990723,2.9648473262786865,274,0.00032070804925348416,0.015245644,Low,Low
132,40,27.779833611816912,95.06090014751342,0.6294434782608697,6.671665668487549,1.3994359970092773,264,0.010886389109596075,0.017474672,Low,Low
48,40,26.107985523735934,91.29337324088304,0.5118739130434783,4.880363941192627,2.1221868991851807,262,0.023088461353742793,0.016510041,Low,Low
143,10,27.346296716522897,95.72477962945237,0.6433434782608696,6.879543304443359,1.396347165107727,313,0.11509119589767472,0.09536135,Low,Low
117,10,27.259403694150805,95.21660893228247,0.6972826086956523,7.0254621505737305,0.9274099469184875,264,0.0066769740485180095,0.017591957,Low,Low
31,40,26.140576885938486,90.24187250327284,0.16808695652173913,7.792903423309326,2.1223275661468506,297,0.039972170183726806,0.014608509,Low,Low
44,40,26.130785629984963,91.0151535489362,0.5326347826086957,5.55794620513916,3.607189178466797,273,0.002522766083567167,0.022148648,Low,Low
231,10,24.67255663015197,93.01762380065816,0.7212826086956522,10.155064582824707,15.508740425109863,310,0.8807328251150799,0.9152853,Very High,Very High
249,10,26.146562657880093,92.89687480426106,0.6871304347826087,5.161534786224365,30.315170288085938,317,0.9374609515726816,0.96924376,Very High,Very High
92,40,26.699068266513432,92.01120628616742,0.5648260869565217,5.106844425201416,2.2729103565216064,256,0.0024402179169950235,0.0072345547,Low,Low
101,40,26.286489398116892,93.1660069066117,0.6194608695652174,5.2885565757751465,6.450650215148926,286,0.1514963175496895,0.0912426,Low,Low
90,40,26.562280400487236,94.10501732997594,0.6943434782608696,6.686939239501953,3.46608829498291,275,0.04038453197029932,0.02162155,Low,Low
50,10,26.445265682511675,91.27250626746897,0.6176652173913043,4.881704330444336,0.0,275,0.1821632441111874,0.12548988,Low,Low
327,10,26.046977300592758,92.47065741723067,0.749,5.167645454406738,20.617403030395508,313,0.7019720593809258,0.715191,Very High,Very High
68,10,26.48650853567235,92.9401752372046,0.5734565217391304,5.175045490264893,2.071608781814575,270,0.029358723143412604,0.03364157,Low,Low
44,40,26.43703315058768,91.0656859364932,0.6007695652173913,5.264647483825684,4.241408348083496,266,0.004509548799464927,0.010611236,Low,Low
134,10,26.67804797069357,90.10346030001215,0.7739521739130435,6.746210098266602,2.1246750354766846,260,0.06255126843536685,0.047028262,Low,Low
76,10,26.746546065085944,93.27843088738128,0.7084304347826087,5.411763668060303,2.0763261318206787,282,0.11693523919406021,0.0787944,Low,Low
101,40,26.54286315146794,93.93351422387195,0.6086478260869566,6.155764579772949,3.2421741485595703,263,0.009541273608974865,0.0089669265,Low,Low
99,80,27.41681621807581,94.7464353335591,-0.06551578947368421,6.601802349090576,0.0,275,0.00010797534640159413,0.00970387,Low,Low
88,40,25.95360677861824,92.96696288587611,0.5204565217391304,5.172408103942871,2.260768413543701,287,0.001927681014276329,0.013146804,Low,Low
52,10,26.4283004052548,91.29628637702815,0.6271652173913044,4.881704330444336,2.2684431076049805,301,0.19304963952141477,0.14224574,Low,Low
125,10,27.313746823524248,93.99421989658697,0.6810478260869566,7.194057464599609,4.6273674964904785,243,0.06383635362452554,0.059783544,Low,Low
177,10,25.71912664320371,93.18849204599877,0.6881347826086958,3.9167962074279785,4.110849857330322,290,0.34480521683751664,0.38006604,Medium,Medium
97,10,26.87738824240442,94.68099892622864,0.6592173913043479,7.016944408416748,1.0397028923034668,278,0.017623412679310436,0.026460333,Low,Low
169,10,25.854082018964263,93.12071371305528,0.7783869565217392,4.44882345199585,9.849279403686523,315,0.38277642869777173,0.23051047,Medium,Medium
89,40,27.20514926000664,94.24480639124417,0.6052826086956522,8.177985191345215,1.3953572511672974,303,0.007406400484100287,0.019214772,Low,Low
96,10,27.158898539123363,94.72248857105376,0.6378652173913043,6.697267532348633,0.9274099469184875,268,0.00430486068429673,0.019660499,Low,Low
38,40,26.2404279300034,90.16384059082576,0.5384304347826088,7.988759517669678,3.704791784286499,331,0.10330394386003282,0.06543182,Low,Low
156,10,25.977450002165483,91.25063570703868,0.6783347826086957,5.039600849151611,15.87905216217041,279,0.8798667495915905,0.9181241,Very High,Very High
103,40,27.210235144460896,94.93781276118663,0.5916869565217391,7.063286781311035,1.3953921794891357,237,0.0072925009385525815,0.006384923,Low,Low
128,10,27.159247813352913,95.35479263957437,0.7306434782608696,7.030588626861572,2.1268410682678223,294,0.03212662774376519,0.04429115,Low,Low
72,40,26.6940162846959,91.32095017069922,0.5803478260869566,5.726686954498291,0.9274099469184875,278,0.001686741684571832,0.012607694,Low,Low
147,10,26.42557587706826,93.7390010609618,0.6765434782608696,6.114424228668213,16.22662353515625,293,0.8836874549718031,0.92072517,Very High,Very High
64,40,26.097267248106252,92.70476066796525,0.5051913043478261,5.388466835021973,0.9274099469184875,290,0.0030419803925642295,0.011102846,Low,Low
163,10,26.449297912362326,93.70618363034703,0.7045652173913043,6.114424228668213,17.11142921447754,327,0.8671171132562836,0.8994062,Very High,Very High
176,10,24.97039206830071,93.23232613017782,0.8150565217391305,8.079245567321777,2.045382022857666,317,0.16619377103319305,0.17764719,Low,Low
122,10,26.752059040238336,91.73800697897543,0.7329565217391304,4.979344844818115,2.7802884578704834,299,0.11655217108375103,0.12944846,Low,Low
762,10,25.462001146347284,92.64695972383235,0.699213043478261,6.813338756561279,0.0,307,0.4445459662935345,0.45970204,High,High
241,10,25.804307420225758,93.33333904880375,0.786404347826087,4.719996452331543,11.175108909606934,289,0.22169175978607403,0.08823894,Low,Medium
20,40,24.60379915868615,92.45694414316365,0.5095391304347826,9.907974243164062,1.3784513473510742,275,0.052128823337569546,0.026385311,Low,Low
45,10,26.36406436753773,90.58869419005845,0.6440956521739131,6.755617618560791,2.2673940658569336,302,0.0654140713929495,0.0401869,Low,Low
182,10,25.975918279029997,93.25191593630866,0.7398043478260871,5.065093994140625,9.899487495422363,313,0.4560846652570198,0.6167101,High,High
879,10,25.2552834397215,93.26454058571647,0.7099565217391305,6.5297040939331055,22.810585021972656,323,0.8844513749142366,0.85855967,Very High,Very High
120,10,27.53230010579256,94.2758921741824,0.5961173913043478,6.581480026245117,4.176370143890381,297,0.04521428938169459,0.046321943,Low,Low
102,40,26.732661689281066,91.62720446222234,0.5624130434782609,5.302674293518066,5.870359897613525,290,0.07616336639422429,0.04635987,Low,Low
166,10,25.865180966239084,93.6832314565186,0.7351739130434783,6.13842248916626,1.8543341159820557,268,0.182365187203633,0.08714087,Low,Low
61,10,24.869678801646074,92.95043262180178,0.7171695652173913,10.838592529296875,4.185571670532227,261,0.5007481715570191,0.42077848,High,High
105,10,27.496627408155142,94.7769921780144,0.49206086956521744,6.828256130218506,2.1283977031707764,271,0.01959616087988408,0.016085658,Low,Low
107,10,27.54108270232038,94.5865517059944,0.5802521739130435,6.53013801574707,1.0459113121032715,281,0.008480690606030744,0.021684276,Low,Low
92,40,26.682897407377293,94.16698257818679,0.49173478260869574,6.7516961097717285,5.642618179321289,270,0.07064583668158474,0.030808711,Low,Low
73,10,26.551799180321648,91.88876224657747,0.5548608695652174,4.766181468963623,4.533830165863037,286,0.24719157205862893,0.305198,Medium,Medium
77,40,26.66050388357924,91.38544748782624,0.5769260869565217,5.633243560791016,2.2722694873809814,269,0.0033498241218478174,0.008394942,Low,Low
296,10,26.24415654510105,92.90260988990738,0.7358739130434784,5.023381233215332,2.265442371368408,318,0.358453280278318,0.2952942,Medium,Medium
22,10,24.79083330826952,92.73408259330647,0.4632391304347826,10.901204109191895,3.842291831970215,285,0.2274600798221715,0.2931682,Medium,Medium
172,10,25.96611591081853,93.33158016693285,0.7511608695652174,5.348902702331543,10.280204772949219,277,0.5494313407337154,0.5025347,High,High
152,40,25.928430587545076,93.45212627302276,0.5061304347826088,5.62770414352417,4.739901065826416,282,0.1243611986129433,0.05869332,Low,Low
69,40,26.514076095417217,92.92232514236373,0.5154869565217391,5.052886009216309,4.240731716156006,284,0.0019292791495339222,0.025693312,Low,Low
50,10,24.49960840184776,92.3831238375264,0.7385,10.004463195800781,2.2384586334228516,298,0.3102440039714643,0.13120227,Low,Medium
191,10,26.57763462394214,94.39622796044523,0.7859826086956523,6.651133060455322,21.50243377685547,247,0.6377977053235001,0.70952576,Very High,High
1067,10,25.247568223399703,92.7765386388752,0.7637652173913043,7.994200706481934,22.445608139038086,289,0.4708383749077839,0.62848616,High,High
106,40,26.443963788677415,93.87881042182458,0.5985608695652175,6.346049785614014,2.0708446502685547,261,0.001842014040133126,0.0052391845,Low,Low
190,10,26.14472293739018,93.20023299138988,0.7570391304347827,5.309812545776367,11.926284790039062,284,0.5617867723435006,0.47842377,High,High
789,10,26.236233243860017,93.50663478298534,0.8387347826086956,5.558996200561523,15.307677268981934,341,0.1979457885834441,0.156667,Low,Low
26,40,24.751477944994704,92.31248616642497,0.6575565217391305,10.077048301696777,2.7802884578704834,258,0.2611746330255222,0.106881276,Low,Medium
42,50,26.352659763441487,89.83597197106177,0.5163217391304348,7.375968933105469,2.2672038078308105,241,0.02654173513569298,0.01546621,Low,Low
56,40,26.724555306547053,91.15367430854462,0.5380869565217391,5.398775577545166,1.3920423984527588,269,1.6490788514484307e-05,0.0053200545,Low,Low
47,80,26.230438466931318,91.44269663998399,0.47247826086956524,4.038865566253662,0.9274099469184875,291,0.09943611888123938,0.07512025,Low,Low
1066,10,25.065312839219157,92.92579933201547,0.8034739130434784,8.642134666442871,15.239002227783203,330,0.3829870847307547,0.19969885,Low,Medium
62,40,26.413242491687257,92.6359444197045,0.4387521739130435,5.006565093994141,0.0,299,0.026719310519909202,0.021218829,Low,Low
81,40,26.68839589619888,91.55923248691073,0.5572652173913043,5.5622053146362305,0.9274099469184875,287,0.001927681014276329,0.016783986,Low,Low
45,10,26.36164680296001,90.83570714868868,0.614413043478261,5.931882858276367,1.8543341159820557,285,0.04199114052989461,0.028065396,Low,Low
144,60,26.148296616868915,91.88727900536473,0.5887521739130436,4.89743185043335,7.650501728057861,285,0.5901948329681028,0.75983876,Very High,High
66,60,26.60326766597919,90.00521217862287,0.5522260869565218,7.188658237457275,0.0,248,0.001819675917901596,0.011152114,Low,Low
68,10,26.60599530676823,91.55782939226907,0.5230217391304348,5.588408946990967,6.350821495056152,278,0.2163673364194292,0.18860006,Low,Medium
21,40,24.763401629461175,92.63366150811375,0.4214,10.269015312194824,1.8543341159820557,268,0.17580424725294935,0.072978176,Low,Low
149,10,26.504559727085006,93.18450458949806,0.7941217391304348,4.950605869293213,10.412710189819336,261,0.43644809707760457,0.39307046,Medium,High
31,40,26.181200445600787,89.98957135744091,0.4928565217391304,7.361454963684082,0.9274099469184875,292,0.04485560427492793,0.010570204,Low,Low
21,10,24.81958602015188,92.81254504841604,0.5193217391304348,10.891715049743652,0.0,271,0.21448481777547188,0.28087202,Medium,Medium
31,10,24.733550536094747,92.95163641324186,0.48907826086956524,10.293100357055664,4.800071716308594,278,0.16073635210233095,0.23147573,Medium,Low
102,40,27.183124264338193,95.0336976854328,0.6197086956521739,6.929147243499756,0.9274099469184875,258,0.00013191160389071653,0.007773177,Low,Low
114,10,27.103855989289364,95.21211293206301,0.6943260869565218,7.4518842697143555,2.7876510620117188,268,0.014428132724925862,0.015746249,Low,Low
393,10,25.59775923501055,93.19152861215377,0.7735869565217391,4.6043925285339355,5.522384166717529,347,0.4742444437257975,0.1396515,Low,High
1345,10,25.186211664055524,93.31727936647016,0.7940478260869566,6.6714982986450195,40.9809684753418,307,0.5778158223187939,0.46151468,High,High
61,40,26.556797265643432,92.32682159246578,0.6488739130434783,5.378529071807861,2.072876214981079,258,0.013525076931759517,0.009810479,Low,Low
78,40,26.13629281122908,92.9664311984562,0.5069391304347827,5.287857532501221,3.096374034881592,304,0.002692011010723208,0.0145476805,Low,Low
500,10,25.735506386693288,92.63288834166258,0.7727521739130435,6.003452301025391,19.0278263092041,321,0.6526205945820392,0.60102093,High,High
84,40,26.665175221052184,92.05450306252409,0.48796086956521745,5.081718921661377,2.7802884578704834,297,0.011357074078263887,0.02382178,Low,Low
111,40,27.20046984536936,95.16864148006104,0.5520782608695652,7.124724388122559,1.8543341159820557,251,0.0008923667276948814,0.004299386,Low,Low
41,40,26.379473428874498,90.2419032352874,0.5711304347826087,7.107200622558594,2.777803659439087,279,0.0016702508960573478,0.006269329,Low,Low
87,40,26.83466346966771,92.68550314797025,0.6560391304347827,5.625732421875,3.6234638690948486,293,0.05777424102336712,0.028339703,Low,Low
553,10,25.2515827257076,92.86521067138361,0.8018608695652174,7.7635498046875,12.807628631591797,295,0.5431883413569552,0.6413089,High,High
48,10,24.360939053092977,92.50693154209561,0.6345217391304349,10.51688289642334,3.051532030105591,272,0.41265373623277013,0.47324347,High,High
88,40,27.14634707424071,94.41293655769836,0.6432478260869565,6.632750511169434,3.6308720111846924,304,0.047105987662721775,0.03168066,Low,Low
375,10,26.24393870370532,92.94361902122046,0.757495652173913,5.023381233215332,23.08420753479004,322,0.6720749328287283,0.66055995,High,High
112,10,26.93316465822018,93.54530071399863,0.5980260869565217,5.699370861053467,1.0402170419692993,253,0.020796917935848102,0.030966291,Low,Low
115,10,27.05748698424279,95.19318859078423,0.5982869565217391,7.503764629364014,2.126378297805786,249,0.0033631807015801173,0.015216384,Low,Low
116,10,26.75775584712456,94.57416763887856,0.7455652173913043,6.485351085662842,2.1250295639038086,288,0.025670164309250156,0.036915407,Low,Low
170,50,25.501594999980597,93.10251942710876,0.6653260869565217,5.359264373779297,4.23347282409668,300,0.3458894369774142,0.4718341,High,Medium
70,40,26.556702525301326,92.88802621450532,0.5961173913043478,4.870016098022461,1.036777377128601,288,0.019525556289341887,0.047284856,Low,Low
122,10,27.764085795112692,95.16670508990046,0.5882652173913043,7.335761547088623,2.0953919887542725,294,0.012389777007313854,0.021415075,Low,Low
106,10,26.821567660125893,94.74338190987652,0.5669000000000001,7.08930778503418,3.114832878112793,271,0.018369170847243564,0.016205959,Low,Low
128,10,26.22226005319489,93.24186830589002,0.7036217391304348,5.432765483856201,3.0986580848693848,298,0.1405547688722389,0.103928894,Low,Low
169,10,25.955181240070168,93.73534514678765,0.5046304347826087,6.412547588348389,4.964207649230957,269,0.39555021449402494,0.2652688,Medium,Medium
79,40,26.401503243029435,92.87453930633887,0.6355086956521739,5.226619243621826,3.613377094268799,298,0.07910198591926132,0.04722099,Low,Low
44,40,24.433064205817022,92.62835122120453,0.6199,10.492793083190918,4.224938869476318,272,0.40424276896160527,0.34688592,Medium,High
89,10,26.849356539146257,93.43015026179131,0.6324217391304349,5.543055057525635,2.1254396438598633,281,0.08042905611660292,0.10681937,Low,Low
47,40,26.449938366475028,90.93652772737502,0.5784478260869566,5.5009284019470215,2.0709495544433594,283,0.0007160930704086884,0.010552944,Low,Low
26,40,25.811988151874324,89.92404384266453,0.3506739130434783,7.111865997314453,6.322516918182373,337,0.20888743641179014,0.061425,Low,Medium
52,40,26.00789637924236,91.28099924650846,0.5960521739130435,5.437690258026123,2.965038299560547,265,5.634232869954597e-05,0.008134487,Low,Low
84,40,27.02670138697858,94.32264668122534,0.6029347826086957,6.324347019195557,1.3941154479980469,304,0.0016094939224570075,0.011761393,Low,Low
112,10,26.276812258726267,93.10674874671932,0.6174695652173914,5.240190505981445,2.067854404449463,286,0.0732654779245142,0.082494535,Low,Low
242,10,26.52866134009447,93.69830353930702,0.7357043478260871,5.690851211547852,10.297560691833496,298,0.45898471567440774,0.5072838,High,High
82,40,26.771286484082566,92.63630353392945,0.5216913043478262,5.454747676849365,2.9674198627471924,300,0.0032511553633874633,0.018115452,Low,Low
97,40,26.41365483724561,93.96238152322121,0.6136521739130435,6.735018730163574,1.3899465799331665,274,0.00445368407821949,0.008999813,Low,Low
122,10,27.18103201655932,95.3092664141437,0.6618304347826087,7.199538707733154,2.1269400119781494,269,0.005736868931072192,0.016894428,Low,Low
169,10,25.746254835584548,93.11934893767088,0.7288478260869565,3.98186993598938,2.120649814605713,305,0.2725149620357465,0.24230874,Medium,Medium
98,10,27.31680631508881,94.54556349654722,0.6171913043478261,6.740681171417236,1.3961379528045654,264,0.018924040184091093,0.02821362,Low,Low
70,10,24.47571817800296,92.27537045438663,0.7179869565217392,9.896159172058105,14.964086532592773,270,0.7005130286520507,0.68908006,High,Very High
931,10,26.337750551443847,93.41183569433412,0.8149695652173914,4.986250877380371,1.3894407749176025,326,0.1530573916293261,0.058373537,Low,Low
211,10,24.21722447344438,92.43545493826193,0.765204347826087,10.563650131225586,3.048088788986206,267,0.3433121686062177,0.2161737,Medium,Medium
144,10,26.224962611382463,93.74147908623647,0.700895652173913,6.345390319824219,2.122690439224243,260,0.11571426669249708,0.061839804,Low,Low
110,10,26.321936523402044,93.98792003594657,0.655895652173913,6.83835506439209,2.1231093406677246,287,0.014332474521373418,0.029181948,Low,Low
25,10,24.83094788658313,92.81833333410654,0.5319086956521739,10.891715049743652,1.3798284530639648,293,0.29759260018847794,0.33933938,Medium,Medium
145,40,25.905810616840487,93.80938861595538,0.4433304347826087,6.371248245239258,1.3866008520126343,249,0.050989017858217384,0.015831396,Low,Low
46,40,26.52583366390912,91.00983561568742,0.5640869565217391,5.855353832244873,2.12400221824646,277,0.0001926456233220749,0.008600146,Low,Low
66,40,26.49107495069937,92.86137003795214,0.5718913043478261,5.099606037139893,1.3904657363891602,319,0.03992955274604401,0.025895502,Low,Low
33,10,24.51124530092513,92.623797824717,0.6971173913043478,10.706962585449219,8.100446701049805,255,0.31097884897345857,0.43429548,High,Medium
38,40,26.2694383061575,90.92698439288941,0.49226521739130435,5.331967353820801,1.3889869451522827,269,0.02125036227581966,0.008024316,Low,Low
48,10,26.17439114772759,89.94188044251312,0.7189826086956522,7.37529182434082,2.7802884578704834,255,0.0574369701945844,0.02073268,Low,Low
262,10,25.061833663664665,92.65256466374179,0.741495652173913,9.383251190185547,27.5093936920166,292,0.831918321026441,0.8445344,Very High,Very High
413,10,26.435112473333813,93.61665034197853,0.8257826086956522,5.810903072357178,25.55098533630371,324,0.31658629668661525,0.4324572,High,Medium
55,60,26.3320437184167,91.97060733187914,0.17790869565217393,4.5189361572265625,2.7771718502044678,300,0.056335884155845735,0.04876945,Low,Low
48,10,26.488603844010118,91.03217692593691,0.5895782608695652,5.543269634246826,3.465296983718872,266,0.0355784365068563,0.04665882,Low,Low
725,10,26.357542703050328,93.27767536224056,0.7597478260869566,5.103824615478516,18.433616638183594,341,0.45730195463324397,0.32204184,Medium,High
599,10,25.57199750637899,92.62836917874549,0.7102086956521739,6.3790411949157715,18.609821319580078,301,0.8186434016934353,0.81251216,Very High,Very High
43,40,26.25907459765356,91.0051897429543,0.541304347826087,5.3711113929748535,2.9658093452453613,289,0.0009263936553995729,0.0096829925,Low,Low
1592,10,25.34236760716422,93.44339068449585,0.6959217391304349,5.504680633544922,30.310007095336914,359,0.7701900645931772,0.8751545,Very High,Very High
685,10,25.937211516250606,92.28635916087998,0.699113043478261,5.860800743103027,21.32059669494629,270,0.7422319355575144,0.6685731,High,Very High
83,40,27.061158856834105,94.1134737549391,0.5919913043478261,7.833983421325684,0.0,307,0.020816446486016844,0.023232281,Low,Low
104,40,27.436394288985447,94.88401042540454,0.5082913043478261,6.706930637359619,2.128117322921753,256,5.634232869954597e-05,0.0050879987,Low,Low
855,10,25.774853320263347,92.48491711886511,0.7226739130434783,5.746100425720215,11.702432632446289,295,0.3426988013721564,0.24463128,Medium,Medium
128,40,26.843238711919593,92.3302160204155,0.510595652173913,5.828881740570068,2.275315046310425,310,0.04675377975350587,0.041307144,Low,Low
117,10,26.42182677619815,93.89737374144757,0.7735304347826087,6.346049785614014,6.257875442504883,281,0.1876996468846772,0.09456961,Low,Low
30,40,26.09983178191761,89.89535155165079,0.4550173913043478,7.111746788024902,2.2631096839904785,298,0.03535566457169324,0.010007824,Low,Low
81,10,26.004550708504123,92.94567358918417,0.609504347826087,5.511613845825195,6.895298480987549,271,0.263465234454949,0.17728783,Low,Medium
60,40,26.409672116221806,92.2816887741008,0.5036652173913043,5.015748023986816,2.2681384086608887,281,1.6490788514484307e-05,0.014404659,Low,Low
781,10,25.68770364804968,92.55563829391157,0.7804130434782609,6.028481960296631,4.14912223815918,306,0.11840376110028941,0.07648909,Low,Low
104,10,26.902958319471935,94.85179993281696,0.6240869565217392,7.368976593017578,1.393261432647705,266,0.012947872964823982,0.026346311,Low,Low
122,10,27.31993854087473,95.26393433417805,0.7109695652173913,7.11765193939209,3.704791784286499,281,0.10585609042755738,0.0579267,Low,Low
55,10,26.386813557338456,89.99309723895918,0.6665739130434783,7.121886253356934,1.0352469682693481,248,0.012690797513757249,0.01838504,Low,Low
99,80,27.32105040696876,94.61433390829065,0.5421695652173913,6.508051872253418,4.1818952560424805,282,0.00010797534640159413,0.027968787,Low,Low
45,30,26.00882975555724,90.87489181001378,0.5919695652173913,6.081470012664795,1.8543341159820557,303,0.00988981121833028,0.016811725,Low,Low
77,80,26.7430916534345,93.53172547215773,0.10277391304347826,5.661177158355713,1.8543341159820557,267,0.000191658857517494,0.012358389,Low,Low
1151,10,26.25617619966699,93.36523306913055,0.7972,4.856328964233398,26.49604606628418,363,0.4247147695330634,0.27267724,Medium,High
112,40,27.06865874658508,95.2173569321517,0.6197304347826087,7.391071796417236,0.9274099469184875,263,0.0006894612569177565,0.008750549,Low,Low
357,10,26.49727895990228,93.3762936387454,0.825791304347826,5.347973346710205,9.290884971618652,290,0.11743471185158026,0.05512298,Low,Low
367,10,25.06180860626177,92.58899582203223,0.7597217391304348,9.490503311157227,19.14093780517578,313,0.6932372117838335,0.6596252,High,High
20,40,24.903212754953408,92.75151080408898,0.46085652173913044,10.539266586303711,0.9274099469184875,287,0.39623021204733516,0.1925606,Low,Medium
97,10,26.89352817184954,94.62968856554345,0.5524347826086957,6.633672714233398,2.7802884578704834,277,0.01924159767258203,0.025792614,Low,Low
183,10,25.9196052691082,93.35687267298573,0.7829347826086958,5.2514824867248535,5.530606269836426,275,0.21224467577557735,0.17155546,Low,Medium
120,40,26.8081367207424,92.24597670733168,0.5629347826086957,5.444637775421143,2.2747294902801514,318,0.04390415036721198,0.025013836,Low,Low
102,40,26.81038843381232,94.71466939324705,0.5422739130434783,7.08930778503418,4.542375087738037,278,0.0035950135928437404,0.012761699,Low,Low
56,40,25.964275381435662,90.72074602112971,0.4911869565217391,7.678648471832275,2.9649055004119873,299,0.00848618224933,0.008304854,Low,Low
97,10,26.58300796487408,94.01782405804978,0.6089391304347826,6.34372091293335,2.270987033843994,276,0.019468019634580953,0.031651065,Low,Low
23,40,24.69360625047435,92.6343005027695,0.4828173913043478,10.300514221191406,1.3789936304092407,284,0.22565426100113753,0.16441715,Low,Medium
214,10,25.627916682292334,93.01437622678341,0.7721652173913044,4.770007133483887,6.544811248779297,279,0.19225378283912778,0.08363806,Low,Low
422,10,25.24446315805669,93.19258126671812,0.6944478260869565,7.245499610900879,10.876635551452637,324,0.8349529249134752,0.811088,Very High,Very High
109,10,27.67878620109944,95.00008448403656,0.6756695652173913,6.816616058349609,1.3987085819244385,252,0.0036882413793600222,0.017534217,Low,Low
76,10,24.20307856927382,92.4773095069072,0.7429478260869565,10.405243873596191,17.586599349975586,308,0.5573396247984819,0.49594477,High,High
193,10,25.775065428346284,93.3520948865632,0.7576347826086958,4.821926593780518,13.791365623474121,301,0.5740054174717288,0.3983184,Medium,High
109,30,27.706468798230276,95.03022175228574,0.7135956521739131,7.261672496795654,1.398908019065857,264,0.00805783391265977,0.017035948,Low,Low
45,40,26.290915724880392,91.16955965463252,0.49454347826086964,4.919368743896484,2.1229755878448486,281,0.0001926456233220749,0.014278383,Low,Low
59,40,26.510853684323916,91.4580969177125,0.5046782608695652,4.917724132537842,2.269796848297119,246,0.0033960476286684395,0.0153774945,Low,Low
352,10,26.459626876324222,93.649602998875,0.7927826086956522,5.69437837600708,15.147655487060547,333,0.346380308419067,0.36700183,Medium,Medium
78,40,26.889812981697403,93.7854194130995,0.5361521739130435,6.149852275848389,1.0398179292678833,265,0.0017265932247568939,0.005916942,Low,Low
86,40,26.845834333114595,94.2914097938,0.5643478260869565,6.282314777374268,1.3928707838058472,301,0.0002574301182189814,0.006469819,Low,Low
96,40,26.82797523124022,94.60243208335048,0.5591739130434783,6.6024088859558105,2.0778093338012695,283,0.0007353788361676994,0.007256918,Low,Low
145,10,26.07222157736612,91.63184848826822,0.6967130434782609,4.2621169090271,24.27789878845215,296,0.9302227816164996,0.93407595,Very High,Very High
62,40,26.481367237898493,92.09113070382533,0.4866869565217391,4.69881534576416,4.164669990539551,310,0.05496236676032524,0.06001678,Low,Low
116,40,27.658938871601904,94.83149336826513,0.5026217391304348,6.933177947998047,1.0470383167266846,265,0.002840892603044794,0.0050024386,Low,Low
112,40,27.494926403514025,95.12209049010562,0.5415347826086957,6.881496906280518,0.0,259,0.0011706417069874465,0.004570472,Low,Low
125,10,27.43613262589951,95.37202431346203,0.7157130434782609,6.899820327758789,0.0,252,0.032831871830548504,0.027126886,Low,Low
457,10,25.03216940794032,92.67332197431973,0.7210130434782609,9.393631935119629,21.10051155090332,299,0.8612063340049148,0.9172879,Very High,Very High
33,40,26.17364646769773,90.14373723130223,0.4436478260869565,7.882307529449463,0.9274099469184875,302,0.09291128781843824,0.02966968,Low,Low
34,10,24.815388821085975,92.3110111030686,0.7423217391304349,10.31802749633789,6.176769733428955,263,0.30225947032484185,0.23030461,Medium,Medium
55,40,26.531780464318715,90.04429016866021,0.5724652173913043,7.519594669342041,1.0365514755249023,246,5.634232869954597e-05,0.0045386017,Low,Low
487,10,25.728470978163696,92.68914617835627,0.7863434782608696,5.808579921722412,16.420686721801758,329,0.47969637660583153,0.5509092,High,High
29,60,26.082404157023916,90.08960127951245,0.31361739130434785,7.409947395324707,1.0325427055358887,293,0.08579965752023946,0.014285459,Low,Low
86,40,26.774683018283973,94.19215051521041,0.5369739130434783,6.271997451782227,2.1251039505004883,282,1.6490788514484307e-05,0.005750601,Low,Low
34,40,26.139504422164176,90.12959411867729,0.44627826086956524,7.65470552444458,1.3881300687789917,289,0.05731729336619375,0.011735389,Low,Low
27,40,25.97210475627802,89.87749750780087,0.2701521739130435,7.3078999519348145,1.0315704345703125,325,0.10889679837342084,0.017241081,Low,Low
87,40,27.06983467974894,93.99934201711308,0.5200304347826087,7.475164890289307,5.5743303298950195,256,0.09268117721658663,0.030029498,Low,Low
132,10,26.690716435329485,90.68650957333134,0.7703652173913044,5.264476776123047,1.3918139934539795,298,0.09738686398526086,0.085353754,Low,Low
44,80,26.211334155232898,91.82403326915166,0.3793739130434783,4.297238349914551,0.0,266,0.053597150799208675,0.031640995,Low,Low
106,40,27.583842223135864,94.8407370132259,0.5610826086956522,6.495931148529053,1.3980307579040527,262,5.634232869954597e-05,0.0047792103,Low,Low
98,10,27.10236442963697,94.7960263794778,0.7141260869565217,6.831364154815674,3.471998453140259,255,0.07737275173410631,0.035485208,Low,Low
96,40,26.247279022064383,93.03776679992596,0.6793347826086957,5.237712383270264,8.080132484436035,319,0.4352983706476242,0.20514145,Medium,High
599,10,26.856609438734907,91.47962553984122,0.7728478260869566,4.0832061767578125,12.949505805969238,329,0.22318037156714926,0.08245636,Low,Medium
50,40,26.280657930338474,91.79989961075587,0.31854347826086954,4.9672393798828125,4.160669326782227,295,0.019934208065135836,0.015328448,Low,Low
45,40,26.132357848118893,91.08713647084139,0.5204521739130435,5.3780388832092285,4.6273674964904785,267,0.009421957463167489,0.012080543,Low,Low
238,60,25.334853521585178,93.13476088446815,0.5877391304347827,7.105077266693115,2.764296531677246,301,0.3845526883323334,0.36282867,Medium,Medium
153,10,24.44367513039205,92.90699952928854,0.8152956521739131,9.131744384765625,6.772950649261475,246,0.2541736262045379,0.11172885,Low,Medium
133,40,26.133468771220016,93.7880474773735,0.5696652173913044,6.249173641204834,2.122295379638672,279,1.6490788514484307e-05,0.0077485275,Low,Low
1062,10,25.240777390750846,93.2965328916255,0.7287869565217392,6.608396530151367,24.450048446655273,311,0.6483538028847481,0.80362844,Very High,High
109,10,27.018844812703957,95.08249942457742,0.6452739130434784,7.323709487915039,1.8543341159820557,267,0.004036221516821491,0.017254464,Low,Low
79,40,26.830609966504205,93.9835543272093,0.4527695652173913,6.3979878425598145,1.0392717123031616,265,0.010675042593118926,0.007045678,Low,Low
156,10,27.32950683527755,94.02175071278333,0.7778913043478262,7.426661491394043,7.326586723327637,266,0.31192317116229695,0.16485977,Low,Medium
84,40,26.759004445009257,92.56540274465178,0.34826956521739133,5.5874433517456055,1.8543341159820557,307,0.016745085802491826,0.0146197975,Low,Low
224,10,25.021301618139496,93.05643207759285,0.8089869565217391,9.112756729125977,29.685195922851562,337,0.3869649301419821,0.39357057,Medium,Medium
150,40,27.593715938857493,95.73616757824465,0.7681260869565217,7.260738849639893,4.187666416168213,302,0.09452920076002122,0.050566927,Low,Low
120,40,27.75872305585975,95.03023401784175,0.5279565217391304,6.552593231201172,0.9274099469184875,278,0.0032615383709114643,0.0068822424,Low,Low
107,40,27.42202381598684,94.98593061002909,0.6300086956521739,6.7071380615234375,4.273327827453613,266,0.026780763988353686,0.01915166,Low,Low
117,10,24.972189890273697,92.99016129061124,0.7994695652173913,10.040404319763184,7.637939929962158,281,0.2639010316514262,0.23955299,Medium,Medium
49,80,26.53061763839286,90.93515946003241,0.1676217391304348,5.7391557693481445,4.241315841674805,261,0.00809997383944593,0.015950235,Low,Low
163,40,27.950515858666925,95.84831162923928,0.7085869565217391,9.044215202331543,1.4006742238998413,319,0.22912637344048675,0.16527903,Low,Medium
63,40,26.684166073373348,91.0396671237632,0.657204347826087,5.779338359832764,1.3917686939239502,259,0.009326347160663854,0.014088011,Low,Low
59,40,26.53748252762499,90.1798166878983,0.5658304347826087,6.962515354156494,3.107102394104004,234,0.005067095016871589,0.0073236176,Low,Low
65,10,26.213519376254062,92.44535789241772,0.5137478260869566,4.697667598724365,1.0337005853652954,315,0.12521391437122747,0.11615183,Low,Low
126,10,27.344807107495953,95.38807586454884,0.6428391304347826,7.063932418823242,1.8543341159820557,273,0.014229571933087026,0.03625482,Low,Low
343,10,26.4343131607455,93.6811870874423,0.8189695652173914,6.122909069061279,30.309412002563477,325,0.3995450467126119,0.43054104,High,Medium
523,10,26.206561461639925,93.2662084831972,0.7818869565217391,5.0958123207092285,13.045268058776855,348,0.41537659238210334,0.41181043,High,High
132,10,27.708436695923883,95.68747757052635,0.7486173913043478,8.423208236694336,0.9274099469184875,261,0.06177456984110719,0.04546532,Low,Low
96,10,27.06314776406532,94.70764139013941,0.585004347826087,6.506438732147217,2.9683587551116943,274,0.016810520780026688,0.023492629,Low,Low
50,40,26.22533618853858,91.45505455232528,0.5269478260869566,3.860436201095581,0.9274099469184875,285,0.059254442074373276,0.032710288,Low,Low
46,40,26.56137882161069,91.08601920756965,0.46759130434782614,5.806828022003174,2.0729615688323975,270,0.00027632913443797477,0.00953833,Low,Low
43,40,26.03322879378904,90.76533650779014,0.5218739130434783,6.5441694259643555,2.2620389461517334,292,0.0027637054132716643,0.007061628,Low,Low
108,10,26.37617534187664,90.67978653763399,0.7005695652173913,6.281519889831543,16.231037139892578,277,0.8621129469194416,0.7939089,Very High,Very High
52,40,24.963268319898187,93.11422362246871,0.775395652173913,8.952901840209961,6.293625354766846,297,0.259335754669879,0.090660475,Low,Medium
98,40,27.34768635240273,94.17106756676087,0.5238347826086958,7.516225814819336,1.3963569402694702,263,5.634232869954597e-05,0.0049430276,Low,Low
188,10,26.49698526729324,93.15127705263079,0.762813043478261,5.025327682495117,16.170085906982422,273,0.6616213056044015,0.6946748,High,High
115,40,27.517480774118763,95.23211571842714,0.548704347826087,6.604266166687012,1.3975578546524048,247,5.634232869954597e-05,0.0060511176,Low,Low
93,10,26.78266198504724,91.08469697354275,0.6762,5.338509559631348,2.2743027210235596,283,0.06379481009808641,0.044212833,Low,Low
117,40,27.46560528460526,95.181323275022,0.669708695652174,6.921875953674316,3.132802963256836,259,0.011482354064454336,0.008006164,Low,Low
44,40,26.18718189257659,91.2118178786017,0.448995652173913,4.799854278564453,6.245589733123779,274,0.1442431505725935,0.08060632,Low,Low
935,10,25.403714317869696,92.75300734831248,0.7677521739130435,6.451629638671875,6.3346405029296875,331,0.25794908004512057,0.18450297,Low,Medium
101,10,26.55028455088566,93.90401664903443,0.5933739130434783,6.193695545196533,3.84633469581604,265,0.02325003272366368,0.026258312,Low,Low
36,40,26.23081062741386,90.4004621795063,0.5237652173913043,7.569022178649902,2.265226125717163,332,0.08370649241596946,0.024773374,Low,Low
94,10,27.07232002114368,94.35309319489363,0.6225913043478262,6.491273880004883,5.0706024169921875,309,0.1897012850150006,0.29729408,Medium,Low
66,10,26.33106939966485,92.5407090224235,0.6082173913043478,4.9092512130737305,3.84580659866333,304,0.17209875335853203,0.14262961,Low,Low
53,40,26.283581672113883,91.89900457072761,0.48174782608695654,4.732241153717041,2.266082525253296,316,0.03655529825496933,0.02719112,Low,Low
41,30,26.287228020126776,90.18662567328543,0.535508695652174,7.248692989349365,2.122959852218628,295,0.01719884283795873,0.013633815,Low,Low
103,10,24.374392595181522,92.45942009117944,0.747108695652174,10.618791580200195,9.132918357849121,292,0.3165333738122527,0.27116075,Medium,Medium
67,10,26.517194142376344,91.67286526335923,0.6297,4.967759609222412,2.9666149616241455,271,0.28709427113103886,0.15118322,Low,Medium
49,10,24.475356719900386,93.04776290705644,0.7112652173913043,9.001044273376465,1.8543341159820557,272,0.0923484248052917,0.062400248,Low,Low
25,10,24.823743375349185,92.62144307058367,0.46018695652173913,10.315942764282227,4.0807294845581055,287,0.22936110242562147,0.20726766,Medium,Medium
115,10,25.72040686675656,92.82364152656247,0.5269565217391304,5.638261318206787,12.167593955993652,248,0.7806694265296323,0.685926,High,Very High
111,40,27.380717910141072,95.1032696248422,0.6089521739130436,6.92327356338501,2.1278586387634277,256,0.008869915444390879,0.005856789,Low,Low
99,10,26.776551525008674,91.04381924112712,0.8248608695652174,5.34638786315918,1.3923962116241455,284,0.12679595276470432,0.03642234,Low,Low
108,10,27.165956447988865,95.02926389852074,0.6728608695652174,6.929147243499756,2.7802884578704834,262,0.014258822678086286,0.017653922,Low,Low
28,10,24.47589800019939,92.2320887879692,0.5736478260869565,9.836894989013672,2.2381110191345215,278,0.08767532010558463,0.040973302,Low,Low
535,10,26.16328981513924,93.41094827822432,0.8191347826086958,5.443140983581543,15.490898132324219,329,0.14356000260755966,0.081050515,Low,Low
94,10,27.003782479278634,93.79694261288432,0.5971173913043478,6.334444999694824,0.0,251,0.013075193655662202,0.017605767,Low,Low
207,10,25.99327610860812,91.27229679820341,0.6772913043478261,5.039600849151611,13.038458824157715,269,0.593635271469928,0.6006885,High,High
31,60,26.18065182087886,90.6746903818115,0.12034000000000002,6.908987998962402,0.0,276,0.05704672583710203,0.009758363,Low,Low
264,10,26.84946978935786,92.06178317643898,0.7711739130434784,5.014980316162109,13.794029235839844,264,0.37147078865453514,0.19486947,Low,Medium
26,60,24.86024414265557,92.56726778879583,0.5488000000000001,10.008390426635742,8.573549270629883,260,0.40634857796583,0.22792277,Medium,High
53,40,26.50424472116837,90.13045343164191,0.5025173913043478,7.236311435699463,2.1239070892333984,234,0.005067095016871589,0.0065681282,Low,Low
90,40,26.961485705908473,94.60034897729525,0.5598913043478261,6.590684413909912,2.1259443759918213,297,0.00046660508904221504,0.006362606,Low,Low
56,40,26.240713205077252,92.14076716134745,0.4471565217391304,4.801656723022461,1.0339425802230835,274,0.0159649600952072,0.018168934,Low,Low
513,30,25.342760945358958,93.04495703791979,0.7173869565217391,7.356934070587158,17.865345001220703,343,0.9471003865478571,0.95130605,Very High,Very High
691,10,25.764253328457077,92.51913574900932,0.7600652173913044,6.014955043792725,9.566095352172852,292,0.24794783359840133,0.13139623,Low,Medium
85,80,27.131106668198665,94.18364941967387,0.32778695652173917,7.9116106033325195,0.9274099469184875,283,0.012421658034042332,0.019420452,Low,Low
58,40,26.411871155060858,91.90278090889122,0.49174782608695655,4.454705238342285,4.6273674964904785,289,0.03757632953675738,0.05219893,Low,Low
748,10,25.666825478226965,92.63608478987547,0.7317434782608696,5.9567790031433105,11.320645332336426,303,0.34168536944208633,0.24967852,Medium,Medium
99,10,26.888429578553705,93.43246177002999,0.6572826086956522,5.699769973754883,3.6247358322143555,251,0.09954644120926194,0.08182965,Low,Low
70,10,26.548673944888204,91.7513916873431,0.5791565217391305,5.010969638824463,3.6167731285095215,256,0.10888315218437275,0.09946347,Low,Low
571,10,25.007987042703263,93.00221713820582,0.7951173913043479,9.351055145263672,31.06636619567871,306,0.47032994410274503,0.58782697,High,High
34,40,26.02071592780471,90.31545876530186,0.6232695652173913,7.467879295349121,1.8543341159820557,292,0.0640000886212799,0.01868686,Low,Low
287,10,25.554017363134303,93.3360011441714,0.7977521739130435,5.005600929260254,18.63726234436035,346,0.14367350263540243,0.11967887,Low,Low
139,40,26.83469218850888,92.16558985931597,0.6683260869565217,5.334382057189941,2.2751708030700684,317,0.12928753486845534,0.060623817,Low,Low
101,10,27.043298756571513,94.942632213775,0.6045869565217391,7.106823921203613,3.628408432006836,259,0.020715656545799176,0.029815065,Low,Low
98,40,25.9234360253485,93.0286551258288,0.4914173913043478,5.027535438537598,2.2602899074554443,273,0.004471291958917081,0.018262375,Low,Low
48,10,26.42843224115895,90.82522304606796,0.6023173913043478,5.858006954193115,1.8543341159820557,288,0.02014179199984769,0.040286243,Low,Low
32,10,26.07044420233855,89.96293288614143,0.45489565217391303,6.846803188323975,4.967535495758057,312,0.1928825293564713,0.14105856,Low,Low
368,10,26.382656407259244,93.37951720996034,0.7903521739130436,5.413952827453613,30.26631736755371,312,0.3013057727500127,0.33810037,Medium,Medium
64,40,26.58590555999169,91.6250021128408,0.5111913043478261,5.214536190032959,0.0,282,0.002244291337598872,0.013944743,Low,Low
109,10,27.386150772454034,94.1525182205833,0.5689347826086957,7.4338765144348145,2.7915966510772705,280,0.019741004231765783,0.019936055,Low,Low
108,40,27.2083205446783,95.07163889690455,0.5852565217391305,6.877619743347168,0.0,264,5.634232869954597e-05,0.004888441,Low,Low
651,10,25.792132500546415,92.53758510855022,0.7557,6.014955043792725,4.739645481109619,306,0.1671534579280966,0.13125578,Low,Low
76,40,26.620316685381017,92.2543221808939,0.6535434782608697,5.667456150054932,4.24446964263916,272,0.027462642638551613,0.02852517,Low,Low
281,10,26.570233287846598,93.64481385067741,0.7417,5.5372090339660645,21.252445220947266,295,0.8009376692666955,0.7746598,Very High,Very High
138,10,27.93892407126073,95.67110980737816,0.6840782608695652,9.614947319030762,0.0,334,0.10463199640853312,0.14092991,Low,Low
63,40,26.58936605226159,92.44190173722345,0.3116478260869565,5.286626815795898,5.567018985748291,267,0.06935724521976773,0.023749353,Low,Low
107,40,27.13681984494626,95.16795832593388,0.6925913043478261,7.292623043060303,2.7881059646606445,267,0.004806270590050028,0.0058372673,Low,Low
202,40,26.736804441533486,90.77280523570015,0.6467869565217391,5.646945476531982,4.244044303894043,289,0.3043447282604749,0.21773106,Medium,Medium
54,10,26.00888057320997,91.3952720530821,0.6143391304347826,4.989696025848389,3.2285397052764893,288,0.17533975687217637,0.09381351,Low,Low
39,60,26.45346094671897,91.08192352635977,0.5653391304347827,5.3788604736328125,4.238623142242432,277,0.024584948580464106,0.027907489,Low,Low
40,10,24.41865120064802,92.43825968278331,0.5408869565217391,10.136466979980469,1.3773401975631714,292,0.38131868496183363,0.53170234,High,Medium
44,10,25.97786290912086,90.27649749382473,0.6190391304347826,8.20882511138916,0.9274099469184875,291,0.0603804612477439,0.11397238,Low,Low
107,10,27.37580332198978,94.94830617619351,0.6763869565217391,6.742856502532959,1.3965545892715454,243,0.009977599470814802,0.018619314,Low,Low
123,10,26.9821327101728,95.11185608940163,0.7378434782608696,7.340538501739502,2.277644395828247,259,0.03418358192569502,0.023600537,Low,Low
101,40,26.423847186514337,94.14379110343904,0.5504521739130436,6.754445552825928,4.13557767868042,286,0.0002574301182189814,0.011736788,Low,Low
86,40,26.090215933862474,93.05135232522589,0.4786608695652174,5.104136943817139,6.90673303604126,278,0.17023900541737444,0.0692275,Low,Low
62,40,26.518029536311076,92.46689967207546,0.46027826086956525,5.222517013549805,0.9274099469184875,280,0.0030808083022192743,0.013690985,Low,Low
71,10,24.507196719027245,92.69579645554036,0.7397826086956523,10.599252700805664,12.04775333404541,277,0.3307828505502242,0.28989857,Medium,Medium
306,10,26.873413757132163,90.39369536372003,0.7524521739130435,4.817974090576172,2.275817632675171,294,0.15563069817774783,0.0801647,Low,Low
584,10,25.79049292482011,92.57191992434038,0.7529521739130436,6.022500514984131,8.259056091308594,319,0.20148097462557948,0.17343907,Low,Medium
134,10,27.640526738324834,94.66709670748641,0.6520086956521739,6.606151103973389,2.12907075881958,278,0.03510821064350546,0.05935988,Low,Low
87,10,26.82540603464168,93.48212868390094,0.5883869565217391,5.463126182556152,1.0392259359359741,255,0.01866640858197726,0.029853214,Low,Low
570,10,26.391176075002374,93.04948310022829,0.7426826086956523,4.489351749420166,17.166465759277344,312,0.3997067591677273,0.15477045,Low,Medium
214,10,25.8260966693428,92.69329911604689,0.707295652173913,5.715381145477295,9.68322467803955,297,0.4118922487985695,0.5680381,High,High
167,10,25.56844435146012,92.87859532031558,0.772695652173913,5.705225944519043,4.502414226531982,304,0.24011814512447927,0.28222626,Medium,Medium
66,40,26.117373944156782,92.84468652905656,0.5772391304347826,5.144636631011963,2.9653730392456055,294,0.005620728772666706,0.012793698,Low,Low
24,10,24.854011306014,92.8255703508268,0.5225521739130435,10.729515075683594,3.200352430343628,301,0.2352156802706163,0.1852517,Low,Medium
176,10,27.32136145378414,95.53747418559882,0.7927347826086958,6.170271396636963,4.249319553375244,329,0.14270906775872702,0.11975853,Low,Low
100,40,27.22179765752033,94.00202483997067,0.5481608695652175,8.692262649536133,1.3954737186431885,248,0.00323705780347607,0.007292746,Low,Low
670,10,25.564926004379245,92.69384510130156,0.7817695652173914,6.102336883544922,6.336617946624756,337,0.1927927426200223,0.12592542,Low,Low
46,40,26.554516131353015,91.03727716655597,0.5752913043478262,5.977927207946777,2.270519733428955,277,0.005522624194968225,0.0051476927,Low,Low
57,40,25.92835141999289,91.07886447558279,0.6572826086956522,5.706804275512695,2.1214194297790527,298,0.022324307207928527,0.01847757,Low,Low
324,10,26.055282261641374,93.35779128611209,0.8021913043478262,5.331604957580566,17.478822708129883,345,0.17977333117596175,0.11050946,Low,Low
62,40,26.136388160359324,92.65797251361455,0.3638782608695652,5.013369560241699,1.3881081342697144,309,0.03389915903648656,0.024150131,Low,Low
34,80,26.257582664746863,90.84576220586789,0.24147391304347826,5.871555805206299,0.0,274,0.046528747134621115,0.017628478,Low,Low
39,10,24.56489469408136,92.64306133401158,0.6937304347826088,10.862749099731445,2.115859270095825,259,0.3481518932788982,0.35431424,Medium,Medium
116,40,26.999396617794396,95.00713872632926,0.6863695652173913,7.488307952880859,7.575109004974365,280,0.24194261692611405,0.10090202,Low,Medium
85,10,24.472855869659334,92.67167451967008,0.7103391304347826,10.557220458984375,14.553513526916504,265,0.5148374480884966,0.52871513,High,High
102,10,27.255462571496757,94.05591173223053,0.5817521739130436,7.67775297164917,1.395707130432129,265,0.008756767722967077,0.016461642,Low,Low
103,10,26.731021767949485,92.21705733848286,0.5956478260869565,5.630153656005859,2.7825300693511963,283,0.0604301104801597,0.03866537,Low,Low
107,10,26.372148122191284,93.89742866559303,0.6344217391304349,6.4288249015808105,2.2675256729125977,265,0.012374533700989745,0.026640708,Low,Low
70,10,25.88201067693578,91.11224128130654,0.5935,6.259805679321289,3.2253546714782715,292,0.03709230129817551,0.02994845,Low,Low
59,40,26.265164069872828,92.3070603004027,0.4707565217391304,5.166798114776611,0.9274099469184875,287,0.009524802498204444,0.01551762,Low,Low
74,40,25.9534000495615,92.58048166021614,0.6751478260869566,5.84947395324707,1.031407356262207,299,0.023152343539776243,0.020643117,Low,Low
114,10,26.43190445635937,93.98323893143076,0.7022,6.735018730163574,7.707345008850098,268,0.2629776377425921,0.12743828,Low,Medium
520,10,26.52885883324074,93.54827614287464,0.7692739130434784,5.338367938995361,17.6431827545166,335,0.4523786354070297,0.3440999,Medium,High
58,40,26.535532215589377,91.45010774571419,0.5531608695652174,4.917724132537842,3.846299171447754,267,0.008965944669504738,0.015878657,Low,Low
96,10,26.915892835476868,93.53148551896614,0.572604347826087,5.699370861053467,1.3933510780334473,254,0.016618902931542973,0.028020926,Low,Low
97,40,26.75437940465989,90.95556010202762,0.40623043478260873,5.173986434936523,2.076467990875244,270,0.002801041062859733,0.007036437,Low,Low
104,10,26.736898535390605,91.60200119742325,0.6332869565217392,5.302674293518066,4.987249374389648,291,0.25664337340527354,0.29996157,Medium,Medium
300,10,26.077616987255258,92.13561223442292,0.6590478260869566,5.03128719329834,15.758744239807129,327,0.8570614220601963,0.8860894,Very High,Very High
198,10,26.50955361434469,93.1473868376137,0.7989782608695652,4.586025714874268,23.556928634643555,276,0.3744360630910352,0.3102552,Medium,Medium
48,40,26.384742113361472,91.417454544687,0.5296260869565217,4.592665672302246,1.0352320671081543,270,0.014465588934640766,0.017181145,Low,Low
33,10,24.715458264370923,92.4838765673643,0.5614695652173913,9.91019058227539,5.415480613708496,249,0.12565031990665768,0.13384818,Low,Low
130,10,25.8588867876314,91.45051251055757,0.7414608695652174,5.795430660247803,21.872177124023438,289,0.8608370786819403,0.91774994,Very High,Very High
106,40,27.402789848819037,94.96890136896629,0.6268695652173913,6.7071380615234375,0.9274099469184875,243,0.01415244371474977,0.009690298,Low,Low
72,20,26.632977716282642,92.50318599321915,0.6107347826086957,5.309480667114258,0.0,314,0.11151552379242681,0.06492573,Low,Low
106,40,27.410368615789157,94.6825006655262,0.5857347826086957,6.618563652038574,19.12870216369629,283,0.8301501754029456,0.6993613,High,Very High
94,40,26.90343175255871,94.61232018545145,0.4806608695652174,6.611001968383789,3.4698002338409424,285,0.0030419803925642295,0.015680023,Low,Low
106,60,26.915680206005373,92.71577350260364,0.5628521739130435,5.8355231285095215,0.9274099469184875,291,0.019004551455365802,0.03868022,Low,Low
75,40,26.08315075953641,92.94644041310892,0.4854173913043478,5.377686023712158,3.0949645042419434,291,0.006382482184678924,0.010257568,Low,Low
97,10,27.135813957053575,94.39913209591788,0.6688695652173914,6.668408393859863,8.479085922241211,309,0.4530647823025249,0.3934953,Medium,High
55,10,25.014998242271876,92.51653613769444,0.7200347826086957,10.107017517089844,1.380959391593933,285,0.6360510263111251,0.6368277,High,High
66,10,26.565962691196045,90.18944626852863,0.5857347826086957,6.927186489105225,3.846372604370117,236,0.04003698727284698,0.039491292,Low,Low
162,40,26.795045128584643,91.87823895758584,0.5284173913043478,4.896313667297363,2.783403158187866,281,0.16152719238364882,0.07493863,Low,Low
145,10,25.71862879811296,92.94784394882552,0.7718173913043478,5.007548809051514,5.45487642288208,274,0.3135460675060466,0.29889962,Medium,Medium
116,10,26.79380191135153,92.2727365062689,0.6792565217391304,5.712379455566406,2.9674909114837646,296,0.06282744320906496,0.067085706,Low,Low
69,10,26.149708743722048,91.87672631783646,0.6882043478260871,4.89743185043335,4.969846725463867,286,0.4374234923327809,0.4071094,High,High
65,30,26.572944097793247,90.65717207892814,0.5908521739130436,6.3074774742126465,2.1242103576660156,278,0.010941280354057685,0.015095687,Low,Low
100,40,26.736055236251794,91.57803272513229,0.5755173913043479,5.435844421386719,1.3921217918395996,289,0.0007309530548329713,0.011792764,Low,Low
60,40,26.324128082204357,92.61949213392703,0.5747608695652174,5.09663200378418,3.236544370651245,308,0.02317115433966791,0.039111573,Low,Low
119,10,26.414368648035015,93.86399662318154,0.7744391304347826,6.346049785614014,2.1235125064849854,284,0.045954602187055396,0.0379159,Low,Low
99,10,26.863353032805836,94.70199041067269,0.6603,7.218018054962158,1.3929907083511353,282,0.01222373682216636,0.02657154,Low,Low
115,10,27.356881210879333,95.07873829302605,0.6551043478260871,6.862529277801514,0.0,246,0.006503677890844847,0.018984301,Low,Low
50,40,26.34421816216291,91.46722029198256,0.5005304347826087,4.545028209686279,2.7802884578704834,294,0.018958810394269304,0.021902652,Low,Low
105,10,27.04532362740405,94.99195024117411,0.6917391304347826,7.302731990814209,2.1263227462768555,267,0.010240586410676268,0.01581399,Low,Low
135,10,27.892456292164166,95.7332441705937,0.6664434782608696,8.840816497802734,0.0,313,0.06498704402760297,0.103823826,Low,Low
61,10,25.936037466567385,90.97350706905324,0.6202695652173913,6.8566365242004395,9.039661407470703,283,0.5222841159022109,0.40267158,High,High
190,10,25.833158740158517,93.27176911200749,0.7427434782608696,4.530831813812256,0.9274099469184875,289,0.3001456162937524,0.19004892,Low,Medium
59,10,26.541881730535827,91.18286353597027,0.6764608695652174,5.545485019683838,3.242152690887451,274,0.11007685213138534,0.097793706,Low,Low
105,40,26.889468797605236,92.62729314338051,0.504208695652174,5.6302170753479,1.0398128032684326,304,0.001371729496506882,0.013931715,Low,Low
45,40,26.240753592347044,91.44144722023663,0.5000608695652174,4.038865566253662,2.12275767326355,278,0.05174393580774159,0.02812114,Low,Low
97,40,27.005269171078442,94.75472564194007,0.4830260869565217,6.7089738845825195,1.393967628479004,280,1.6490788514484307e-05,0.007073789,Low,Low
102,10,27.2206294170526,94.86806896486073,0.5716695652173913,7.02774715423584,1.3954640626907349,253,0.00202708593762153,0.01214602,Low,Low
138,10,26.553030460118148,94.39895338102603,0.5963608695652174,6.651133060455322,1.0367447137832642,254,0.07115136567983689,0.03845226,Low,Low
239,10,25.401225668182295,93.13365783987973,0.7414173913043478,6.034143447875977,11.187873840332031,291,0.36741588521000607,0.32988986,Medium,Medium
341,10,25.44735684566828,93.21135527261804,0.7516565217391304,5.747434139251709,13.85849380493164,316,0.5886368082657087,0.5922328,High,High
253,10,25.430115771004814,93.27807650906944,0.6855826086956522,5.829061985015869,4.232885360717773,332,0.6111534736443448,0.6711188,High,High
248,10,26.438345000845075,93.49831406987037,0.7145869565217391,5.601352691650391,7.707616329193115,288,0.3679210598924754,0.370941,Medium,Medium
50,40,26.274693320094105,91.62207228904612,0.5834260869565218,4.918097496032715,2.9658584594726562,280,0.004693768254754252,0.011897239,Low,Low
148,10,27.459011176853572,95.6200410063327,0.7343608695652174,6.405880928039551,0.0,288,0.11393132914205767,0.07560393,Low,Low
74,40,25.95810309380383,92.68179287163416,0.5403217391304348,5.636335372924805,3.4596915245056152,281,1.6490788514484307e-05,0.018214699,Low,Low
32,10,24.72737561277768,92.80141483241374,0.5527000000000001,10.691202163696289,3.8421542644500732,254,0.09028554724456127,0.12335817,Low,Low
63,10,26.642843661309012,90.87562468732692,0.7623913043478261,5.861527442932129,2.0744354724884033,279,0.139836251061055,0.0769302,Low,Low
109,40,26.013831496745677,93.16274903385784,0.5826217391304348,5.313849925994873,1.3873047828674316,266,5.634232869954597e-05,0.006192864,Low,Low
122,10,27.326652233525,95.29406688855272,0.6720565217391304,7.11765193939209,3.128877639770508,282,0.049119548764858474,0.036213223,Low,Low
89,40,27.04873747882229,94.39006468310266,0.5544478260869565,6.33609676361084,2.278771162033081,328,0.04305749790305645,0.015332897,Low,Low
83,40,27.05964685366661,94.0697307202014,0.5865695652173913,7.698115825653076,2.1263883113861084,288,0.002568264812705063,0.0090746805,Low,Low
155,40,26.78096742355715,90.54871106852559,0.6733478260869565,6.249002456665039,3.468461751937866,266,0.09508580444730634,0.03146237,Low,Low
135,40,25.98722834325564,93.20281186335934,0.6442608695652174,5.005937099456787,2.261309862136841,256,0.04440967555592672,0.020413477,Low,Low
52,40,26.65790230815903,91.18152226831874,0.4911652173913043,5.5469255447387695,2.7815396785736084,274,0.00833360683969084,0.012041276,Low,Low
261,10,25.68568607638319,93.36697083875424,0.7725478260869565,4.925532341003418,18.24996566772461,330,0.4864240363376358,0.45667022,High,High
56,10,26.503707289826906,90.15961806291062,0.5759739130434783,6.962515354156494,2.9665722846984863,249,0.008622728035954512,0.014028846,Low,Low
244,10,26.26589573678431,91.71912172266616,0.708808695652174,4.7272114753723145,2.776298999786377,282,0.26600159582743144,0.17639546,Low,Medium
249,10,25.661409525045453,93.44345657041714,0.8227130434782608,5.106140613555908,6.317300319671631,335,0.1948225995961461,0.116837576,Low,Low
101,10,26.763505772317018,91.00620711601283,0.8152304347826087,5.34638786315918,4.1703691482543945,268,0.21275627711372302,0.03436262,Low,Medium
120,40,26.195268642822736,93.84654010000095,0.4823913043478261,6.589787483215332,2.066408634185791,244,0.0013931180028246178,0.00518161,Low,Low
277,40,25.301235245256887,93.14063023671235,0.4647913043478261,7.105077266693115,1.3827401399612427,349,0.4675912445616955,0.5516072,High,High
24,10,24.85933206618066,92.93318539913555,0.5974565217391304,10.912571907043457,3.5793392658233643,282,0.21762352684983416,0.2507026,Medium,Medium
66,40,26.540783440812017,92.08252176396898,0.5293782608695652,4.979382038116455,2.124068260192871,276,1.6490788514484307e-05,0.014804723,Low,Low
181,10,25.520360434781807,93.09058929908673,0.8115217391304348,5.570743083953857,13.023641586303711,313,0.3123538349002789,0.3205489,Medium,Medium
65,60,26.535450985332574,92.56241767063352,0.3614217391304348,5.110236167907715,0.9274099469184875,298,0.03447288258748273,0.03289163,Low,Low
75,10,26.518117349404367,92.86596070488916,0.6006347826086957,5.009805202484131,3.846256732940674,280,0.10816088547200112,0.12629823,Low,Low
37,60,26.205814607032302,90.49843457156894,0.10179565217391304,7.163581371307373,3.8455088138580322,284,0.04600128432152653,0.02115555,Low,Low
85,30,26.875913164618964,93.5551585186033,0.6126826086956523,5.7118916511535645,1.0396876335144043,272,0.03339390428996712,0.045665696,Low,Low
119,10,25.05799395350174,92.80316252535496,0.6600260869565218,9.60451602935791,14.154254913330078,289,0.8721035259982586,0.87921757,Very High,Very High
100,40,27.455243461703244,94.66615249999543,0.5450695652173914,6.574085235595703,1.3971163034439087,272,1.6490788514484307e-05,0.005644726,Low,Low
161,10,25.828672274675643,92.76703498556725,0.8042652173913043,5.860640048980713,18.26967430114746,305,0.38225961889730903,0.38653955,Medium,Medium
186,10,26.630874459660156,94.42984185259688,0.8169217391304349,7.007432460784912,10.930241584777832,253,0.3142433408309187,0.24567139,Medium,Medium
143,50,26.033261015405717,93.76255532055964,0.5217739130434783,6.257829189300537,1.387430191040039,271,0.07213030092341502,0.03611352,Low,Low
1137,10,25.161557457567863,92.83115703019492,0.7698521739130435,8.676661491394043,6.877460956573486,322,0.3541867927317506,0.22754504,Medium,Medium
33,10,24.54649974860569,92.60776116205666,0.5622608695652175,10.706962585449219,1.3781051635742188,272,0.203254483693674,0.27768147,Medium,Medium
46,10,24.58022509261912,93.07104313865072,0.7723739130434784,9.229302406311035,2.1159191131591797,281,0.15144391365427567,0.058896612,Low,Low
42,40,26.25541072133199,90.81910525500273,0.4469391304347826,5.871555805206299,2.96579909324646,301,0.017817645455060982,0.014965666,Low,Low
80,40,26.679992539863672,92.30047190994725,0.5231391304347827,6.011844635009766,1.0378961563110352,318,0.0345686435729452,0.015694749,Low,Low
28,10,24.743971875231015,92.87291296419785,0.511408695652174,10.58963394165039,6.173324108123779,287,0.30751028748180065,0.41703472,High,Medium
141,10,26.707611870279855,90.21033831944482,0.7646304347826087,5.995786666870117,4.243785381317139,251,0.15603041241737833,0.080503315,Low,Low
131,10,27.244317513876485,95.47894007881263,0.6703217391304348,6.813225269317627,3.4735827445983887,282,0.07659071047537579,0.081725836,Low,Low
728,10,24.630214203976752,93.00615396674675,0.7308304347826088,9.592080116271973,29.15934944152832,308,0.779162894761458,0.8537019,Very High,Very High
25,40,25.497957495050777,89.87208952608412,0.4915869565217391,6.973263740539551,1.3839828968048096,286,0.024024875400172244,0.009375131,Low,Low
127,40,26.132870048962044,93.79924920029065,0.5312869565217391,6.249173641204834,1.8543341159820557,290,0.002596644551456921,0.0077009546,Low,Low
95,10,27.059538500153586,94.68243371860194,0.5460086956521739,6.423475742340088,1.0413838624954224,283,0.05268306121119224,0.022956692,Low,Low
69,10,26.000073120241048,92.68174404242703,0.6164608695652174,5.69068717956543,2.772803783416748,277,0.0954822852193301,0.10418702,Low,Low
214,10,25.81321781779069,93.5579295671491,0.7417695652173913,5.650210857391357,2.0597052574157715,307,0.40091402833338674,0.483035,High,High
164,10,26.796403562530067,91.73954100139315,0.7774173913043478,4.979344844818115,3.622561454772949,257,0.288585972456233,0.19265711,Low,Medium
209,10,25.00307337318599,92.92440290641785,0.7747478260869566,9.479662895202637,24.97399139404297,297,0.7078472204727495,0.774112,Very High,Very High
123,10,26.73846317382949,91.82297907361458,0.665595652173913,4.923382759094238,1.0384278297424316,304,0.1184247348329415,0.12310886,Low,Low
60,10,26.46802578329639,90.59443519395354,0.6569521739130435,6.723239421844482,1.8543341159820557,288,0.03682526670190658,0.037980914,Low,Low
173,10,27.32360769918814,95.86179654651896,0.753504347826087,7.191046714782715,1.3961868286132812,309,0.22751856287310881,0.1630161,Low,Medium
49,40,26.257768251239078,89.90841267313871,0.6312695652173913,7.116204738616943,0.0,279,0.031509253995745945,0.01374159,Low,Low
351,10,25.659058709594373,93.18264814195828,0.7278130434782609,3.9686434268951416,15.485601425170898,333,0.7301480555693649,0.60917085,High,Very High
96,10,26.60457915069629,94.14470132268127,0.6171739130434784,6.733344554901123,5.067116737365723,272,0.1563570560148478,0.21818691,Medium,Low
193,10,26.535673659724562,93.17053494385436,0.7925913043478261,4.950605869293213,12.76917839050293,294,0.37755620239050075,0.2530948,Medium,Medium
45,40,26.231826349683814,89.94187985650784,0.6309173913043479,7.432221412658691,0.9274099469184875,284,0.03408158709504854,0.014856927,Low,Low
38,10,24.5106598758193,92.5715786068546,0.6466739130434783,10.685905456542969,6.364902019500732,271,0.4244308214153431,0.42127746,High,High
89,40,27.161945869014293,94.23706634452738,0.580908695652174,7.904788494110107,1.0423378944396973,290,0.005734537284223653,0.011200564,Low,Low
71,60,26.67334017402804,93.06217508693162,0.4712173913043478,5.3410749435424805,2.7802884578704834,246,0.01672332581897242,0.019131623,Low,Low
159,10,25.950382803790653,93.41053139756072,0.7849478260869566,5.482870101928711,4.5144219398498535,286,0.2267838882234675,0.12109303,Low,Medium
205,10,26.79716677105674,90.57172590795544,0.7856869565217391,6.01010799407959,2.2745437622070312,279,0.1067165015984081,0.112578265,Low,Low
133,10,26.380273165288,94.16918938544454,0.6087347826086957,6.832724571228027,2.9661865234375,253,0.031230992389218136,0.03226365,Low,Low
634,10,25.051651155523462,92.4860073558638,0.717195652173913,9.962632179260254,25.13263702392578,296,0.8524681817093863,0.94016236,Very High,Very High
394,10,26.169368522245342,93.65587597647071,0.8040304347826087,6.013975620269775,18.17349624633789,326,0.263359344283205,0.22172953,Medium,Medium
40,40,26.06191042748594,90.53027773000446,0.5571260869565218,6.903977870941162,1.0323615074157715,290,0.016086580910934917,0.008174279,Low,Low
437,10,25.796796402973357,92.62973085803831,0.8168521739130435,5.923232078552246,16.134485244750977,337,0.28976970192747475,0.22607464,Medium,Medium
83,40,26.72887770834067,93.83577201558349,0.5323782608695652,6.204803466796875,3.1123013496398926,283,0.007250322968369868,0.009483245,Low,Low
103,10,27.504704894975564,94.69190481506209,0.6356347826086958,6.400907516479492,2.1284351348876953,268,0.008032157873292558,0.02358053,Low,Low
113,10,27.51496385408356,94.52902545883371,0.5396565217391305,6.507853984832764,2.7934153079986572,285,0.02285371697727688,0.023856895,Low,Low
97,10,27.27772203991872,94.46127071597475,0.696708695652174,6.4391279220581055,3.4739599227905273,297,0.09437216051660176,0.06332214,Low,Low
110,40,26.753712701806982,92.02193531763223,0.5601086956521739,5.098074436187744,2.1250123977661133,253,5.634232869954597e-05,0.0072204513,Low,Low
32,10,24.675030924100614,92.75759278987667,0.6675739130434784,10.639286041259766,1.3788808584213257,269,0.2516897143441501,0.19433816,Low,Medium
80,40,26.022537057575693,93.03387122818489,0.4409782608695652,5.278668403625488,4.966158390045166,268,0.08584214030680708,0.032900088,Low,Low
65,10,26.559610186569696,89.94348998321614,0.6275608695652174,7.301959991455078,1.0368025302886963,269,0.044152088287156735,0.032942753,Low,Low
97,10,26.55968717377814,93.12234445780848,0.7416391304347827,5.084802150726318,13.382433891296387,281,0.5175936572440363,0.58486533,High,High
792,10,25.815546808378436,92.29663509155192,0.7591391304347826,6.201860427856445,8.28909969329834,315,0.23467102083706648,0.1229223,Low,Medium
86,40,26.88726903372905,93.56633860965438,0.5731565217391305,5.7118916511535645,2.784663677215576,261,0.002059781709610982,0.009249708,Low,Low
144,10,25.983838562136782,93.33416446284402,0.7560173913043479,5.348902702331543,6.328539848327637,273,0.2853331820668732,0.15687123,Low,Medium
283,30,26.763700874955195,90.79056780890208,0.7054956521739131,5.666035175323486,2.7802884578704834,282,0.2998930622346964,0.28630596,Medium,Medium
31,40,26.21695864983392,89.70134370365442,0.5853565217391304,7.478810787200928,2.0667927265167236,268,0.021766474190230728,0.006396598,Low,Low
48,10,26.423948838856923,90.11920009767735,0.4564391304347826,7.111216068267822,1.0355808734893799,271,0.03970663623771986,0.01660244,Low,Low
98,40,26.7177628852574,91.40758922791487,0.5614,5.3940277099609375,1.0382403135299683,257,5.634232869954597e-05,0.006325124,Low,Low
32,60,26.236102029781012,89.81302856828559,0.12365652173913043,7.541438579559326,2.775902271270752,261,0.033327694156689326,0.00804286,Low,Low
30,10,24.596529214038707,92.84129782803016,0.6110478260869565,10.730081558227539,0.0,260,0.2881427465051923,0.31504318,Medium,Medium
59,10,26.429387357896903,91.74268610467895,0.5600739130434783,4.641315460205078,2.123579502105713,277,0.11966121948229778,0.11884335,Low,Low
889,30,25.190589442712184,92.96298289791883,0.6839478260869566,8.066160202026367,11.038361549377441,313,0.7913617458039828,0.80493414,Very High,Very High
80,10,26.809922716912176,92.9370967044881,0.633795652173913,5.412135601043701,1.392623782157898,249,0.06377235289779279,0.0610388,Low,Low
633,10,25.880941663238975,92.54693757602847,0.7627086956521739,5.88571310043335,5.837214469909668,301,0.12378370643191772,0.12265493,Low,Low
93,40,27.320120535074324,94.30999393132359,0.6459478260869566,6.821145534515381,2.0869455337524414,293,0.007060737434644116,0.008869121,Low,Low
57,10,26.195984454839582,92.10033888086652,0.5073652173913044,4.938863754272461,1.0335452556610107,323,0.08802513743120982,0.07338622,Low,Low
113,40,27.73565874061596,95.08697185686782,0.5884391304347826,7.213442325592041,0.9274099469184875,287,6.19895176523798e-05,0.006461451,Low,Low
64,10,26.071155663302026,91.90004933484533,0.5633391304347827,4.920051097869873,2.0642144680023193,266,0.06428896925557029,0.060544632,Low,Low
79,10,25.93782378393841,92.82996976819011,0.548895652173913,5.440389156341553,2.964825391769409,294,0.04586504257529188,0.056241345,Low,Low
111,10,26.781050902819537,94.70598455076684,0.7248521739130436,7.031772613525391,2.2742748260498047,282,0.04566065776971381,0.034315266,Low,Low
46,10,26.40725647360087,90.6569584889239,0.5623260869565218,6.239703178405762,1.3899039030075073,285,0.012239865400962089,0.020657552,Low,Low
57,10,26.46699998002104,90.59483418965034,0.6569521739130435,6.723239421844482,4.239089012145996,288,0.07898590027707893,0.0540165,Low,Low
301,10,26.45270880468766,93.5039653928474,0.808595652173913,5.539882183074951,11.248699188232422,321,0.1854091799420687,0.18507053,Low,Low
46,40,26.10278746575893,91.23516409104359,0.5163739130434783,5.034013748168945,0.9274099469184875,283,0.0031393342200596776,0.015637966,Low,Low
125,10,26.950770332735022,92.62799107903584,0.6441130434782609,5.2338457107543945,2.080071449279785,308,0.14602649347590946,0.14944597,Low,Low
133,40,26.067091188905362,93.95502926540767,0.550608695652174,6.41428804397583,0.0,253,0.0013931180028246178,0.0073976163,Low,Low
90,40,27.117692570864065,94.42732378631983,0.6130217391304348,6.632750511169434,2.2799394130706787,315,0.019020054686016117,0.02398056,Low,Low
165,60,25.857313564267802,93.82778262878686,0.5459869565217391,6.432868957519531,1.386285662651062,281,0.181438173248075,0.09656166,Low,Low
212,10,26.53082409866982,94.31248548179911,0.792495652173913,6.635391712188721,7.449727535247803,312,0.33247113512740634,0.395127,Medium,Medium
146,40,27.91719726328335,95.84542328413039,0.6054782608695652,8.862432479858398,2.799192190170288,323,0.12894684592378533,0.05510522,Low,Low
180,10,25.924345693881325,93.49461249678896,0.7022260869565218,5.62770414352417,4.963311195373535,287,0.3703872931537725,0.45235085,High,Medium
188,10,26.75376793505128,90.87751106794428,0.7439347826086957,5.549433708190918,3.704791784286499,271,0.2988391443804835,0.26858246,Medium,Medium
126,40,26.300444337104,94.06594633201803,0.5633782608695652,6.717041492462158,1.0344769954681396,318,0.03106358433443267,0.019731428,Low,Low
78,10,24.4967975228511,92.28083692137379,0.6701913043478261,9.896159172058105,19.8978271484375,282,0.9269375414716704,0.9287226,Very High,Very High
79,60,26.922529535270613,93.93923466973104,0.29193478260869565,7.0864033699035645,0.9274099469184875,271,0.0056749781447465565,0.008362379,Low,Low
114,10,27.457505243675044,95.09475260068058,0.7273478260869566,6.7950215339660645,2.1282155513763428,252,0.01756273700047278,0.02701852,Low,Low
57,40,26.432083300118567,91.69404584751435,0.5423608695652175,4.733861446380615,1.3900691270828247,288,0.008845940402204638,0.017291764,Low,Low
60,10,26.519595459312605,91.67303831933091,0.4885739130434783,4.967759609222412,6.781548023223877,277,0.3478087142866052,0.3250008,Medium,Medium
732,10,25.085980589605192,93.01284338617245,0.7722782608695652,8.225687980651855,29.969135284423828,310,0.8024545299847359,0.9055425,Very High,Very High
162,40,27.918851064971157,95.89978231912569,0.6388782608695652,8.649015426635742,1.04954195022583,327,0.2202318008830373,0.1670753,Low,Medium
98,40,27.45447675996669,94.55918248890188,0.5338347826086958,6.7246270179748535,2.089481830596924,291,0.002596644551456921,0.0067896876,Low,Low
112,10,27.113677182892438,95.18332319286822,0.6950521739130435,7.292623043060303,1.0418874025344849,256,0.004595759371498897,0.017818553,Low,Low
35,60,26.156532368816002,90.29627892235436,0.4334608695652174,8.026707649230957,5.2345290184021,307,0.1988516296007558,0.26996008,Medium,Low
100,10,25.769306769242938,92.82852692676542,0.7217956521739131,5.526105880737305,3.457740306854248,277,0.18672418578647187,0.13976473,Low,Low
32,40,26.163182091244412,90.1142028441075,0.3820826086956522,7.882307529449463,2.9655137062072754,324,0.11490422019172923,0.031457193,Low,Low
435,10,26.31940866308431,93.00006818234894,0.7734000000000001,4.719132900238037,4.825945854187012,324,0.2402861238884935,0.0609109,Low,Medium
70,10,26.456698776404874,92.84504617047644,0.5691173913043478,5.067391395568848,2.268911838531494,312,0.10917103400513338,0.10774867,Low,Low
89,10,26.87575067805959,94.36211515631588,0.5950913043478261,6.396114826202393,1.8543341159820557,281,0.0068236444980315685,0.02099202,Low,Low
127,10,27.26452312797187,95.38629721970293,0.6808391304347826,7.017596244812012,4.6273674964904785,264,0.06003823301647998,0.050804485,Low,Low
36,40,26.005896119782886,90.32891001993427,0.5596826086956522,7.467879295349121,0.0,292,0.03490260764929062,0.011147644,Low,Low
90,40,27.144513810276564,93.9455878445953,0.5611652173913043,7.653687953948975,0.0,269,0.0008525151875098199,0.004824021,Low,Low
120,80,27.754939165136236,95.43096104098825,0.17730434782608695,8.204453468322754,2.129610061645508,268,0.0031150019165840136,0.010454351,Low,Low
29,60,24.727525316690965,92.71942485461976,0.5498086956521739,10.622041702270508,4.077581882476807,275,0.11061192398705913,0.13654582,Low,Low
71,40,26.68141933785402,93.01155697194585,0.5466521739130435,5.102647304534912,2.7802884578704834,265,5.634232869954597e-05,0.008777014,Low,Low
134,10,27.11972184462112,95.31955957087335,0.7454869565217391,7.1604905128479,14.70336627960205,262,0.5846732213821294,0.47556216,High,High
125,80,27.81269859530909,95.52441619543711,0.1660695652173913,8.658476829528809,3.849513053894043,305,0.051996890432638755,0.043864664,Low,Low
51,10,26.59650437493202,91.19614489815244,0.5640086956521739,5.522298336029053,3.2435648441314697,280,0.03860744809390686,0.04368101,Low,Low
130,10,24.698865540418122,93.06123624106351,0.8077391304347826,9.6567964553833,15.32191276550293,296,0.4920595698965157,0.44072342,High,High
119,40,26.998653366551302,95.09235606820322,0.7375739130434783,7.311757564544678,3.627350330352783,249,0.0595175204605118,0.0147762485,Low,Low
55,40,26.259123633949635,92.18862478217115,0.39571304347826086,5.014655590057373,0.9274099469184875,291,0.015844345308616423,0.011380959,Low,Low
114,10,26.144215061406,92.90769294733217,0.7231608695652174,5.3984575271606445,9.049567222595215,309,0.5608756485760642,0.4639767,High,High
99,40,27.136163245124582,93.90058860557266,0.5001869565217392,7.653687953948975,2.7880983352661133,239,0.0025626176237522297,0.007613972,Low,Low
96,40,26.969971326229523,94.7052748025402,0.5570521739130435,7.181253910064697,1.3937240839004517,268,0.002059781709610982,0.004250115,Low,Low
30,60,25.963924930749563,89.84649989592941,0.4313434782608696,7.684236526489258,2.062331438064575,293,0.07195233309612022,0.0151701085,Low,Low
114,10,27.055992437821384,95.18111486368863,0.6607086956521739,7.503764629364014,1.394317388534546,254,0.004035993500377874,0.018092273,Low,Low
45,40,26.49678424612326,91.06587942686585,0.6170695652173913,5.3788604736328125,3.615569591522217,274,0.05792873364337892,0.030537741,Low,Low
79,40,26.67459428425603,93.69117940893125,0.5331173913043479,6.067007064819336,3.2455966472625732,270,0.00569441490538793,0.006724671,Low,Low
70,40,26.711792930396697,93.0013813384718,0.5307130434782609,5.294651508331299,2.273118019104004,259,5.634232869954597e-05,0.007297087,Low,Low
668,10,26.234632603025997,93.37073455547383,0.8229521739130434,5.377800464630127,15.417962074279785,320,0.14325692119845793,0.07310256,Low,Low
102,10,27.262818510387028,94.68932596521412,0.5247521739130435,6.577935695648193,0.0,282,0.06501033199867998,0.02505563,Low,Low
45,80,26.21996378617767,91.86111455392471,0.06773478260869566,4.227093696594238,8.078654289245605,261,0.40502096555246264,0.23965113,Medium,High
92,40,26.629948247235575,94.1385138661368,0.5784913043478261,6.733344554901123,2.1244606971740723,284,0.002445865105947858,0.0069182543,Low,Low
136,10,27.7279070748729,95.60831990415228,0.6404391304347826,8.42408561706543,0.9274099469184875,248,0.05464793566559089,0.056457955,Low,Low
64,10,26.564536447570937,90.65396730573616,0.6114652173913043,6.3074774742126465,4.982087135314941,269,0.1394798612350456,0.09481981,Low,Low
29,10,24.641904000334065,92.49235841014819,0.6226,9.907974243164062,7.635045528411865,274,0.34764250050642254,0.50733787,High,Medium
51,80,26.48346768299053,90.66024173407399,0.4206652173913043,6.305694580078125,1.3904153108596802,260,0.000191658857517494,0.0056084674,Low,Low
66,10,26.2880341935075,92.44899519209451,0.6656782608695653,5.0363006591796875,0.9274099469184875,294,0.11056967099040413,0.08010428,Low,Low
89,10,24.696810361514498,92.26633381116713,0.7426652173913043,10.014920234680176,8.854623794555664,251,0.25412158309791744,0.15668638,Low,Medium
47,10,26.09345759738483,90.77448505091095,0.550795652173913,6.482138633728027,2.7740273475646973,314,0.04337289575148078,0.039433695,Low,Low
409,10,26.085559170075882,93.39749004219557,0.7747565217391305,5.331604957580566,14.841961860656738,337,0.5548917370249857,0.475541,High,High
49,10,26.311718987745753,89.8966242429461,0.6224130434782609,7.240277290344238,1.3892689943313599,268,0.0339069190328995,0.028341172,Low,Low
89,40,26.69638549789655,92.00643861121544,0.5445521739130436,5.106844425201416,0.0,274,0.001990958945310832,0.010830257,Low,Low
99,40,26.44941009089863,94.12790446791021,0.5626347826086957,6.754445552825928,0.0,319,0.019434273985558283,0.013286341,Low,Low
66,40,26.554497873853563,90.50887582796665,0.5477391304347826,6.723471641540527,4.242154121398926,264,5.634232869954597e-05,0.010373966,Low,Low
295,10,26.051497817498376,92.11109088621214,0.7125217391304348,5.03128719329834,17.615013122558594,307,0.8589337759383545,0.82095855,Very High,Very High
913,10,25.29835166993372,92.81084983101398,0.7242304347826087,7.838748455047607,28.585599899291992,299,0.6053445928936063,0.70981395,Very High,High
159,10,27.413314822470582,95.77086238881624,0.6781652173913043,6.886193752288818,2.791980504989624,319,0.2121292237484333,0.08622432,Low,Medium
76,10,26.5854152704078,92.31766690448679,0.6492173913043479,5.378529071807861,3.6176247596740723,260,0.13530030358565773,0.05980458,Low,Low
43,40,26.425888238802482,91.00608881801492,0.5903739130434783,5.473273277282715,0.9274099469184875,265,0.00357220246347603,0.010408407,Low,Low
35,40,26.177893487802443,90.40361356780814,0.0827913043478261,7.47150182723999,4.158639430999756,312,0.09516696646575815,0.028065287,Low,Low
95,40,26.573857070801413,94.03955689322856,0.6377,6.34372091293335,2.124213933944702,269,0.004904053485631325,0.00661748,Low,Low
189,10,27.96377871270446,95.92997924150325,0.7266652173913043,8.422314643859863,4.581961631774902,328,0.4784510064531066,0.5916397,High,High
70,10,26.576227295541678,90.34205340056504,0.5989695652173913,6.838641166687012,2.7802884578704834,269,0.01305997385594458,0.014565327,Low,Low
91,40,27.01528420349994,94.49172301572675,0.6008217391304348,6.066527366638184,1.0409743785858154,315,0.02724887516748928,0.014558677,Low,Low
78,10,26.71672864594412,92.58640467306374,0.568708695652174,5.799473762512207,0.9274099469184875,300,0.04644369655004297,0.06421563,Low,Low
123,10,24.737341110002482,93.07079780929715,0.8138652173913044,9.754059791564941,20.419042587280273,287,0.5555641879569978,0.41429037,High,High
116,80,27.5058884734818,94.46227215422738,0.3012521739130435,6.600811004638672,2.0904557704925537,316,0.032417436591696505,0.020526096,Low,Low
71,40,26.59229310472934,91.74070120651493,0.5922304347826087,4.937227249145508,4.5351715087890625,299,0.02435595564546716,0.04443204,Low,Low
55,10,26.4344577167588,91.58585111525983,0.6268608695652175,5.080763339996338,3.2393760681152344,279,0.22737837176859027,0.13509795,Low,Medium
66,40,26.692440804203006,90.90657387767024,0.6806608695652174,5.592257022857666,2.2727949619293213,249,0.010913678223077771,0.013072661,Low,Low
47,10,24.938722600764397,93.11076488562114,0.6889260869565217,9.360509872436523,10.860264778137207,301,0.6610066901206448,0.62311876,High,High
58,50,26.407777943193764,91.62930185864535,0.5667391304347826,4.945115089416504,2.778181314468384,272,0.041208094430068294,0.029378131,Low,Low
795,10,25.728339943618423,92.21899764534693,0.6499739130434783,5.840902805328369,2.769289493560791,309,0.31630311712824355,0.22839533,Medium,Medium
222,10,25.546879234399675,92.95184410668227,0.8028000000000001,5.76761531829834,17.015804290771484,281,0.3378051057700197,0.23239613,Medium,Medium
97,10,24.710926267242762,92.25801245826554,0.7650695652173913,9.997909545898438,2.756603240966797,257,0.1817938095610927,0.061184447,Low,Low
119,10,25.80290996077439,93.05531709308926,0.7456391304347826,4.35443639755249,2.12088942527771,300,0.266524830086101,0.16178632,Low,Medium
84,40,27.059525576167857,94.20028980048053,0.6149826086956522,7.163353443145752,2.27895450592041,311,0.0311741151783248,0.028957801,Low,Low
86,10,27.012333579240696,93.97992762859393,0.5990217391304349,6.880859375,2.081205368041992,259,0.008077868904767983,0.014241585,Low,Low
99,10,27.230114241211,94.47108849242208,0.6321695652173913,6.870173931121826,1.395530104637146,298,0.02523382989885472,0.043368075,Low,Low
78,40,26.72228138967617,92.60239188618483,0.4692521739130435,5.609938621520996,2.7824130058288574,303,0.009789886590922586,0.016148213,Low,Low
128,40,27.347535116372978,95.46306785820148,0.5105347826086957,6.727466106414795,2.087462902069092,292,0.0002574301182189814,0.009284311,Low,Low
131,10,27.58617447414994,95.49456455487949,0.7136695652173913,7.1891093254089355,1.0463427305221558,254,0.030138228859987654,0.031336933,Low,Low
98,40,27.36809380805949,94.6222782225087,0.6140521739130436,6.5663676261901855,4.271340370178223,261,0.010654459663815074,0.0139784515,Low,Low
34,40,26.256479489503214,90.41403173185726,0.5407000000000001,7.0153069496154785,2.7802884578704834,289,0.015361609116071625,0.009412083,Low,Low
59,80,26.356065509128257,92.15665739175121,0.11254782608695653,4.78691291809082,2.2672626972198486,243,0.02516576259821493,0.03321093,Low,Low
41,40,26.254005350924793,90.70885488653465,0.528704347826087,6.17672061920166,0.9274099469184875,294,0.004788629179678869,0.0076200417,Low,Low
132,10,25.65380322860403,92.87684515013599,0.798508695652174,5.312078952789307,13.790706634521484,262,0.42687714479677596,0.21311077,Medium,High
64,40,26.559011892633556,90.24765265257075,0.542995652173913,6.768795013427734,2.780205488204956,256,0.002284941085275347,0.00479433,Low,Low
41,40,26.453215405633895,90.98775123705019,0.47119130434782613,5.2839860916137695,0.9274099469184875,264,0.010197003447216245,0.008796641,Low,Low
75,40,26.748541634361008,92.97936609465468,0.5271869565217391,5.599766254425049,2.967346429824829,276,1.6490788514484307e-05,0.010504896,Low,Low
74,10,26.652269898583377,92.72943836644367,0.5672086956521739,5.185412883758545,2.1245603561401367,308,0.0630631109448373,0.09841437,Low,Low
75,10,26.372650648035084,92.8539271413527,0.6673521739130436,4.861031532287598,1.3896739482879639,295,0.1484292310371387,0.16619758,Low,Low
149,10,26.216643354533023,93.79439904705644,0.6878913043478261,6.401499271392822,3.462402105331421,269,0.16419239791309867,0.08392506,Low,Low
62,10,26.256052351270668,92.29592897112624,0.5746826086956522,5.245450019836426,2.2656359672546387,290,0.043564972693070775,0.04323137,Low,Low
40,10,26.348069075341265,89.89201078468135,0.5999478260869565,7.240277290344238,4.2349467277526855,261,0.027837344869286938,0.023200478,Low,Low
24,40,24.62391498391574,92.86435898120607,0.5614913043478261,10.620712280273438,0.9274099469184875,276,0.192552776121891,0.14193358,Low,Low
112,10,26.737123696884808,92.08818045636242,0.657013043478261,5.102946758270264,3.4679834842681885,266,0.1586289424805468,0.061666243,Low,Low
105,40,26.76675159673369,94.49612121823401,0.5337565217391305,6.600009918212891,1.3923299312591553,269,1.6490788514484307e-05,0.005331834,Low,Low
62,10,26.616803845902787,91.27397863633378,0.5944,5.681514263153076,2.271547317504883,285,0.03621289204143139,0.05134003,Low,Low
47,40,26.455571639777478,91.0834182773521,0.5382347826086957,5.3788604736328125,4.241568088531494,275,1.6490788514484307e-05,0.011057124,Low,Low
82,40,26.807675334572462,93.31923993033865,0.5172608695652174,5.27598762512207,1.0390629768371582,283,0.010192169536323762,0.012474294,Low,Low
25,40,24.66790036087872,92.60957533337199,0.548495652173913,10.300514221191406,2.2409508228302,292,0.20465158012344273,0.108875565,Low,Medium
251,10,27.1382970015111,95.41527653687925,0.8205956521739131,7.033267021179199,9.923952102661133,321,0.2890532324278052,0.25252154,Medium,Medium
120,40,26.189955545444615,93.88167789627288,0.4883434782608696,6.630446434020996,2.066314935684204,277,0.0013532664626395561,0.007932176,Low,Low
51,10,26.37006670768932,90.20876310164743,0.6369434782608696,7.107200622558594,3.6126489639282227,270,0.08044170434621027,0.030185554,Low,Low
882,30,25.829033403274778,92.16817303193119,0.7130652173913044,5.842307090759277,9.591691970825195,290,0.3511336403696599,0.27100372,Medium,Medium
90,40,27.29034811799488,94.38254763684729,0.5950913043478261,6.622741222381592,1.395952582359314,278,0.0019247626967863925,0.0067912857,Low,Low
77,10,26.60962245588429,92.19217310807267,0.7060826086956522,5.199676036834717,2.271427869796753,280,0.12255397016566418,0.08818971,Low,Low
75,80,26.675990902874442,93.26488850701435,0.12987391304347826,5.18440580368042,6.470568656921387,273,0.12625325218346645,0.098782115,Low,Low
114,80,27.626843615734522,95.05392426085803,0.17002608695652174,6.945043563842773,3.4779205322265625,260,0.0034413086797349278,0.011809648,Low,Low
131,10,25.891872632446564,91.25984797603365,0.7138434782608696,6.019916534423828,14.535563468933105,279,0.7700216669640304,0.7380201,Very High,Very High
47,40,26.552440144338995,91.15951285656003,0.5320434782608696,5.522298336029053,0.9274099469184875,274,0.004506328213356362,0.012611636,Low,Low
284,10,25.362690329702154,93.17459261905796,0.7408956521739131,6.285632610321045,9.679558753967285,320,0.42262080921070844,0.37466505,Medium,High
128,60,26.732381359378593,90.59770860092266,0.4778391304347826,5.953362941741943,3.704791784286499,304,0.035386547745521524,0.043624308,Low,Low
56,10,26.35043241806434,91.75993195039356,0.5786826086956522,4.735503196716309,2.966093063354492,284,0.2271551003193598,0.09053876,Low,Medium
193,10,25.980443369878163,93.70497778538169,0.717004347826087,6.412547588348389,8.399226188659668,271,0.4797705357011453,0.33357728,Medium,High
526,10,26.317169878245775,93.04589475427571,0.7691217391304348,4.719132900238037,8.28909969329834,322,0.14144836726568535,0.03183054,Low,Low
44,60,26.440214317705195,90.91703746354624,0.07809130434782609,5.5009284019470215,1.3901231288909912,256,0.0034280486299922966,0.011764923,Low,Low
59,40,26.479278200072784,91.76371160946474,0.5152739130434784,4.724992275238037,2.071478843688965,270,0.013530164681468693,0.021279342,Low,Low
179,10,26.00695406756165,93.64511309402593,0.7370478260869565,5.88697624206543,2.1217541694641113,271,0.2017117761234749,0.13482271,Low,Medium
88,10,26.442748078593706,93.07146430133037,0.6615260869565217,4.923558712005615,0.9274099469184875,285,0.1688088312624642,0.12963445,Low,Low
532,10,25.961220543495198,92.39839451145801,0.6994478260869565,5.465873718261719,10.385170936584473,305,0.4301777710578781,0.49987206,High,High
30,40,24.68691057451087,92.7627485826219,0.6837260869565217,10.639286041259766,2.7802884578704834,271,0.24459536927644326,0.0984065,Low,Medium
262,10,26.06775340948697,92.55210927614516,0.7544391304347826,5.139039039611816,13.185038566589355,284,0.44630686883344606,0.33820564,Medium,High
131,10,26.75863272010207,94.71337590918287,0.7213086956521739,7.031772613525391,1.8543341159820557,280,0.049803354469399735,0.04254476,Low,Low
73,40,26.66086677143966,91.60935373104505,0.5345782608695653,5.328351020812988,2.074763298034668,298,0.0002574301182189814,0.011397157,Low,Low
171,10,27.248352975032514,95.41621541540303,0.6858782608695653,6.870290279388428,2.968963623046875,293,0.24937287157511254,0.11976463,Low,Medium
44,40,26.01218519640276,91.19968686391013,0.506595652173913,5.822479248046875,3.4602558612823486,278,0.0011307901668023848,0.020323014,Low,Low
532,10,26.472583806268858,93.27152201089855,0.8082217391304348,4.893712043762207,7.1606669425964355,315,0.12220776375879834,0.041343857,Low,Low
94,10,26.61324334555673,93.7860665854349,0.5704478260869565,5.972191333770752,2.2714829444885254,266,0.01535240935651579,0.01145543,Low,Low
42,80,26.21382208891972,91.46611724464424,0.4770478260869565,3.860436201095581,1.033703088760376,294,0.10040360381797044,0.07184327,Low,Low
106,40,25.78413413485692,93.06659177790453,0.5692478260869566,4.147935390472412,5.912937164306641,317,0.2609650557018583,0.29608932,Medium,Medium
92,40,26.518784116192037,94.12335856219934,0.5635130434782609,6.825425148010254,0.9274099469184875,299,0.003978081380639531,0.0072037834,Low,Low
86,40,26.77610340873652,94.15368621181952,0.4873217391304348,6.271997451782227,1.3923943042755127,271,1.6490788514484307e-05,0.0048781065,Low,Low
191,10,25.64616066512183,92.84305158628557,0.7791260869565217,5.882900238037109,7.222909450531006,312,0.29174936947007335,0.37149602,Medium,Medium
69,10,24.32449520162435,92.41735348694499,0.7829260869565218,10.25502872467041,9.207306861877441,257,0.3949140451792121,0.25776955,Medium,Medium
298,10,26.821988753642525,90.19923072811447,0.7204782608695652,5.378761291503906,0.0,254,0.26194466148809126,0.1518017,Low,Medium
88,40,26.58018650789255,93.39185189252801,0.6486521739130435,5.177553176879883,2.124242067337036,249,0.01572444279535353,0.011951809,Low,Low
249,10,26.059524027971857,92.48706167425775,0.7440521739130436,5.042422771453857,17.97072410583496,283,0.6644685949554237,0.5487037,High,High
72,40,26.729700644928585,92.80425421075296,0.6347608695652174,5.350993633270264,1.3920782804489136,272,0.019910948847068243,0.016099406,Low,Low
806,10,25.176377086516332,92.92695739702337,0.7794478260869565,7.975239276885986,19.14446258544922,314,0.7209627346663771,0.7090373,Very High,Very High
70,40,26.589393758381238,90.35007837653117,0.6157086956521739,6.838641166687012,0.9274099469184875,243,0.01231420805844957,0.008810522,Low,Low
95,10,26.906436671942796,93.50778283525575,0.7066608695652175,5.699370861053467,2.784926652908325,252,0.07802628145146578,0.051744603,Low,Low
21,40,24.93697245646634,92.71758701367885,0.5689304347826087,10.303535461425781,2.9618780612945557,301,0.25814720442268696,0.11067517,Low,Medium
95,40,26.827149732142345,94.54857817909942,0.4868565217391304,6.396636486053467,0.9274099469184875,286,0.001927681014276329,0.0074820225,Low,Low
93,40,26.500088032275045,94.1461796655575,0.5070565217391304,6.825425148010254,2.779418468475342,319,0.018878322467788835,0.012930171,Low,Low
580,10,26.36534547309632,93.20824828610493,0.7898608695652174,5.035647392272949,12.473121643066406,337,0.20242251060371694,0.09659459,Low,Medium
32,40,26.217283869569933,90.33093774208434,0.4359434782608696,7.684044361114502,2.12265682220459,292,0.045594789305017334,0.010481275,Low,Low
820,10,25.757641224114693,92.2711981818789,0.750413043478261,6.316733360290527,21.857318878173828,275,0.5477785591455259,0.4425457,High,High
52,10,26.45793617916711,90.12267535502501,0.592004347826087,7.000840187072754,2.1237034797668457,252,0.006427952748915522,0.012737865,Low,Low
228,10,25.630192702815982,93.43201522629968,0.8147521739130436,5.214955806732178,5.547544956207275,315,0.22759050522893667,0.13911682,Low,Medium
138,40,27.316112857133845,95.66249203409228,0.4949217391304348,6.769887924194336,1.3961340188980103,313,0.05770899878318012,0.03195558,Low,Low
115,10,26.748460277759904,91.39639269249818,0.6302869565217392,5.537591457366943,3.6214327812194824,259,0.14354930159085502,0.14564353,Low,Low
101,40,26.759798004171735,92.25533214095971,0.5606652173913044,5.712379455566406,1.0386232137680054,292,0.001371729496506882,0.0111617725,Low,Low
444,10,25.60097383241595,93.30527814354404,0.7794130434782609,4.695601940155029,14.547799110412598,366,0.595345352931793,0.4415344,High,High
106,40,26.74850657530856,94.46952659834419,0.5882217391304349,6.8369646072387695,1.392204999923706,272,1.6490788514484307e-05,0.0056582526,Low,Low
179,10,25.792519680369615,93.60036276110056,0.7167956521739131,6.039670944213867,6.7467780113220215,287,0.25763124799589926,0.24207006,Medium,Medium
99,10,26.853084766062313,93.20384339671492,0.7043565217391304,5.714778900146484,1.8543341159820557,267,0.07101326455466876,0.040507838,Low,Low
189,10,26.78694237545077,90.91096614229295,0.6516826086956522,5.258735179901123,21.31551170349121,281,0.9456172482359424,0.9640465,Very High,Very High
46,10,26.457941332793304,91.0106681163018,0.5798739130434784,5.543269634246826,1.390242099761963,261,0.01770875222333415,0.033770114,Low,Low
99,10,26.44078499347518,94.10348519983499,0.5929739130434784,6.754445552825928,1.3901268243789673,314,0.012215865123457445,0.03900457,Low,Low
1320,10,25.150517893561254,92.88316879361636,0.7127478260869565,8.099165916442871,15.031817436218262,323,0.5652003038333961,0.7677394,Very High,High
99,40,26.883191200637444,93.02073977816829,0.5574173913043479,5.644434928894043,0.9274099469184875,259,5.634232869954597e-05,0.0075421357,Low,Low
372,10,25.649829112620576,93.24849667780346,0.7202217391304349,4.231325149536133,22.992279052734375,332,0.7119112094154665,0.6612098,High,Very High
85,40,27.17703206758887,94.2990744696894,0.5536913043478261,7.532744884490967,0.9274099469184875,292,0.0002574301182189814,0.0074506467,Low,Low
84,10,26.129090418136126,92.97291878008711,0.5867826086956522,5.287857532501221,5.547544956207275,300,0.18462064036476317,0.19167398,Low,Low
433,10,26.217261470218943,93.6762798502504,0.8066869565217392,6.3029632568359375,26.857053756713867,335,0.3889931189700887,0.54031473,High,Medium
151,10,27.49522674207881,95.65028521718256,0.7708217391304348,6.650227069854736,1.3974000215530396,291,0.09428550918572297,0.07973002,Low,Low
80,40,26.917880612943712,93.93522301733638,0.35042173913043484,7.0864033699035645,0.0,278,0.008357572705457,0.0057207514,Low,Low
141,40,27.5298110415649,95.65279156435997,0.619504347826087,6.963757514953613,2.2870211601257324,281,0.04277325790752297,0.021830413,Low,Low
170,10,26.505748763652548,93.18830835210416,0.7891,4.950605869293213,6.262318134307861,262,0.24972814146835196,0.13272163,Low,Medium
85,10,26.63019962386707,90.40336618267315,0.6377521739130435,6.65481424331665,2.7811641693115234,266,0.033469567790285516,0.026276395,Low,Low
102,40,27.105303320509858,94.94762522637494,0.6690434782608696,7.21180534362793,1.394660472869873,259,0.000109471354379044,0.0064996067,Low,Low
102,10,27.165024283619896,94.98229400483046,0.6404304347826087,7.009227752685547,1.8543341159820557,254,0.001987976885919375,0.017183617,Low,Low
83,10,26.089479808506653,92.25426941601921,0.6624652173913044,5.510480880737305,10.257706642150879,297,0.691189788436861,0.7688777,Very High,High
734,10,26.444553024003113,93.3417733486526,0.7781304347826087,5.029776573181152,8.974708557128906,323,0.1719932782505982,0.09925259,Low,Low
72,40,26.469715358753568,92.78273114851825,0.5412043478260871,4.9536452293396,2.7790091037750244,299,0.004306066047807459,0.021166304,Low,Low
79,10,26.75212772236835,92.76962612115351,0.5966521739130435,5.062507629394531,0.9274099469184875,267,0.07979907713097001,0.048929747,Low,Low
190,10,25.93269285803944,93.59854932750333,0.7216173913043479,5.759420871734619,10.960683822631836,266,0.5718475464373436,0.6508264,High,High
87,40,27.20332729241588,94.32037741269075,0.6481304347826087,7.327713966369629,1.3953436613082886,280,0.006434850310559961,0.008775131,Low,Low
255,10,26.281371100190427,92.85604770348905,0.7794913043478261,4.752241611480713,24.265663146972656,269,0.6049938858585692,0.30600595,Medium,High
122,10,26.776188474513987,91.24743816702279,0.7812217391304348,5.255856513977051,3.468407154083252,262,0.20517675464730967,0.059670508,Low,Medium
69,60,26.543817215773522,92.19352615146362,0.5043391304347826,4.95704984664917,2.270341157913208,288,0.0389645599477002,0.06372512,Low,Low
101,40,26.758574738145274,94.29788640776479,0.5933652173913043,6.2025628089904785,3.2477967739105225,266,0.0007253058658801374,0.005650907,Low,Low
102,40,27.417436590314683,94.4883159716471,0.5383173913043479,6.8643975257873535,1.8543341159820557,269,1.6490788514484307e-05,0.0039724736,Low,Low
893,10,26.322763428395813,93.43001256157123,0.8022086956521739,4.986250877380371,8.272138595581055,323,0.12920911669905866,0.056365933,Low,Low
120,40,27.279580598277384,95.35725949955753,0.5422913043478261,7.017596244812012,2.282707691192627,278,0.0032615383709114643,0.005605112,Low,Low
130,40,27.900434187503812,95.53892129717258,0.6750739130434783,10.538386344909668,2.2935259342193604,283,0.37179869728459974,0.279996,Medium,Medium
69,10,26.519734004834834,91.99555003343805,0.5452565217391304,4.716253757476807,1.0364435911178589,294,0.1362057549326434,0.16420972,Low,Low
145,10,24.649685000025595,92.22687317241015,0.8068130434782609,10.188994407653809,2.240682363510132,254,0.46902644322886905,0.3675817,Medium,High
105,10,26.81390530323877,94.54698682955869,0.6435695652173913,6.396636486053467,4.251326084136963,283,0.05354350776017598,0.06614537,Low,Low
558,10,26.82721933222804,91.51809057825854,0.7862565217391304,5.197009563446045,23.322486877441406,302,0.3856681011266078,0.46846762,High,Medium
551,10,25.033354847133346,92.79204384623603,0.7984434782608696,10.065181732177734,18.57297134399414,296,0.40709827990556513,0.34460732,Medium,High
117,40,27.739707794860614,95.11328483579021,0.5831000000000001,7.419801712036133,3.274177312850952,275,0.0040187876590284085,0.010974659,Low,Low
645,10,25.50513034464046,92.66556552743332,0.6923826086956523,6.361863136291504,10.36116886138916,309,0.5652409108682016,0.5787879,High,High
26,80,25.73780448282716,89.87366003295298,0.0988217391304348,7.226680755615234,2.120615005493164,289,0.03279536224795128,0.009228586,Low,Low
91,80,27.030986369040654,94.50665202768391,0.05931000000000001,6.038642406463623,2.7866435050964355,302,0.007978062748743171,0.010480256,Low,Low
878,10,25.635110345961802,92.53362147644393,0.7482130434782609,6.341352462768555,14.209506034851074,312,0.2894837435361913,0.20467325,Medium,Medium
92,40,26.625604333244468,94.16896947752419,0.5277391304347826,6.886513710021973,2.2716896533966064,269,0.0024003663768099623,0.004109931,Low,Low
79,40,26.871110834225018,93.80444054404016,0.5733478260869566,6.226323127746582,2.1255366802215576,262,0.004229278509397066,0.0054862713,Low,Low
92,40,26.712839053747555,91.99325960790732,0.5807521739130436,4.866212844848633,2.273136615753174,268,0.057478195872232594,0.038610436,Low,Low
73,40,26.6683396444698,92.90718395844894,0.512308695652174,5.30403470993042,0.9274099469184875,268,0.0037300326056683296,0.007635024,Low,Low
365,10,25.686568329785857,92.74630906158305,0.7850521739130435,5.634230136871338,3.220496892929077,310,0.19492211287708594,0.16975495,Low,Low
115,10,26.658765387278265,90.67859044687519,0.8079260869565218,5.264476776123047,3.2451837062835693,275,0.19561518595370206,0.055437833,Low,Low
48,40,26.416645118835277,90.00344996420753,0.5162217391304348,7.435059547424316,1.3899669647216797,255,0.002395556761937485,0.0047230115,Low,Low
399,10,26.413703875835076,93.63367804245618,0.7590217391304348,5.810903072357178,19.97092056274414,310,0.7000896269190848,0.75131553,Very High,Very High
100,10,27.112036913164427,94.89320959967088,0.5849478260869565,7.077924728393555,3.25714111328125,261,0.014119504927729058,0.016547184,Low,Low
446,10,25.445414444675567,93.4413133893193,0.6879913043478262,5.408249378204346,5.443930625915527,345,0.6428395266724376,0.7137783,Very High,High
49,40,26.268376464535564,91.57296635310963,0.6444565217391305,4.967431545257568,0.0,281,0.06797586369095127,0.021296484,Low,Low
109,40,26.276010779935756,94.00436147283304,0.46656956521739135,6.7655253410339355,1.3890310525894165,292,0.001927681014276329,0.0065403897,Low,Low
52,60,26.340660085597502,91.64416768058493,0.5509304347826087,4.896826267242432,1.389459252357483,297,0.040764098817715456,0.042652946,Low,Low
132,40,26.788496889210947,92.0643217536915,0.5592478260869566,5.239715576171875,0.9274099469184875,289,0.0009263936553995729,0.0139363855,Low,Low
75,40,26.43030342309079,92.89700877689503,0.6387739130434783,5.226619243621826,0.0,291,0.023161541343670797,0.020747062,Low,Low
108,40,27.561557691246623,94.68310715331,0.5690913043478262,6.429647922515869,4.2784600257873535,265,0.006174225936378127,0.010142119,Low,Low
47,40,26.375029309415957,91.59161553859097,0.5271260869565217,5.032259941101074,0.9274099469184875,289,0.004442253790176057,0.01687586,Low,Low
108,40,27.45674734276328,95.07143463132815,0.6414869565217391,6.7950215339660645,1.3971260786056519,265,0.004448679867847617,0.0071581476,Low,Low
64,40,26.24703511995118,92.69676948924713,0.5844913043478261,4.773712158203125,0.0,288,0.03448321111310447,0.03155365,Low,Low
127,10,27.831759223449303,95.65957681714978,0.6345608695652174,8.412005424499512,3.849562406539917,317,0.09700340141724173,0.18924521,Low,Low
85,10,24.634988306501615,92.39046474695566,0.7636000000000001,10.016010284423828,16.00143051147461,254,0.5677158973849805,0.41136235,High,High
24,10,24.847036769784722,92.89593234969887,0.5018173913043479,10.811081886291504,3.8424148559570312,275,0.11183418401272109,0.21969657,Medium,Low
25,40,24.605328365503123,92.32542272996777,0.5218826086956522,10.01362419128418,1.020012378692627,258,0.027717084708348296,0.025469722,Low,Low
27,40,24.80519406241865,92.98118188454609,0.5420086956521739,10.75383472442627,4.080118656158447,292,0.33117739623262366,0.28112325,Medium,Medium
68,10,24.333799842511738,92.55444245323065,0.7186304347826087,10.613640785217285,11.057768821716309,283,0.4145783240943268,0.45149422,High,High
604,10,25.193652312397415,93.09405680420969,0.7450304347826088,7.909976959228516,8.531829833984375,315,0.7775627249400114,0.8798877,Very High,Very High
423,10,27.573024015942387,94.42563076343006,0.8121608695652175,6.575724124908447,18.11206817626953,288,0.3243494014630948,0.2314144,Medium,Medium
76,60,26.87928532919441,92.82707183799656,0.48103913043478264,5.594241142272949,2.1255741119384766,282,0.012698546487634913,0.030506749,Low,Low
96,40,27.179995916374725,94.65446156919968,0.6283739130434783,6.547702312469482,3.2589609622955322,289,0.02138606728098745,0.016656354,Low,Low
59,40,26.56905272549105,90.08591439888868,0.5076391304347826,7.253879547119141,2.124191999435425,242,0.0017265932247568939,0.0076706465,Low,Low
23,40,24.891709125776995,92.88373617728844,0.6346782608695652,11.014810562133789,1.380200743675232,278,0.4665426532577186,0.42366937,High,High
72,10,26.071839308007995,91.93366860514158,0.5514521739130436,4.920051097869873,6.8966827392578125,295,0.41559320630637897,0.39985424,Medium,High
22,40,24.751053299228868,92.95504353087551,0.36695714285714287,10.440208435058594,1.0212033987045288,292,0.3733701406369814,0.12388075,Low,Medium
46,10,24.593899358422608,92.74110864154534,0.7490739130434784,10.993932723999023,6.7736711502075195,270,0.48193315907827583,0.40118134,High,High
43,60,26.25484167780433,90.76882366541442,0.3964695652173913,6.148016929626465,0.9274099469184875,298,0.032699887018012914,0.013340133,Low,Low
49,40,26.524410572023257,90.83757759514552,0.5898434782608696,5.9711833000183105,2.1239960193634033,295,0.012578215227709477,0.0051103267,Low,Low
122,40,27.554806114561586,95.26725010862981,0.653804347826087,6.9186015129089355,1.3978228569030762,249,0.005031492385987924,0.0066267615,Low,Low
103,40,26.85715409359413,92.54777133275685,0.5085086956521739,5.422721862792969,2.275542974472046,299,0.002708505170631954,0.013622098,Low,Low
139,40,26.146981502404305,93.77377026804997,0.6561260869565217,6.249173641204834,2.0655527114868164,260,0.04982979339448276,0.016765615,Low,Low
59,40,26.14247461143482,92.25849991887961,0.5474608695652174,5.5684309005737305,3.704791784286499,287,0.0002574301182189814,0.02415253,Low,Low
144,10,27.527504689209533,95.65570159424925,0.6250608695652174,6.963757514953613,0.9274099469184875,279,0.0961473194306344,0.07878845,Low,Low
112,60,27.367860956340127,94.13149956310457,0.48558260869565223,7.489241123199463,4.170169830322266,274,0.007725889483064663,0.02796042,Low,Low
263,10,25.51495687704125,93.17476219222112,0.789795652173913,5.123058319091797,13.514715194702148,324,0.26329929408133884,0.19946994,Low,Medium
107,40,26.985150205008797,94.9789141412113,0.5452565217391304,7.669189453125,1.8543341159820557,263,0.0008923667276948814,0.0054719336,Low,Low
500,10,25.085643399199466,92.86384601764212,0.7865130434782609,8.915966987609863,20.054061889648438,282,0.6889697651517018,0.58218044,High,High
77,40,26.782404337175464,92.89985966553098,0.5322,5.069534778594971,3.2484230995178223,285,0.005268182806391025,0.02102194,Low,Low
65,10,26.511003137926817,90.54273435455026,0.5727826086956522,6.701885223388672,4.6273674964904785,281,0.05080135185327635,0.054886173,Low,Low
48,10,26.122175076969715,91.41930622788107,0.5385304347826088,4.11247444152832,5.5601043701171875,280,0.3612630872818771,0.35716358,Medium,Medium
134,40,27.562603641309913,94.43646832370911,0.5944217391304348,6.575724124908447,1.3978782892227173,264,0.0017265932247568939,0.007568973,Low,Low
81,40,26.997777705134705,93.96923048586869,0.5705826086956522,7.686824798583984,1.040812373161316,249,0.003398642022747565,0.006545901,Low,Low
98,10,25.842743171887484,92.77904132553313,0.742595652173913,5.860640048980713,2.1210572719573975,315,0.13111429148581294,0.1086827,Low,Low
843,10,26.22038097994907,93.53471458518847,0.8333565217391304,5.558996200561523,14.522507667541504,338,0.2062645089677924,0.15252915,Low,Medium
117,80,27.67144735572115,95.29190956497771,0.01757826086956522,7.614662170410156,2.7956485748291016,288,0.0002574301182189814,0.010051946,Low,Low
277,10,25.321194969675847,93.13352372874556,0.6926521739130436,7.105077266693115,13.377531051635742,324,0.8217577895611989,0.8114885,Very High,Very High
68,40,26.06150953290698,92.89846282900456,0.45077826086956524,5.460350036621094,3.845167636871338,276,0.006494937953640046,0.021035725,Low,Low
678,10,25.6924464086242,92.63438428159192,0.768304347826087,5.9567790031433105,9.607388496398926,302,0.22380456737743862,0.16240987,Low,Medium
76,40,26.43562758648921,92.9745835613139,0.6623434782608696,5.052363395690918,2.268561363220215,291,0.046005700741609555,0.022763839,Low,Low
487,10,25.047717110170552,92.98965528102255,0.7942304347826087,9.31305980682373,17.45090103149414,315,0.4968024289929407,0.49965376,High,High
131,10,27.33305053425833,95.45482742397027,0.6978173913043478,6.727466106414795,3.635369062423706,316,0.14273704130443424,0.1581882,Low,Low
15,10,24.591533731577197,92.405103417107,0.5858260869565217,10.154508590698242,1.3783776760101318,263,0.24635756977692896,0.26153222,Medium,Medium
315,10,27.275543330175402,95.89655550146878,0.8042739130434783,7.020942687988281,16.805601119995117,304,0.2915511666491686,0.28454205,Medium,Medium
61,40,26.21400501877717,92.5943437120721,0.3205608695652174,4.68540620803833,1.0337055921554565,295,0.014592150940598953,0.022167902,Low,Low
53,10,26.28198731457825,91.426265894724,0.5277565217391305,4.439283847808838,1.8543341159820557,282,0.22399505575070602,0.13634373,Low,Medium
442,10,26.547391128725017,93.59766698190141,0.7911565217391304,5.27836799621582,9.94077205657959,321,0.2609656846811705,0.11155026,Low,Medium
821,10,26.255092456046157,93.57796857807249,0.7766565217391305,5.593973636627197,29.28169059753418,335,0.6184729926117682,0.6612827,High,High
119,10,27.231241342681614,95.25875587480613,0.6960652173913043,7.132602691650391,1.3955398797988892,278,0.012731637097423672,0.030500444,Low,Low
90,10,26.913535231971103,94.27375669490888,0.6247,6.682145118713379,3.4699132442474365,272,0.04593579793867117,0.094417915,Low,Low
530,10,26.019031396951387,92.45914601562525,0.7049478260869565,5.167645454406738,22.643291473388672,313,0.8281307151252222,0.9076918,Very High,Very High
130,50,27.57992340686519,95.48795398006983,0.6903173913043479,7.1891093254089355,0.9274099469184875,257,0.08594549509712071,0.03584285,Low,Low
57,40,26.289708708951235,92.17391038742132,0.5522173913043479,5.014655590057373,2.1229708194732666,274,0.0031052583235987325,0.010885218,Low,Low
129,10,27.55176972054697,95.50855793362452,0.7037,6.988945960998535,1.8543341159820557,270,0.03573291459608126,0.02841354,Low,Low
88,40,26.631108091356268,93.82997672096802,0.5299434782608696,5.917891502380371,0.9274099469184875,288,0.0002574301182189814,0.005995923,Low,Low
805,30,25.69395588009336,92.47357796483404,0.501108695652174,5.916670799255371,2.1204309463500977,304,0.2294662447651225,0.07138411,Low,Medium
124,10,25.623711423547718,92.94982328260535,0.7536739130434783,5.260175704956055,2.0564305782318115,278,0.05901240118824723,0.050693408,Low,Low
91,40,27.314731917317232,94.37236920503676,0.5783434782608696,6.854546070098877,1.0437692403793335,283,0.003324488509946346,0.005910041,Low,Low
40,10,24.334445516016086,92.50752554089374,0.7043347826086958,10.591166496276855,4.064878463745117,276,0.2984208565802724,0.37305728,Medium,Medium
252,10,25.4319372800634,93.10231245009892,0.7730347826086957,6.034143447875977,13.111624717712402,307,0.4736317188799331,0.45121497,High,High
115,80,27.297199755467478,95.33130035142317,0.47107391304347834,7.081557273864746,7.324515342712402,272,0.3198554584632956,0.20505384,Medium,Medium
102,10,27.29388375648039,94.8109087846285,0.4737,6.5401930809021,4.249067306518555,263,0.039153680679560654,0.031184647,Low,Low
292,10,26.03893269594506,90.55087393172387,0.6634130434782609,6.555331230163574,13.181902885437012,315,0.7883351665086201,0.825189,Very High,Very High
138,10,25.661184829087297,92.87238950869536,0.795704347826087,5.312078952789307,9.226561546325684,268,0.36363483900660665,0.15814152,Low,Medium
49,40,26.328059030999373,91.46951522038255,0.6172130434782609,4.545028209686279,2.1231372356414795,297,0.09076916650308518,0.04365346,Low,Low
51,40,26.476138152826167,90.44424265760759,0.5564956521739131,6.904965877532959,3.240450382232666,280,1.6490788514484307e-05,0.005977037,Low,Low
134,40,26.793925416897423,92.09933011558306,0.3784347826086957,5.239715576171875,3.622502565383911,306,0.02278088357841113,0.031988006,Low,Low
127,40,27.460105518581763,95.43704055503498,0.6688086956521739,6.970921516418457,1.0451436042785645,265,0.0036528111372659167,0.0077157957,Low,Low
50,40,26.302180807989675,90.06503421196119,0.6333000000000001,7.126979351043701,2.1230249404907227,267,0.01907187191804952,0.008148542,Low,Low
22,40,24.656708786681342,92.29457685270452,0.5580173913043478,10.014920234680176,1.8543341159820557,255,0.03881849806999253,0.02373625,Low,Low
90,10,25.980754550377036,91.29175947516312,0.7374869565217391,5.039600849151611,8.429105758666992,283,0.3148714752061296,0.2677411,Medium,Medium
62,40,26.007607697414354,92.73382220957495,0.48555652173913044,5.570339202880859,2.261629819869995,291,0.00972298397679362,0.014977735,Low,Low
69,10,26.566078609369505,92.03674294108528,0.6586913043478261,5.124284744262695,1.8543341159820557,288,0.06928548210476533,0.07465997,Low,Low
380,10,26.431785942059165,93.438634170357,0.7909652173913043,5.368814945220947,14.554594993591309,323,0.24832339285109303,0.16407634,Low,Medium
82,80,26.877329922038985,93.97359299066142,-0.07859000000000001,6.9516119956970215,1.3930859565734863,265,0.004087315675255835,0.0069005173,Low,Low
48,40,26.215999099289483,89.91069996919305,0.6675608695652174,7.432221412658691,3.609121322631836,279,0.057065612539038274,0.015649017,Low,Low
110,10,26.862239001225507,93.13053339129544,0.6596695652173913,5.714615821838379,2.0784409046173096,284,0.042235903087945295,0.058590367,Low,Low
355,10,26.24036148236749,93.27782678579034,0.7731086956521739,5.0958123207092285,16.274545669555664,338,0.6304760188694147,0.7097316,Very High,High
52,10,26.323585954055694,89.98446773542011,0.6884565217391304,7.15976095199585,2.266733169555664,289,0.04188382256717358,0.026340649,Low,Low
57,40,25.95055424868585,91.47310425857104,0.6086043478260871,4.527653217315674,3.2270734310150146,266,0.07062250494028832,0.03020066,Low,Low
71,10,26.58969316243954,92.29223305851873,0.5378304347826087,5.342687129974365,1.037076473236084,252,0.024593367976982736,0.027478648,Low,Low
57,40,26.49138240924701,90.45487981097868,0.5008695652173913,6.759301662445068,0.9274099469184875,278,0.0019247626967863925,0.0064002513,Low,Low
112,40,27.54409128723314,94.52427832300995,0.5226739130434783,6.507853984832764,2.2872674465179443,288,0.0002574301182189814,0.006652207,Low,Low
66,10,26.36266327335669,92.67183008938616,0.5370652173913043,5.034139156341553,2.12328839302063,333,0.07686285354094903,0.08457794,Low,Low
238,10,27.394846046536024,96.00093332229771,0.7439130434782609,7.544898509979248,8.739748001098633,269,0.5015116943120438,0.2761566,Medium,High
34,10,24.874560778597676,93.05926751978524,0.668813043478261,9.984757423400879,6.464860916137695,297,0.44327698065251364,0.36602458,Medium,High
75,40,26.80652652395205,93.61556778791702,0.5378565217391305,5.635316371917725,3.704791784286499,259,5.634232869954597e-05,0.013533618,Low,Low
81,40,25.953256080222417,92.93784814330523,0.46155217391304354,5.23446798324585,3.459639549255371,300,0.0044491382527912645,0.028635772,Low,Low
77,40,26.76441879947766,93.87209470862774,0.5206086956521739,5.981082916259766,5.068297863006592,282,0.05793186725570563,0.030709287,Low,Low
157,30,26.219611313208752,90.2789133529435,0.6775565217391304,7.907287120819092,23.89283561706543,293,0.9054593569267201,0.9560918,Very High,Very High
146,40,27.36686563591483,95.8137679639456,0.6964391304347827,7.102043628692627,1.8543341159820557,304,0.06167435669740172,0.022528503,Low,Low
55,40,26.55314459303318,91.33297808868515,0.5355695652173913,5.560474872589111,2.0728108882904053,260,5.634232869954597e-05,0.009063864,Low,Low
79,40,26.658608597589676,93.36480066758696,0.6404608695652174,5.197147846221924,3.2451837062835693,265,0.03738580233754421,0.017594224,Low,Low
97,10,26.84269349099168,92.6556324159892,0.7087739130434784,5.625732421875,2.784055471420288,294,0.06996763943226633,0.05764562,Low,Low
148,10,27.47412056497153,95.74314735365333,0.7367652173913043,6.839957237243652,1.045275330543518,281,0.11244091740012342,0.052275077,Low,Low
44,80,26.174334959772064,91.72280465268898,0.11516521739130435,4.101754188537598,0.0,284,0.08684180040351906,0.04824557,Low,Low
81,10,26.61326939565379,93.3312934482441,0.6968217391304349,5.231769561767578,1.8543341159820557,262,0.0745673984953722,0.04729249,Low,Low
283,10,25.629489439766093,93.39470913133776,0.7652652173913044,4.930422306060791,8.224774360656738,331,0.25331694770304236,0.17948416,Low,Medium
81,10,26.745697473931695,91.02887127106099,0.7922826086956523,5.461362361907959,1.3921879529953003,284,0.12641375819671594,0.05765934,Low,Low
212,10,25.71321834013871,92.80205440671983,0.7389608695652174,5.638261318206787,5.060739517211914,272,0.26142481004180484,0.24754436,Medium,Medium
38,40,26.176420956775488,91.06237535832751,0.3857913043478261,5.3499531745910645,4.52164888381958,252,0.03811063181569044,0.012642734,Low,Low
100,10,26.796396902239906,92.50819642884358,0.6056652173913043,5.689397811889648,2.2745299339294434,284,0.05682211042839629,0.052286264,Low,Low
28,40,24.767798103370012,92.56662814517904,0.6249173913043479,10.317988395690918,1.3794440031051636,250,0.3218905296035879,0.1974925,Low,Medium
41,40,26.382475936061606,90.57744704637635,0.6173217391304349,6.755617618560791,4.740769863128662,273,0.0664354176275167,0.026773207,Low,Low
280,10,24.405495322495916,92.84859559142893,0.7985434782608697,10.16234302520752,15.866729736328125,269,0.43566347645027403,0.19860026,Low,High
91,40,27.084233561142543,94.40676946474326,0.5275695652173913,6.357274532318115,2.0825388431549072,299,0.0015942057923440532,0.006841224,Low,Low
191,10,26.05185330810108,92.52599668096042,0.7001565217391305,5.0839152336120605,10.39001178741455,270,0.5853759253812182,0.7324104,Very High,High
364,10,25.401804032604662,93.32923328856182,0.7757608695652174,5.683224201202393,11.925759315490723,328,0.5475413312597616,0.5660518,High,High
57,40,26.314024331894807,92.31409390631995,0.4655,5.063915252685547,0.0,270,0.003160409237297596,0.010011911,Low,Low
40,40,26.27283143177633,90.60774611580699,0.5613739130434783,6.497896194458008,5.157731533050537,301,0.06638294625089583,0.036119435,Low,Low
23,40,24.857343183802172,92.76936906618958,0.5094913043478261,10.461831092834473,4.93349027633667,289,0.3087376626842021,0.30771297,Medium,Medium
91,40,26.81923927121951,94.36007770345454,0.4810652173913043,6.223923683166504,4.244775295257568,271,1.6490788514484307e-05,0.009571497,Low,Low
52,50,26.54902014885016,90.77185611491264,0.6163217391304349,6.22576904296875,3.465944766998291,285,0.0911094628656051,0.07888951,Low,Low
64,10,26.522259414086246,91.61506941530315,0.5584652173913043,5.121142387390137,2.966630697250366,260,0.04734805098057082,0.02993755,Low,Low
90,40,27.299772398929363,94.16773837175383,0.5672434782608696,7.554843425750732,5.004461765289307,270,0.05423831500882033,0.025507962,Low,Low
51,10,24.399579173862257,92.38804941815143,0.6550956521739131,9.901175498962402,6.359806060791016,261,0.2485681257575889,0.18646853,Low,Medium
57,40,26.290063379372874,92.341857580057,0.4912260869565217,5.166798114776611,1.0343828201293945,287,0.001927681014276329,0.012160818,Low,Low
112,10,24.98847930725202,92.89243918818642,0.8146826086956522,10.40762996673584,14.724790573120117,303,0.32058397366460106,0.19870368,Low,Medium
56,10,24.585298779702562,92.89430473309548,0.7504173913043478,10.529097557067871,1.378339171409607,263,0.4257827844578748,0.26903942,Medium,High
49,40,26.220321329203877,89.92101440460894,0.6444478260869565,7.432221412658691,1.0337623357772827,277,0.026155591858457387,0.009899447,Low,Low
48,10,24.613193983478055,92.51082286088986,0.6823130434782609,10.16728687286377,12.525777816772461,276,0.5930290436397402,0.7666985,Very High,High
46,40,26.07489137542958,90.95624078921949,0.6116869565217391,5.633646011352539,3.4609122276306152,294,0.041805406999388825,0.02285692,Low,Low
60,80,26.524396557069544,92.28849364584924,0.21378260869565216,5.187835693359375,1.3906896114349365,278,0.003533758784889782,0.013651787,Low,Low
104,10,26.622119307764144,94.23125497199796,0.704604347826087,6.891092300415039,0.0,275,0.04432758380073436,0.03438109,Low,Low
98,40,27.219133099699402,94.01113010261794,0.531,8.692262649536133,3.8479886054992676,251,0.006579357497524088,0.014114489,Low,Low
96,40,26.891207685152942,93.40649489253755,0.5611826086956522,5.699769973754883,2.125626564025879,271,1.6490788514484307e-05,0.008473405,Low,Low
24,40,24.689967723260093,92.8601985449362,0.48068695652173915,10.682052612304688,0.0,263,0.27809897300382075,0.1614404,Low,Medium
54,10,26.23249252610132,89.929922071241,0.6896173913043478,7.432221412658691,1.0338709354400635,296,0.049407285264518215,0.027836163,Low,Low
103,40,27.096925104004992,95.03317555245708,0.5320826086956523,7.33643102645874,2.279590368270874,264,5.634232869954597e-05,0.004810771,Low,Low
40,10,24.33833836963649,92.5012331281508,0.6608347826086958,10.591166496276855,3.568490505218506,263,0.1845264201213041,0.26291317,Medium,Low
141,10,26.009178107370637,92.23146657609509,0.7445478260869566,5.280581951141357,13.038962364196777,316,0.6444634924874907,0.65636057,High,High
84,10,25.984621386897143,92.99479701676901,0.5952913043478262,5.172408103942871,6.464860916137695,271,0.2275984469631172,0.18121915,Low,Medium
274,10,26.83531156966579,90.22062369977516,0.744504347826087,5.402279853820801,1.3927985429763794,267,0.2616736004425395,0.12461202,Low,Medium
100,40,27.47100631104226,94.37500050446856,0.5536130434782609,6.9679789543151855,0.9274099469184875,285,0.0002574301182189814,0.005935808,Low,Low
69,10,26.63142874825917,91.62350392510815,0.5346695652173913,5.184210777282715,3.2444748878479004,274,0.057308648118469536,0.064032406,Low,Low
49,10,24.502521581495362,92.39904097226791,0.6855565217391304,10.426803588867188,10.18519401550293,282,0.5024129421221741,0.54513085,High,High
116,10,26.773202139282276,94.73070870756793,0.7360260869565217,7.031772613525391,0.9274099469184875,277,0.045300950344068,0.03641261,Low,Low
80,10,26.63554079371312,90.54093293379226,0.5828260869565217,6.585745811462402,1.3914393186569214,282,0.04027966878950842,0.026071457,Low,Low
136,10,26.14857879815485,91.70464855265375,0.5896173913043479,4.535181045532227,21.169124603271484,306,0.974089948667266,0.97178143,Very High,Very High
57,40,26.433503349263017,91.79191077875424,0.5241652173913043,4.703038692474365,0.9274099469184875,291,0.007220985324481008,0.021544976,Low,Low
226,10,26.560532363309346,93.26879821796828,0.7473304347826087,5.05623197555542,15.290470123291016,265,0.5199929792517087,0.2880084,Medium,High
440,10,26.41080582121014,93.5861125435027,0.8136826086956522,5.596820831298828,27.39214515686035,308,0.2885618496088971,0.3879517,Medium,Medium
19,40,24.92760449189727,92.75039714450307,0.48099565217391305,10.539266586303711,3.202097177505493,297,0.2638893519864647,0.10785416,Low,Medium
123,10,25.893272811681847,91.43167118381052,0.7132826086956522,5.817934513092041,20.247713088989258,272,0.899668490136174,0.8881848,Very High,Very High
97,40,27.44457566221505,94.55449279213748,0.5646478260869565,6.960279941558838,2.792419910430908,281,1.6490788514484307e-05,0.0056685237,Low,Low
82,10,26.796936975682417,92.84435114934803,0.5749826086956522,5.041073799133301,2.077244758605957,293,0.06397771007155517,0.075064905,Low,Low
67,40,26.425661688456767,92.773675132972,0.5507478260869565,4.863648891448975,2.77841854095459,271,0.032137047234385464,0.038260315,Low,Low
152,10,27.34227456601359,95.6439368802863,0.6999304347826087,6.511815547943115,2.969273805618286,314,0.15412438215350904,0.13455166,Low,Low
349,10,25.7778567645353,92.64525153428878,0.8227913043478261,5.923232078552246,24.45040512084961,306,0.30741353021498424,0.3867498,Medium,Medium
109,40,26.514480441192227,93.69396137349413,0.639713043478261,5.690851211547852,1.3906223773956299,276,0.01265235119271059,0.016305393,Low,Low
84,40,26.87090342290461,93.51556421228935,0.5607826086956522,5.60741662979126,1.0396441221237183,266,0.0014884259181279418,0.008587088,Low,Low
109,10,27.163277944551627,95.12049565154044,0.6443130434782609,6.957279205322266,0.9274099469184875,253,0.0016886878562332522,0.017542744,Low,Low
41,40,26.37032351831047,89.86377348669095,0.5162478260869565,7.4407639503479,0.0,239,0.006497933408429865,0.009225857,Low,Low
107,40,27.54223376925042,94.7202921504386,0.5064565217391305,6.300843238830566,1.0459219217300415,257,0.002840892603044794,0.0052498914,Low,Low
108,10,27.406912394386218,94.95125175000112,0.6918217391304349,6.7071380615234375,1.3967722654342651,256,0.007936261163613593,0.020908246,Low,Low
81,40,26.720301851482045,92.57404420161197,0.5428347826086958,5.799473762512207,4.243896484375,311,0.0420521785636302,0.052667946,Low,Low
66,60,26.075922483433004,92.80444793687194,0.43087391304347833,5.489593982696533,2.9652469158172607,321,0.06311145743377695,0.03654023,Low,Low
129,10,24.433943449424778,92.49436999978124,0.754104347826087,10.404754638671875,6.543280124664307,277,0.31652372993757544,0.3303487,Medium,Medium
71,80,26.631566438711992,92.92784655584092,0.18286521739130435,4.956025123596191,2.0742287635803223,311,0.05960594254896063,0.044390697,Low,Low
108,40,27.485120368282242,94.8848123477331,-0.027960000000000002,6.682925701141357,1.045380711555481,277,0.00558559133720498,0.005130637,Low,Low
398,10,25.449790859295252,93.29042598220677,0.7420304347826088,5.829061985015869,10.665310859680176,326,0.5787696853306664,0.63611466,High,High
106,40,25.989528239807353,93.12014914965249,0.5322652173913043,5.08707857131958,2.964982509613037,288,0.004100481087396736,0.017999155,Low,Low
92,10,27.131539261965067,94.26221053896492,0.6452826086956522,7.103990077972412,4.247587203979492,303,0.05644922462776665,0.063790016,Low,Low
107,10,27.186865557379672,95.03473666484501,0.5429739130434783,6.929147243499756,1.3952292203903198,257,0.014676880868834109,0.012631603,Low,Low
90,40,26.634716135338888,94.08787284325435,0.622495652173913,6.487797737121582,2.271841526031494,272,0.0025846030785529215,0.011710099,Low,Low
626,10,25.226015160123573,92.98071482980369,0.7813608695652174,7.702800273895264,15.024868965148926,332,0.8859865555914335,0.89969283,Very High,Very High
45,40,26.435664974678385,89.91529786949542,0.5094391304347826,7.30511999130249,3.2394046783447266,231,0.007736052634282814,0.009300755,Low,Low
48,10,24.955696705488137,92.88138538023597,0.7468043478260871,10.40762996673584,1.3805947303771973,265,0.4268868416449583,0.28857732,Medium,High
285,10,25.422392230451745,93.32012240235883,0.7238652173913044,5.683224201202393,1.3835045099258423,399,0.7331697521891867,0.89939356,Very High,Very High
103,10,27.5044034609505,94.26468428572329,0.535804347826087,6.581480026245117,1.045562744140625,280,0.02285552485610555,0.02114274,Low,Low
97,40,27.39354816664812,94.22496726693953,0.5586565217391304,7.297020435333252,1.3966801166534424,270,1.6490788514484307e-05,0.004477661,Low,Low
124,10,27.69412507844333,95.42747055769117,0.7877782608695653,7.788739204406738,2.2898898124694824,264,0.06046106742747552,0.05445544,Low,Low
631,10,25.62346724017133,92.69556974508333,0.7491652173913044,5.999862194061279,9.414682388305664,345,0.3632935767123782,0.26720166,Medium,Medium
108,40,27.206252079703457,95.07202538775837,0.5531913043478262,6.877619743347168,2.1270570755004883,270,1.6490788514484307e-05,0.004105864,Low,Low
83,10,26.879221932870202,92.87469728448758,0.7259130434782609,5.643238067626953,1.393099308013916,287,0.0934110156090613,0.07800077,Low,Low
65,80,26.762237315409855,93.39039997631356,-0.069785,5.2022318840026855,0.0,283,0.014177100763096584,0.023331175,Low,Low
74,40,26.0106441050312,92.98632325318131,0.5088260869565218,5.379156589508057,8.401257514953613,254,0.3817881528019877,0.08822351,Low,Medium
73,40,26.68536426030251,92.90274346761423,0.5179521739130435,5.30403470993042,0.9274099469184875,265,0.0017265932247568939,0.008371106,Low,Low
34,40,26.279296165129747,90.45759602100334,0.4779695652173913,6.80978536605835,3.6105668544769287,319,0.04875958573015548,0.029813243,Low,Low
379,10,26.281059781884093,93.67234617773389,0.8353782608695652,5.912736892700195,14.546520233154297,329,0.1888001753167305,0.15480228,Low,Low
146,10,27.39416907203732,95.49028277099262,0.7802913043478261,6.586999893188477,4.6273674964904785,287,0.18476286130411357,0.10092664,Low,Low
108,10,27.20958712734045,95.00197318401207,0.668504347826087,6.945259094238281,1.0427817106246948,256,0.003755920619151985,0.016083237,Low,Low
48,10,24.35782009608973,92.40721383809445,0.6319173913043479,10.143038749694824,4.169368743896484,303,0.5503576078614454,0.77053845,Very High,High
443,10,26.027344453074914,91.69917588908811,0.7761695652173913,4.684324741363525,21.890113830566406,269,0.46121339769946484,0.17531103,Low,High
194,10,25.928720453569376,93.98000970957197,0.7545391304347826,6.457705020904541,3.459385395050049,288,0.21647866077054156,0.14410606,Low,Medium
518,10,26.149143710722452,93.43632027025161,0.8280391304347826,5.208254337310791,2.2639060020446777,339,0.1485871071196194,0.067676745,Low,Low
123,60,26.843850462634958,92.33544655035196,0.46301304347826094,5.828881740570068,3.6236801147460938,300,0.030270561499579043,0.11137172,Low,Low
67,40,26.56540956334112,92.71023985475227,0.45351304347826094,5.0986456871032715,1.0368577241897583,274,0.0031616046203067133,0.012882144,Low,Low
61,80,26.546348707712983,92.69512256006666,0.1700391304347826,4.893627643585205,2.7800374031066895,263,0.011436747029422016,0.024889063,Low,Low
56,40,26.73924838587197,91.17517825208719,0.5998739130434784,5.398775577545166,1.3921425342559814,273,0.00013191160389071653,0.007443661,Low,Low
59,40,26.486182355910156,91.85118514138075,0.5300782608695652,4.487038612365723,1.3904321193695068,278,0.0177265360042884,0.031974107,Low,Low
36,10,24.75464204198232,92.51424108385704,0.5934434782608696,10.149231910705566,3.1980063915252686,257,0.1746352985084729,0.2362287,Medium,Low
627,10,25.921029052120275,92.20314089879608,0.6460652173913043,5.3948750495910645,7.239227771759033,270,0.395987467930948,0.16978085,Low,Medium
96,10,27.28993974669906,94.42562235560501,0.6803869565217391,6.4854559898376465,2.127439498901367,280,0.01664186879465137,0.027197931,Low,Low
125,10,24.22452060258642,92.5371742778587,0.7027782608695652,10.341462135314941,11.934945106506348,280,0.6296358187609304,0.57729805,High,High
48,40,26.229215674660693,90.00428768313459,0.6632826086956523,7.899521350860596,2.775810718536377,299,0.04352360475500396,0.02175086,Low,Low
134,10,26.497242205386314,93.01145003967851,0.7090913043478261,4.933037757873535,24.66157341003418,280,0.935871437225049,0.9561275,Very High,Very High
92,40,27.082498053452333,94.7237369851939,0.6191652173913044,6.506438732147217,1.8543341159820557,257,0.0026613121437819723,0.008323757,Low,Low
61,40,26.45278728752278,91.91857547575283,0.5128391304347826,4.443981170654297,3.4649128913879395,275,0.03040803843078316,0.056885,Low,Low
80,40,26.85358722196845,92.85855009673055,0.5314173913043478,5.643238067626953,0.9274099469184875,264,0.004733619794939313,0.010480295,Low,Low
93,40,26.30722857209094,93.08745763928418,0.6535260869565217,4.921000003814697,3.611208915710449,304,0.12436632756465445,0.06757337,Low,Low
679,30,25.06699093594857,93.21103931354645,0.7846565217391305,7.831765651702881,25.132938385009766,331,0.9361964005081252,0.954744,Very High,Very High
664,10,25.048801799113875,93.06259371609923,0.7549,9.112756729125977,25.955432891845703,320,0.7518213872326229,0.81501263,Very High,Very High
80,60,26.873383512222073,94.0116025434456,-0.00038695652173913046,6.840999126434326,2.12554669380188,277,0.005701370712340085,0.010035301,Low,Low
79,40,26.606765630955763,91.88145401996239,0.5414565217391304,4.731832504272461,0.9274099469184875,279,0.048504749398215176,0.03679036,Low,Low
52,40,26.36547989708634,89.9789678211941,0.5964565217391304,7.121886253356934,1.3896257877349854,273,1.6490788514484307e-05,0.005440929,Low,Low
86,10,26.940246140193278,93.80831795681294,0.5862086956521739,6.48236083984375,1.040281057357788,258,0.009948105578039662,0.015814703,Low,Low
82,40,26.652445650698898,93.78183993182853,0.456095652173913,6.083531856536865,2.781468391418457,289,0.015590171029625273,0.008498239,Low,Low
145,10,26.03555644759358,90.5361658834689,0.6752260869565218,6.710035800933838,18.06239891052246,294,0.9047034527108758,0.9209835,Very High,Very High
1227,10,25.075514725707034,93.07203760944634,0.7857434782608697,8.200037002563477,38.13081359863281,320,0.5163987685324086,0.56211185,High,High
106,10,27.301733489807607,94.0851189425906,0.587195652173913,7.859780788421631,3.4742283821105957,274,0.03046676252643876,0.07144433,Low,Low
87,40,27.02937305088604,94.33302394928934,0.5556478260869565,6.324347019195557,0.9274099469184875,280,1.6490788514484307e-05,0.006219385,Low,Low
693,10,25.237891492085577,92.86479338839699,0.7950217391304348,8.050687789916992,15.258871078491211,320,0.7046537178628156,0.80974025,Very High,Very High
240,10,27.141745166024634,95.44160986549656,0.8349434782608697,7.033267021179199,4.999582767486572,298,0.19048502945788323,0.16104719,Low,Low
164,10,26.711608485802525,90.04296375509499,0.7560739130434784,6.747808933258057,2.1248230934143066,263,0.16313663722019142,0.065286115,Low,Low
86,10,26.56154764197125,93.11511847551562,0.6772260869565218,5.084802150726318,1.0368225574493408,283,0.1506587178553447,0.094488695,Low,Low
117,10,25.772185134858184,93.09351068879863,0.7267434782608696,4.147935390472412,1.3857364654541016,307,0.27034934385528314,0.15571964,Low,Medium
98,10,24.588400502073238,93.0616852653102,0.8011956521739131,9.229302406311035,3.8418538570404053,287,0.17509782149444977,0.08099926,Low,Low
273,10,26.035713988723163,91.92099005347005,0.7366782608695652,5.186422348022461,40.6497917175293,283,0.8172613949644494,0.66622615,High,Very High
202,10,25.706127556333726,92.80327818793427,0.7244304347826087,5.638261318206787,5.215283393859863,269,0.3317271092765021,0.2742819,Medium,Medium
113,40,27.26214325115194,95.14976230258067,0.6405826086956522,6.771725654602051,1.0432735681533813,247,0.006995062835563914,0.006695559,Low,Low
95,40,26.64856589964382,94.17106706882494,0.5079217391304348,6.886513710021973,3.619093418121338,276,1.6490788514484307e-05,0.011079577,Low,Low
116,30,27.688274223100017,95.17302013897407,0.5935304347826087,7.209570407867432,0.0,288,0.005439737289444273,0.015707785,Low,Low
99,10,26.706195260126886,91.75802545052741,0.43990869565217394,5.1191816329956055,4.169200897216797,312,0.09793825367041267,0.1420309,Low,Low
33,60,26.035222820698813,90.2292391390325,0.5542913043478261,7.2463459968566895,4.237946033477783,269,0.02756071172910135,0.014966524,Low,Low
65,40,25.879426081664242,91.2093967761207,0.6344565217391305,6.353845596313477,5.222621440887451,314,0.22040470017686706,0.15734941,Low,Medium
101,40,26.451110305561393,93.96641886367844,0.6408782608695652,6.607535362243652,0.0,293,0.009690010877269688,0.011802754,Low,Low
59,40,26.13539126105707,92.53577480905685,0.2927782608695652,5.064931392669678,1.0330088138580322,327,0.07445914842900293,0.024346014,Low,Low
19,40,24.529542832530954,92.41862334843897,0.4288,10.256141662597656,1.3780051469802856,274,0.24135382908318925,0.11923091,Low,Medium
109,10,27.253196910302044,94.90430108948179,0.744004347826087,6.623777866363525,2.2822511196136475,224,0.067886178831012,0.04745357,Low,Low
126,40,27.320573358620152,95.444442302553,0.5727478260869565,7.0633225440979,2.2834084033966064,319,0.029197892837808725,0.014673194,Low,Low
82,40,27.083909945078076,94.12528283328461,0.5326434782608697,7.833983421325684,2.126498222351074,282,0.0064184229013055085,0.01376213,Low,Low
630,10,26.024983500697424,92.35179535638153,0.6764913043478261,5.308461666107178,7.3788604736328125,318,0.4355521986279719,0.3785895,Medium,High
129,10,26.768010667449634,91.72143014581121,0.6893869565217391,4.979344844818115,2.967409372329712,291,0.14778671526022275,0.10559159,Low,Low
49,10,24.52854738640714,92.79129626568789,0.7270391304347826,10.738090515136719,9.09821605682373,279,0.5073642440826963,0.58341724,High,High
83,40,26.968528013286793,94.11627450542854,0.6212217391304349,7.695245742797852,1.040542721748352,286,0.004440163756418963,0.01707912,Low,Low
128,10,24.554596153484475,92.7694923216252,0.7246391304347827,10.820191383361816,16.94414710998535,270,0.45504352270014453,0.55480266,High,High
61,30,26.567539876869883,90.61038158198998,0.6242260869565217,6.289897918701172,5.4899139404296875,276,0.13876862615790866,0.14972104,Low,Low
90,10,26.82899884117112,92.97003563937812,0.7074086956521739,5.598343372344971,1.8543341159820557,269,0.08822074017281133,0.036820326,Low,Low
41,80,26.15002577421847,91.01805782949798,0.4337260869565217,5.554037570953369,4.228104114532471,278,0.016169415059663145,0.033343002,Low,Low
50,10,26.03524470189782,90.60403870018175,0.6701565217391304,6.768821716308594,7.181735992431641,293,0.33950934488363754,0.16543335,Low,Medium
197,10,25.44045035172308,93.02943832332396,0.7772782608695652,6.311023235321045,11.698609352111816,301,0.5231127839050398,0.5162827,High,High
130,10,25.921633597329397,91.31550154743931,0.7323000000000001,5.296744346618652,30.286128997802734,274,0.8814848022183032,0.91712487,Very High,Very High
112,10,27.30680766280468,95.1738367702277,0.7398826086956523,7.003401756286621,1.3960696458816528,250,0.01952642654406425,0.02234995,Low,Low
60,40,26.53305833360243,91.58017161324305,0.4822434782608696,5.419981002807617,2.270162582397461,277,1.6490788514484307e-05,0.011488865,Low,Low
79,40,26.718475797302744,92.99159093061799,0.4823173913043478,5.599766254425049,1.0382479429244995,266,0.005899529405454414,0.009059916,Low,Low
95,40,26.252228410371668,93.13973163492824,0.5511565217391304,5.240190505981445,2.1228082180023193,295,0.0030419803925642295,0.009065115,Low,Low
53,40,25.988840007945658,91.4354266035786,0.6156521739130435,4.6583638191223145,3.228029489517212,280,0.09128086074980142,0.030498648,Low,Low
82,80,26.73891147553835,93.66049316293926,-0.036000000000000004,5.971468448638916,1.0384329557418823,269,0.004087315675255835,0.00584214,Low,Low
712,10,26.397996359091643,93.19115658138487,0.7768782608695652,4.860214710235596,7.4495649337768555,321,0.1717365293230505,0.07804035,Low,Low
86,40,27.144825494031778,94.07773504985215,0.5624521739130435,8.463713645935059,1.394934892654419,255,5.634232869954597e-05,0.0065154643,Low,Low
50,40,26.44166730936142,90.3826470975919,0.5414913043478261,6.885894298553467,2.9663782119750977,258,0.0011706417069874465,0.004020925,Low,Low
503,10,26.204361521077768,93.40423994293093,0.8213521739130435,5.389401435852051,5.537996768951416,335,0.13950583140129869,0.058252346,Low,Low
124,10,26.834786196079293,92.4392842770569,0.5733739130434783,5.917672634124756,3.469047784805298,299,0.07836710162586123,0.037352383,Low,Low
485,10,26.46925266049359,93.44030125439734,0.8043,5.444455146789551,11.293739318847656,319,0.14521919768207392,0.08635995,Low,Low
70,80,26.61752339350737,93.14294452499736,0.4240260869565217,5.262551784515381,2.124406576156616,269,0.008536546522134663,0.008778992,Low,Low
47,20,26.176799265693383,89.94243027053827,0.7225608695652175,7.37529182434082,1.033377766609192,255,0.04275749776959293,0.017300826,Low,Low
184,10,27.40751348449054,95.72867372034996,0.7803521739130436,6.74222469329834,15.014225006103516,319,0.6712768201466942,0.73584294,Very High,High
72,60,26.584659684089306,93.2051498807334,0.5466826086956522,5.289863586425781,3.704791784286499,261,0.00515300925123493,0.02882995,Low,Low
40,40,26.376430088904176,91.07750455445819,0.5034434782608697,5.236977577209473,1.3896980285644531,277,0.010149619564555557,0.009846066,Low,Low
78,10,25.905907737488135,92.87107686376609,0.5437304347826087,5.244869709014893,4.153330326080322,284,0.07046502470117619,0.06523318,Low,Low
106,40,25.92386054081454,93.06101401065702,0.5756869565217392,4.894778728485107,2.7718136310577393,272,0.026579170102232288,0.023787225,Low,Low
153,40,26.79942803303888,91.5871316187525,0.6327826086956523,5.3574347496032715,2.125215768814087,270,0.07574856606083787,0.030958159,Low,Low
305,10,25.553568380040154,93.17799275218708,0.7927434782608697,4.6043925285339355,13.516606330871582,334,0.15191048184641281,0.03911381,Low,Low
26,40,24.69059342615592,92.51584908993311,0.6569826086956523,9.738636016845703,1.8543341159820557,258,0.08519037274389342,0.018754825,Low,Low
128,40,27.353980194512484,94.05727629371181,0.6041260869565217,7.310397148132324,0.9274099469184875,247,0.004899854350396944,0.006977943,Low,Low
72,40,26.57937268641137,93.19501177072563,0.6468086956521739,5.032314300537109,1.3910601139068604,257,0.04330390361725364,0.017064342,Low,Low
240,10,25.81738369313901,93.46394557511205,0.7455434782608696,5.377810478210449,3.844597578048706,302,0.3381931064337049,0.30111215,Medium,Medium
191,10,27.385415759054325,95.5992258604467,0.7648565217391304,6.0716657638549805,8.297914505004883,336,0.3317880266748647,0.29773822,Medium,Medium
161,40,26.818161526879834,92.07276487571053,0.5799434782608697,5.014980316162109,2.9675698280334473,288,0.10908169277173968,0.03803784,Low,Low
89,10,26.968027011536595,94.23927296995117,0.6541391304347827,7.2581892013549805,2.785773992538452,274,0.01925482380164136,0.029759599,Low,Low
73,40,26.610590122447896,91.47898305700404,0.5439434782608696,5.1998162269592285,3.704791784286499,282,1.6490788514484307e-05,0.021372862,Low,Low
23,40,25.626562151578874,89.90692337353475,0.4245304347826087,7.1046857833862305,0.9274099469184875,268,0.048493061214274935,0.0054626646,Low,Low
89,40,26.895052421904467,93.53602023775383,0.592908695652174,5.60741662979126,2.276181221008301,254,5.634232869954597e-05,0.0070805973,Low,Low
62,60,25.94209067132841,90.77656575404734,0.6114869565217391,6.814089298248291,5.46395206451416,277,0.15952630099246867,0.19083858,Low,Low
143,40,27.652904917980578,94.69409720256445,0.5662,6.470782279968262,2.1291282176971436,288,0.030024531537622377,0.018025655,Low,Low
302,10,26.30655347223445,92.9047463719808,0.8222260869565219,4.884398460388184,8.083353042602539,302,0.13407055188047334,0.08133802,Low,Low
46,40,26.47323600247396,91.35483245640111,0.5908,4.785818099975586,1.3903464078903198,271,0.016430368822761804,0.013556632,Low,Low
115,10,27.15657463083108,95.25911138137973,0.6380652173913043,7.113128185272217,1.3950181007385254,250,0.0018998894790160444,0.019126961,Low,Low
140,10,26.27864642805773,93.03602108634983,0.7493260869565217,4.919485092163086,3.463057518005371,282,0.30167004586475216,0.18912673,Low,Medium
163,10,25.5558509485397,93.01980733399873,0.7810347826086957,5.326148986816406,9.869916915893555,297,0.39955340748262175,0.33414167,Medium,Medium
178,10,25.626734632357,92.99350421193228,0.7902173913043479,5.054037570953369,4.739336967468262,286,0.14554494456175252,0.105202705,Low,Low
581,10,25.592815538319037,92.70045212705965,0.7679608695652175,5.9947004318237305,7.672552108764648,288,0.19969333584353083,0.12465697,Low,Low
51,40,26.1470704257129,90.03099293069674,0.6497217391304348,7.406292915344238,1.3881794214248657,280,0.012640298018088237,0.008387418,Low,Low
39,40,26.058039329820943,90.89751742792846,0.535608695652174,6.080108165740967,1.0323272943496704,308,0.04177509837570463,0.015962642,Low,Low
114,10,27.59124669508281,94.65541393313224,0.5701260869565218,6.429647922515869,1.3980823755264282,269,0.005427484533615232,0.0129946,Low,Low
44,40,26.09379969877102,91.26079739806829,0.4710652173913043,5.104899883270264,1.03264319896698,264,0.00532693336279508,0.00969966,Low,Low
64,40,26.68395518640682,91.2881332091321,0.616595652173913,5.737945079803467,2.1247007846832275,253,0.012691916962967807,0.015967885,Low,Low
165,10,27.40052224788103,95.7668309696484,0.7657565217391304,6.886193752288818,2.969465732574463,317,0.15124745050611815,0.14452954,Low,Low
27,40,24.68610430072076,92.28739237590847,0.5450913043478262,10.014920234680176,0.9274099469184875,263,0.041226334236555244,0.03964325,Low,Low
71,10,24.676382769636337,92.23311354232713,0.7599347826086957,10.081870079040527,10.468240737915039,236,0.5009680850901971,0.58196366,High,High
110,10,26.427099549748654,93.92961387564347,0.7279347826086957,6.448414325714111,2.9663329124450684,271,0.04567351184702786,0.030298814,Low,Low
135,10,27.585200554009432,95.64786649138438,0.6945608695652175,7.150399208068848,1.0463321208953857,282,0.019454162668643613,0.0358928,Low,Low
96,10,26.62937865097475,90.17972052946894,0.6634391304347826,6.844939231872559,0.0,309,0.058790103583339526,0.04937006,Low,Low
85,10,26.101929061141764,93.03449184057652,0.5719173913043478,5.329677104949951,4.519250869750977,299,0.09410804395640342,0.082594365,Low,Low
113,40,27.699442456736957,94.93644545709112,0.5863173913043478,6.651291847229004,5.578846454620361,280,0.061397131533098094,0.053557716,Low,Low
607,10,25.07734124277903,92.52241319427588,0.7710391304347827,10.037949562072754,19.15615463256836,298,0.6332538755574884,0.6779683,High,High
117,40,26.743656331239997,91.8673434333282,0.3435217391304348,4.931947708129883,2.1249663829803467,290,0.015839272884834988,0.0146848,Low,Low
114,60,26.70881554895336,90.5922200490449,0.32407391304347827,5.953362941741943,1.8543341159820557,311,0.06040838883277597,0.016996372,Low,Low
114,40,26.92222416840136,92.62713722698592,0.5956608695652175,5.660716533660889,2.9679033756256104,301,0.0011762888959402802,0.0151634505,Low,Low
55,10,26.08638187466316,91.50158057529993,0.5768130434782609,4.178926467895508,4.156844139099121,273,0.30631621446495993,0.20641653,Medium,Medium
106,10,27.389358446991753,94.90429814467949,0.5349913043478262,6.742856502532959,1.3966487646102905,254,0.01022207969843151,0.013609744,Low,Low
100,40,27.332937731031024,94.75730879074511,0.5117782608695652,6.551393508911133,1.396253228187561,279,1.6490788514484307e-05,0.0059733097,Low,Low
110,30,27.36841988742955,94.88520316955793,0.5029347826086957,6.74613094329834,2.7913501262664795,265,0.014548183271642303,0.010888247,Low,Low
197,10,25.952054765561478,93.61739415509567,0.7591478260869565,6.199310302734375,5.062414169311523,285,0.2223605408137505,0.18877164,Low,Medium
57,10,26.604359857122255,91.20285744597454,0.6178739130434783,5.494021892547607,4.535555362701416,281,0.15288440079112456,0.14492232,Low,Low
68,10,26.703408428812907,91.26174964382007,0.5817,5.52034854888916,4.538826942443848,258,0.059308343869566564,0.06699741,Low,Low
46,40,26.60064682331188,91.0828163041039,0.5705652173913043,5.805015563964844,1.3912044763565063,293,0.00023814435245997036,0.012214995,Low,Low
77,40,26.73512468125785,93.74390183654396,0.5220739130434783,6.172450065612793,3.2471859455108643,277,0.0006854543256950758,0.008560937,Low,Low
79,10,25.88993654421876,91.45382765490935,0.7111652173913043,5.795430660247803,14.871085166931152,274,0.7896593644539115,0.8369813,Very High,Very High
110,30,27.296366301614658,95.07673068897876,0.6173478260869565,6.652632713317871,3.128025531768799,258,0.031484737897431905,0.027081588,Low,Low
99,40,27.23995800251748,94.86947435501351,0.6117956521739131,7.02774715423584,1.3956000804901123,243,0.008898005447805247,0.0063358885,Low,Low
56,40,26.540830481931764,90.12248309782956,0.5321782608695652,7.236311435699463,2.966689348220825,248,5.634232869954597e-05,0.004538897,Low,Low
77,40,26.080729264820366,92.9689742494936,0.5296652173913043,5.308316707611084,2.2628014087677,294,0.001927681014276329,0.010584841,Low,Low
39,10,26.333065441790144,90.18178409580243,0.44770434782608703,7.19937801361084,3.4636354446411133,271,0.06028371273778596,0.024985587,Low,Low
1033,10,26.264097930720148,93.35746826352062,0.8001,4.856328964233398,14.164259910583496,340,0.12323010988383225,0.04536586,Low,Low
69,40,26.087089514447875,92.72552867708205,0.5762391304347826,5.388466835021973,5.149558067321777,286,0.08840146430510852,0.05252001,Low,Low
54,40,26.386133538201257,91.65488652781673,0.5674608695652175,4.846367835998535,4.740777015686035,285,0.04894382120810912,0.034560267,Low,Low
429,10,24.414931338138818,92.94713934865487,0.7828173913043478,9.131744384765625,25.58397102355957,301,0.6663472938890121,0.71102536,Very High,High
59,40,26.273847475256897,92.5434013269775,0.5218347826086958,4.724066734313965,1.8543341159820557,304,0.005002602695948695,0.02719196,Low,Low
312,10,25.67369208696113,93.24693352484637,0.7570565217391304,4.0796799659729,10.146746635437012,355,0.6094117689915212,0.5906445,High,High
107,80,27.623870897271182,94.98149659268283,-0.007019047619047619,6.316873550415039,0.0,271,0.00010797534640159413,0.0065488126,Low,Low
26,40,26.064433364173883,89.91781869350396,0.44966521739130433,7.060272693634033,1.0323835611343384,292,0.05814355491232859,0.009751541,Low,Low
96,40,27.418614326763254,94.5109679181838,0.5591652173913043,6.967790126800537,2.128034830093384,267,5.634232869954597e-05,0.004178284,Low,Low
230,10,25.67555450140022,93.14661454781441,0.751613043478261,4.000041484832764,16.95675277709961,343,0.4086904895904473,0.29414892,Medium,High
84,40,27.00850967252445,94.2469300539413,0.5402826086956523,6.656432628631592,0.0,277,0.0014485743779428801,0.00950898,Low,Low
44,80,26.244146973710812,91.19003068721048,0.3954130434782609,4.8920979499816895,2.0672762393951416,299,0.0371141621944016,0.02939769,Low,Low
51,10,24.61190984732385,92.50805452919458,0.691195652173913,10.16728687286377,9.284939765930176,276,0.6282516819101267,0.7393382,Very High,High
90,40,26.63955153514703,93.8510091601776,0.5712652173913043,6.150116443634033,1.0375274419784546,272,1.6490788514484307e-05,0.00560621,Low,Low
74,10,26.594925355650336,92.29089319127456,0.550904347826087,5.342687129974365,2.1243059635162354,266,0.02698562856839016,0.02409551,Low,Low
85,10,26.858787488869876,93.47079302799389,0.7478260869565218,5.7278594970703125,2.1254818439483643,254,0.09761970098101841,0.056772776,Low,Low
115,40,27.174049222773643,95.2045658699258,0.6432130434782609,7.222339153289795,1.0424493551254272,266,0.0027784289717902692,0.0066781486,Low,Low
251,10,27.466127628773197,94.16503830032984,0.8083043478260871,7.206135272979736,8.455026626586914,266,0.2416948594394853,0.13005948,Low,Medium
126,40,27.389959664878102,95.35766876495285,0.6455173913043478,6.832450866699219,3.475224256515503,268,0.02844416659085822,0.014899335,Low,Low
111,80,27.690113116418498,95.12009566407572,0.5340826086956523,7.188418388366699,2.970433235168457,275,0.00010797534640159413,0.010647804,Low,Low
77,80,26.605431442884612,92.82605034058818,0.05115217391304348,4.880208969116211,9.732841491699219,288,0.681708293144227,0.6644971,High,High
87,40,26.786785635156118,94.18125160094924,0.5920826086956522,6.271997451782227,2.783289670944214,273,0.00201993016942592,0.006080582,Low,Low
333,10,25.70124517286273,92.74226236631316,0.764308695652174,5.709847450256348,14.584606170654297,294,0.539641189219329,0.54776734,High,High
108,10,24.972495663307726,93.07150266313336,0.8187304347826088,9.571197509765625,11.532546997070312,277,0.4084963079950257,0.39708245,Medium,High
43,60,26.11499346186845,90.83180435554343,0.12998695652173914,6.24939489364624,8.072972297668457,321,0.39052380255138835,0.15975589,Low,Medium
115,40,26.699074810675896,94.43468497227431,0.5269217391304348,6.651071071624756,3.704791784286499,312,0.023049397397129603,0.035291303,Low,Low
89,40,27.233365432255727,94.37814217655084,0.6089304347826088,7.286075115203857,2.085319757461548,278,0.011427582121250059,0.007953074,Low,Low
680,10,26.10940484769301,93.41265298250474,0.7510739130434784,5.208254337310791,22.386173248291016,327,0.6413067765536501,0.71715575,Very High,High
173,10,25.725995589200803,93.21331497307632,0.6837347826086957,4.170412540435791,8.180258750915527,289,0.4645976857252852,0.51088077,High,High
40,40,26.365081984402444,91.04631123382356,0.4818913043478261,5.4287800788879395,3.237598180770874,280,0.008047295812655843,0.016442878,Low,Low
102,40,26.800785424140244,94.49561820243164,0.5390739130434783,6.5036821365356445,1.8543341159820557,288,0.0002574301182189814,0.006119822,Low,Low
888,10,25.623085744120132,92.52812174688853,0.7507173913043479,6.341352462768555,26.684301376342773,308,0.5545512363509489,0.45043033,High,High
36,10,26.12321676100339,89.89742743233974,0.553795652173913,7.434948921203613,0.0,290,0.058434802122279784,0.025895154,Low,Low
124,10,27.40579949608792,95.31963249879385,0.7161086956521739,6.998114585876465,1.044628381729126,259,0.025980981351383325,0.02282955,Low,Low
94,40,26.58709926376004,93.88660151589461,0.5934260869565218,6.110873222351074,0.9274099469184875,261,5.634232869954597e-05,0.0049442546,Low,Low
324,10,25.83524499016533,91.24151735619144,0.774813043478261,6.860843181610107,14.090660095214844,302,0.5640673554799966,0.51540315,High,High
219,10,27.34136818775436,95.95390427472792,0.8046000000000001,7.584378719329834,5.0057573318481445,290,0.20051228880530667,0.18767804,Low,Medium
42,40,26.34192012530928,91.30174183462258,0.5363130434782609,4.778807163238525,0.9274099469184875,294,0.0104373123575996,0.020294212,Low,Low
451,10,26.43747799308163,93.6708557538372,0.8107826086956522,6.122909069061279,23.72527313232422,331,0.399401362262864,0.5605107,High,Medium
117,40,27.478600554458446,95.23264043842293,0.5577478260869565,6.852067470550537,0.0,244,5.634232869954597e-05,0.004681527,Low,Low
110,40,27.2950620590964,95.13949591228473,0.5862652173913043,6.771725654602051,1.395985722541809,255,5.634232869954597e-05,0.004398563,Low,Low
41,40,26.03893463655717,91.13654312243655,0.5120695652173913,5.76585578918457,1.3874683380126953,285,0.0018464057308649384,0.013518489,Low,Low
59,40,26.68303953045619,91.2467597085765,0.5021391304347826,5.449883937835693,2.7802884578704834,262,5.634232869954597e-05,0.009438202,Low,Low
91,10,27.282291300036547,94.26803289769944,0.6320869565217392,7.117359638214111,1.395896077156067,290,0.026838354447649593,0.04439613,Low,Low
30,40,24.59190303260931,92.86388738376527,0.518695652173913,10.529097557067871,3.573733329772949,298,0.22378161847900485,0.15699531,Low,Medium
68,80,26.69529572410243,93.23879007989203,0.21741739130434787,5.475794792175293,4.168981075286865,287,0.004908128611657209,0.03293514,Low,Low
263,10,27.292091529126985,95.90556408563138,0.7726347826086958,7.238271713256836,6.819985389709473,293,0.28524237885930687,0.23504086,Medium,Medium
365,10,26.33010206117102,93.32460399780136,0.7888260869565218,5.51997184753418,14.301621437072754,330,0.2498869536477593,0.3477154,Medium,Medium
100,10,26.456421886627023,93.99133695018305,0.6029652173913044,6.607535362243652,3.704791784286499,289,0.03386512928371594,0.056968395,Low,Low
105,10,26.801154501075118,94.69591394191129,0.6506260869565217,6.908498764038086,1.3925648927688599,266,0.006298904683053682,0.015596279,Low,Low
151,10,27.492869332754356,95.83946317564504,0.6142521739130435,6.997732162475586,5.572995662689209,296,0.3221798310967955,0.29243264,Medium,Medium
64,10,26.412516202809982,91.9168538101736,0.595104347826087,4.454705238342285,1.3899391889572144,285,0.27265030467324713,0.2240413,Medium,Medium
82,40,27.027092642656736,94.01614166105915,0.5635608695652174,7.2248945236206055,2.278404474258423,274,0.004216364866991825,0.0074707274,Low,Low
933,10,25.373811474304308,92.821810302021,0.7638478260869566,6.792962551116943,13.659612655639648,316,0.5026242592842911,0.5370967,High,High
343,10,26.40354045127782,93.47035619912248,0.7808913043478262,5.601352691650391,16.064786911010742,315,0.5440857513331653,0.5673355,High,High
41,40,26.144542209541868,90.85724973671097,0.5037173913043478,5.881920337677002,2.7746944427490234,295,0.0016702508960573478,0.009859092,Low,Low
78,40,25.882282669051534,92.9467407099107,0.4726391304347826,5.135383129119873,9.243282318115234,295,0.6158591985068538,0.2965163,Medium,High
745,10,25.0044846212367,92.80579200663632,0.7453000000000001,9.77212905883789,20.7623233795166,287,0.6416422218638493,0.6484339,High,High
92,10,26.823283964909308,94.12111094554515,0.610295652173913,6.542506694793701,2.077727794647217,301,0.013986427982837168,0.032773472,Low,Low
38,10,26.276289204962456,89.73675051500183,0.5918130434782609,7.26970100402832,1.3890329599380493,242,0.037358359523384975,0.02259377,Low,Low
473,10,25.06956248370179,92.5657171586706,0.7418173913043479,9.490503311157227,12.626826286315918,311,0.7069700640065751,0.68953717,High,Very High
263,10,25.68436913463264,93.02317778507,0.7507869565217391,4.564093112945557,21.054134368896484,326,0.39551950580085976,0.16191396,Low,Medium
33,40,26.257249910962805,89.7809634175589,0.5486217391304348,7.206606864929199,2.9658043384552,268,0.013687576412364084,0.006305506,Low,Low
63,40,26.17409031475071,92.57858753397024,0.4074565217391305,4.804327011108398,2.2643096446990967,320,0.04273785651063582,0.027537957,Low,Low
18,10,24.783249474668327,92.37421904962363,0.6300608695652175,9.984335899353027,2.042292356491089,254,0.19616720296443113,0.093776226,Low,Low
87,40,27.089285778108557,94.4189000057007,0.5838130434782609,6.357274532318115,5.884696960449219,304,0.07768578662103819,0.052706543,Low,Low
781,10,25.840536796862782,92.28762006907034,0.6987391304347826,6.201860427856445,5.556025981903076,276,0.2628134718716352,0.12219784,Low,Medium
111,10,24.96500310370942,93.25033840751473,0.7782391304347827,8.330401420593262,3.581582546234131,289,0.14261949611842387,0.07658751,Low,Low
93,40,26.992775903652106,94.65988926472694,0.6719478260869566,6.826453685760498,1.8543341159820557,282,0.002846348175590524,0.008690232,Low,Low
104,80,27.387400035774863,94.76513902905498,0.04634347826086956,6.748208999633789,1.0444551706314087,262,0.0012222747246894946,0.0060708323,Low,Low
83,40,26.89043949953293,93.88755215835252,0.48457826086956524,6.495288372039795,1.3931775093078613,293,0.003597931910333677,0.007800089,Low,Low
42,10,26.191544408980036,89.88041109002647,0.6709,7.469692230224609,1.3884724378585815,284,0.04934980851658331,0.030081494,Low,Low
63,10,26.75845330339685,91.14135770331723,0.7155913043478261,5.360657215118408,0.0,276,0.14115745943474914,0.06608204,Low,Low
120,10,27.78867513798494,95.24718551056972,0.6647826086956522,7.671378135681152,2.7802884578704834,292,0.016045809524176943,0.036865164,Low,Low
398,10,25.518644052767723,92.86913897024995,0.7318478260869565,5.967307090759277,18.35888671875,326,0.8554076491273995,0.78428036,Very High,Very High
149,40,27.355904119919515,95.74850052588964,0.6086260869565218,6.7607340812683105,3.848334789276123,305,0.05928853619361539,0.04988848,Low,Low
65,10,26.220382082700475,92.28195771653469,0.5550391304347826,5.0163493156433105,1.8543341159820557,289,0.04260345768394697,0.07714472,Low,Low
42,10,26.268555598926156,90.07192555743097,0.7070130434782609,7.19663143157959,1.8543341159820557,278,0.08657413324852967,0.037666384,Low,Low
127,60,27.856614590099607,95.46592963986035,0.032323809523809525,9.820501327514648,1.3999922275543213,306,0.11221921510801233,0.034283943,Low,Low
33,80,26.0166390968377,90.13339087495181,0.10903913043478261,7.148015022277832,3.4603023529052734,288,0.042248352240007815,0.015817754,Low,Low
26,40,24.680698575702415,92.80261032796531,0.7003608695652175,10.825712203979492,2.961151361465454,272,0.3707362867419724,0.2053598,Medium,Medium
985,10,25.258430211523088,93.26679686115337,0.6888391304347826,6.5297040939331055,14.520768165588379,320,0.6006867664372469,0.55734617,High,High
160,10,27.46370295433339,95.81249901310399,0.7901521739130435,6.997732162475586,4.846139907836914,308,0.26147809504575437,0.19243945,Low,Medium
645,10,25.2244856843439,92.89732968365188,0.7689217391304348,8.050687789916992,9.338689804077148,300,0.7340635940803691,0.842177,Very High,Very High
267,10,26.211388302717662,92.90895028695269,0.7291652173913044,5.023381233215332,17.230361938476562,308,0.8253392974745111,0.7862877,Very High,Very High
82,40,26.729949406222786,92.52665191375415,0.5104000000000001,5.746335983276367,1.3920782804489136,315,0.0403518565756824,0.032510094,Low,Low
119,80,27.303522628805474,95.2888689534062,0.358004347826087,7.11765193939209,1.8543341159820557,279,0.00010797534640159413,0.007700827,Low,Low
49,40,26.646858375573117,91.1629689309363,0.5196347826086957,5.604332447052002,0.0,276,0.009870741329822231,0.010249478,Low,Low
608,10,25.03459830175928,92.58812975084074,0.7443000000000001,9.751919746398926,8.473047256469727,294,0.5587370633971591,0.5364356,High,High
96,20,27.001824023422174,94.82097840852336,0.6271347826086957,6.933887004852295,2.1261253356933594,278,0.021619137271962015,0.02517563,Low,Low
80,10,26.814769885504198,92.97724411966497,0.6913304347826087,5.598343372344971,2.783672332763672,267,0.06601647802329172,0.037550084,Low,Low
58,10,24.886357031602618,93.03842574801743,0.648304347826087,10.75485897064209,3.064363718032837,284,0.613826028435924,0.6682137,High,High
92,30,26.456439118334032,94.03674449512862,0.6104869565217391,6.289761066436768,3.8461086750030518,340,0.12314183937320207,0.059878334,Low,Low
184,10,27.40214301022732,95.94673896856253,0.8001565217391304,7.80471658706665,1.3967409133911133,311,0.18605514823540634,0.23943304,Medium,Low
328,10,26.043817248172516,90.55250160453052,0.7106913043478261,6.555331230163574,16.105012893676758,280,0.7095652848753915,0.7338018,Very High,Very High
691,30,26.330538145164645,93.67308057334712,0.785608695652174,6.053843975067139,21.379146575927734,336,0.6199277322826816,0.6030365,High,High
87,10,26.624378291156084,90.66757798101108,0.6554521739130436,5.906570911407471,2.7802884578704834,289,0.03298539046761718,0.026354363,Low,Low
72,40,26.574100535426293,90.48577863981096,0.5426826086956522,6.5987935066223145,1.3910245895385742,286,0.001371729496506882,0.0069212755,Low,Low
71,40,26.591146850334145,93.00874517218682,0.48403913043478264,4.890519142150879,1.0370891094207764,270,0.007830868853978209,0.022699121,Low,Low
120,10,26.888865310412918,92.55093464903779,0.8226347826086956,5.520864963531494,0.9274099469184875,279,0.15518542486004927,0.07933374,Low,Low
829,10,25.61957727623114,92.57951727700467,0.7686565217391305,6.082192420959473,6.216506481170654,327,0.2025351885709765,0.09856908,Low,Medium
132,10,26.76593576903691,91.98500962147278,0.6838347826086957,4.863053798675537,2.967402219772339,270,0.2567603967854958,0.1143703,Low,Medium
83,40,27.010322113453725,94.15727579410385,0.5174434782608697,6.976868629455566,1.0409280061721802,298,0.0030419803925642295,0.009230357,Low,Low
92,40,26.862448719277385,92.71137598806071,0.6554869565217392,5.793303489685059,2.7802884578704834,300,0.034384608981823536,0.022827985,Low,Low
107,40,25.761391409625922,92.94582142309947,0.6127086956521739,4.976949691772461,4.816567897796631,294,0.09833936041474992,0.05645601,Low,Low
91,10,26.64970343776221,93.75971915108124,0.615108695652174,5.972191333770752,3.6191258430480957,279,0.08719265220970995,0.07400499,Low,Low
46,40,26.401689982284132,90.22558777512104,0.5762347826086958,6.778448104858398,2.778099775314331,263,0.003389675662032879,0.005467254,Low,Low
76,60,26.59102153283669,93.09739232749318,0.427704347826087,4.967230796813965,4.6273674964904785,280,0.041100692205069636,0.08345792,Low,Low
99,40,26.770234309913384,92.33912828909523,0.5187782608695652,5.923102855682373,2.1250853538513184,301,0.0002574301182189814,0.0053531765,Low,Low
88,40,27.11164886422446,94.6011820690182,0.5334739130434784,6.549590110778809,4.552484035491943,301,0.011141709031611,0.019554615,Low,Low
53,10,26.492642016574134,89.98331649969796,0.6393545454545455,7.191516876220703,2.779317855834961,249,0.02811299095302209,0.019054018,Low,Low
60,40,26.206047875331734,92.34611828056411,0.6066782608695652,5.022482395172119,2.7755026817321777,299,0.013541107021504883,0.019265294,Low,Low
54,10,26.649005865177635,91.10038444838841,0.5645130434782609,5.726959228515625,3.2449305057525635,271,0.03073260410453297,0.02981916,Low,Low
248,10,26.11777556722018,93.68820629549005,0.7630608695652175,6.139683723449707,2.7743442058563232,275,0.22137151120556833,0.13532457,Low,Medium
111,40,27.503915238650535,94.48116637578985,0.5039565217391304,6.600811004638672,0.0,279,0.001686741684571832,0.008159111,Low,Low
41,60,26.22698267395244,90.69469113730041,-0.012327272727272727,6.673079490661621,1.3887054920196533,291,0.024018473150230823,0.014687036,Low,Low
995,30,25.769481805217783,92.44735902913743,0.7236173913043479,5.741177558898926,1.8543341159820557,298,0.3517079113368079,0.19611958,Low,Medium
23,40,24.669995807556916,92.52756352683932,0.46992173913043483,9.738636016845703,2.116271495819092,278,0.019174661762431294,0.016448269,Low,Low
178,30,25.913945249592437,93.6669084807835,0.5436521739130435,6.253284454345703,1.0310646295547485,275,0.258630049316957,0.10104331,Low,Medium
59,10,26.63661604351045,91.18460607233139,0.5653,5.604332447052002,2.1244914531707764,279,0.016539375511003762,0.036035046,Low,Low
85,80,27.00294661589824,94.01171336815278,0.2471782608695652,7.2248945236206055,2.1261303424835205,261,0.0024170647791984874,0.0067662317,Low,Low
212,10,24.22049943298526,92.43110023991122,0.7608826086956523,10.563650131225586,34.406681060791016,292,0.556433396905559,0.5768148,High,High
93,10,26.54025498824823,94.08266109925188,0.6330608695652175,6.539707660675049,6.196923732757568,280,0.14398676650937015,0.21719994,Medium,Low
233,10,26.238377136928015,93.06271943296903,0.7084739130434783,5.336207866668701,24.225603103637695,304,0.9474171268838183,0.9268234,Very High,Very High
109,30,26.317039313698892,93.89301168187141,0.6530086956521739,6.378964424133301,7.434895992279053,267,0.2432797229689514,0.1156816,Low,Medium
90,40,26.538558942283338,94.12231170162009,0.5083478260869565,6.825425148010254,1.3907849788665771,289,0.0002574301182189814,0.0066975732,Low,Low
47,40,26.309315395579024,91.38398669753134,0.6166434782608696,4.68678092956543,2.2665023803710938,263,0.08429344578169033,0.027439712,Low,Low
83,40,26.900746493939426,92.83914713260886,0.2803695652173913,5.629373073577881,2.2762744426727295,279,0.005110130495656625,0.009159322,Low,Low
121,40,25.926683207228553,93.10591422654528,0.5224913043478261,4.9267144203186035,2.7718498706817627,302,0.009947058407888383,0.024686638,Low,Low
79,80,26.90559446251165,94.0860095700872,0.14035217391304347,7.508336067199707,1.8543341159820557,289,0.004514049810032401,0.011763083,Low,Low
106,40,26.683900511055473,94.26728296478835,0.5760695652173913,6.514335632324219,0.9274099469184875,268,0.002059781709610982,0.0048000254,Low,Low
213,10,25.72167533987932,93.17458284363775,0.6998173913043478,3.9167962074279785,6.894928455352783,302,0.35850577570938275,0.35401374,Medium,Medium
92,40,27.29245483424228,94.34198791011926,0.6067782608695652,6.760368347167969,1.0435603857040405,275,0.004744385948761995,0.0066213585,Low,Low
61,10,26.559822959707486,91.44018820171279,0.5322173913043479,5.274825572967529,4.981937885284424,274,0.16013224761834513,0.14127807,Low,Low
81,10,26.748749870369128,93.09850909446344,0.7044173913043479,5.372979640960693,1.0385217666625977,284,0.10472006253136937,0.06865805,Low,Low
356,10,26.111267126448077,92.46065035873679,0.7297,4.789031982421875,16.274478912353516,292,0.7215681971425457,0.53072643,High,Very High
59,40,26.341579681676475,92.23103501441015,0.6197478260869566,4.944434642791748,2.123195171356201,262,0.038333556682686926,0.028058307,Low,Low
94,40,27.331244695730668,94.38395438252202,0.5893608695652174,6.854546070098877,0.0,288,0.0006195391706794198,0.006263981,Low,Low
236,10,26.18252784612164,93.73503959718751,0.7984826086956522,6.388955116271973,19.93252182006836,330,0.28840523257544404,0.29898804,Medium,Medium
28,10,24.684485269125815,92.46171423865329,0.6591260869565218,9.883803367614746,7.167686462402344,258,0.20688450278092,0.209704,Medium,Medium
152,60,27.319403582852797,95.82646764900062,0.6625304347826088,7.043171405792236,0.9274099469184875,280,0.17337026904754677,0.060794204,Low,Low
91,10,26.85974890269099,93.0042388670503,0.6390173913043479,5.644434928894043,1.8543341159820557,261,0.04776678369996377,0.036815464,Low,Low
101,10,26.090440498172633,91.88602410447801,0.6146391304347826,4.849204063415527,13.599854469299316,293,0.9063326927952939,0.9642242,Very High,Very High
53,40,26.323558069222397,91.93708081080227,0.4744521739130435,4.761224746704102,2.266733169555664,277,0.01677770090458209,0.015084016,Low,Low
38,80,26.17520682635608,90.8178044397242,0.4328782608695652,6.098751068115234,5.2353339195251465,297,0.11752816398182477,0.063430615,Low,Low
25,10,24.650194702172584,92.72527627237578,0.5872913043478262,10.680307388305664,1.020377278327942,273,0.1852159955002489,0.19125877,Low,Low
196,10,26.728446925214797,90.10412430575863,0.8033130434782609,6.45452356338501,4.243967533111572,286,0.14327248630828693,0.09526117,Low,Low
107,40,27.51410427933648,94.36412698312103,0.5469304347826087,6.545269012451172,2.2867510318756104,255,5.634232869954597e-05,0.004534833,Low,Low
125,10,27.57713428146793,95.43640812893408,0.7403304347826087,7.143916130065918,2.1287736892700195,242,0.04747820536900258,0.050719492,Low,Low
54,40,26.49276971055521,89.9762425159823,0.5407304347826087,7.191516876220703,2.779317855834961,246,0.0011706417069874465,0.00417129,Low,Low
90,40,26.274297807788546,92.99608521571639,0.5190869565217391,5.163473606109619,2.1229045391082764,334,0.060319768035898044,0.030802349,Low,Low
85,40,27.02797185228227,94.12330605327742,0.627695652173913,7.149169921875,3.628037929534912,308,0.05011028050816284,0.044610307,Low,Low
58,10,26.47854502995992,91.40193081406547,0.5234869565217392,4.650345802307129,3.2405149936676025,265,0.1782423510275701,0.09904322,Low,Low
342,10,25.694430143978042,93.22865376343908,0.764595652173913,4.0796799659729,12.886768341064453,344,0.3413211986562758,0.13585497,Low,Medium
35,10,24.648747016046393,92.65437013868636,0.7004826086956523,10.851677894592285,6.464860916137695,283,0.4939217193149934,0.49360344,High,High
110,10,26.450373929976756,93.82291078141368,0.6581782608695652,6.324545860290527,2.966405153274536,253,0.012928311239789712,0.021471452,Low,Low
55,80,26.26994926067707,91.90278424574008,0.2793913043478261,4.609692573547363,2.2658615112304688,302,0.03878831940620661,0.033507243,Low,Low
129,60,26.759603722404844,91.92003626158942,0.43756521739130433,4.812911510467529,2.076564311981201,293,0.07801735112047137,0.082736686,Low,Low
95,10,26.64546233531723,94.07340938893877,0.6292869565217392,6.487797737121582,1.0375829935073853,274,0.029198669332825448,0.048638694,Low,Low
122,10,26.186515386027516,94.00117014244674,0.5903347826086958,6.397674560546875,1.3884375095367432,290,0.01429380906070262,0.022871915,Low,Low
113,50,27.589907554493607,94.7523392747679,0.6411130434782609,6.601228713989258,1.8543341159820557,252,0.0861249500561723,0.031284206,Low,Low
155,10,25.72058220726332,92.94810857938796,0.771108695652174,5.007548809051514,6.54493522644043,292,0.2629839668129985,0.21718673,Medium,Medium
104,40,26.420161965027503,93.89939799852704,0.5874,6.346049785614014,4.740843296051025,282,0.0067255150822133555,0.015231862,Low,Low
90,90,27.140798767086203,94.64443944890877,0.6548434782608696,6.549590110778809,0.9274099469184875,282,0.10763591636570079,0.036825888,Low,Low
478,10,26.517099683253157,93.59289245859777,0.7954217391304348,5.27836799621582,2.269901990890503,324,0.130011994331103,0.05946308,Low,Low
50,30,26.465641181089843,90.03915634583124,0.6274739130434783,7.326508522033691,2.2690577507019043,249,0.045441055507565935,0.017231736,Low,Low
96,30,26.061742728946086,93.17429537596527,0.533,5.382511615753174,3.229870319366455,239,0.028854967797211313,0.031857394,Low,Low
94,10,26.830327541468755,93.26635961164524,0.5940217391304349,5.322771072387695,2.1253535747528076,283,0.054084709241008194,0.03388942,Low,Low
130,10,26.173191934787756,93.80446619254099,0.6762913043478261,6.589787483215332,1.3883514404296875,254,0.019009024258362758,0.02686774,Low,Low
67,40,26.417778203379804,92.66955465292205,0.5282565217391304,5.112224578857422,4.827629566192627,313,0.09792752421848855,0.1249537,Low,Low
42,60,26.38733697049748,90.08995032789785,0.5557521739130435,7.383674621582031,2.777907133102417,244,0.004162328888891493,0.008600658,Low,Low
175,10,26.49965558918511,94.32022497021264,0.6597608695652174,6.727971076965332,2.966560125350952,271,0.34267527545234255,0.13341497,Low,Medium
282,10,25.652997791030753,93.0646002152987,0.7761086956521739,4.324305534362793,10.868965148925781,333,0.3371891520537017,0.12006155,Low,Medium
49,60,26.26988555184606,91.42653111017243,0.4287217391304348,4.439283847808838,0.9274099469184875,297,0.07667323387549502,0.06456584,Low,Low
104,40,25.78889810805576,92.99886701150236,0.6338347826086957,4.631077766418457,1.0299731492996216,331,0.1295922493155821,0.073500484,Low,Low
35,10,24.788106907137653,92.28944219744538,0.7263173913043478,10.193900108337402,7.628172397613525,265,0.4107858445032939,0.4851977,High,High
84,40,26.978543658246988,93.86970680785302,0.5252521739130436,7.270076751708984,2.0805840492248535,268,0.0014884259181279418,0.0054975506,Low,Low
88,40,26.674008058432992,92.17684512081617,0.5992608695652174,5.350921154022217,0.9274099469184875,280,0.004397230121268669,0.009005965,Low,Low
126,10,27.67496620828667,95.40191599108356,0.780208695652174,7.788739204406738,1.3986825942993164,278,0.07310423125458845,0.11465933,Low,Low
130,10,27.50041029814356,95.46368220226515,0.5709173913043478,6.9220662117004395,2.793210506439209,274,0.0344253635552635,0.030830946,Low,Low
101,80,27.479248864106992,94.83935812875225,0.05063478260869565,6.784533977508545,0.0,287,0.0033176650558861933,0.010207118,Low,Low
58,40,26.13342044926378,92.5403164287132,0.2924913043478261,5.064931392669678,2.065312147140503,318,0.044417509800848666,0.018708194,Low,Low
115,10,26.671193610247165,94.33642506220158,0.7153782608695652,6.539404392242432,3.6196250915527344,273,0.14146507789402687,0.069275856,Low,Low
56,40,26.240462987208847,92.20761882536192,0.5431478260869566,4.693198204040527,1.0339425802230835,273,0.014033996211943327,0.015299277,Low,Low
838,30,25.660351419456827,92.52058646093116,0.6496869565217391,6.2254252433776855,4.211499214172363,322,0.3897067895906959,0.2406301,Medium,Medium
63,40,26.572807566565686,90.64537305751881,0.6266173913043478,6.289897918701172,1.0369230508804321,284,0.009410357968710233,0.014881142,Low,Low
41,10,24.94988690608539,92.89892498176279,0.7135521739130435,10.394758224487305,2.117382764816284,284,0.44106454280187485,0.28368342,Medium,High
90,40,26.545858693287713,94.11235933553019,0.5817130434782609,6.825425148010254,2.7802884578704834,271,1.6490788514484307e-05,0.0045121973,Low,Low
44,10,24.760200084320132,92.51014270070131,0.5776739130434784,10.149231910705566,1.379396677017212,250,0.268713031109595,0.38660863,Medium,Medium
61,40,26.214340265655906,92.51832819298872,0.6631521739130435,4.6784987449646,1.0337079763412476,330,0.10201984656100281,0.041774128,Low,Low
110,80,27.663466499398893,95.23834638772068,0.05231304347826088,7.358829498291016,3.8491241931915283,287,0.0002574301182189814,0.018313022,Low,Low
1238,10,25.253894224850185,93.30950919966908,0.7635565217391305,6.155728340148926,7.980436325073242,306,0.21085500458363754,0.117868766,Low,Medium
70,10,25.996304402647542,92.7993218838263,0.6098869565217392,5.649775505065918,2.772756814956665,290,0.06512588773839575,0.06272103,Low,Low
55,40,26.499618335883696,90.1993411428169,0.5717478260869565,6.990228652954102,2.0718488693237305,240,0.0017265932247568939,0.0060839863,Low,Low
141,10,26.073856158377158,92.53839164769744,0.7882043478260871,5.0839152336120605,13.37744426727295,290,0.5360848696373819,0.404528,High,High
105,20,27.48890359887756,94.2721428347027,0.5031173913043478,7.188398838043213,3.13346529006958,284,0.03451759682771689,0.017680485,Low,Low
76,10,24.37115940101371,92.44581498692425,0.7341652173913044,10.143038749694824,1.8543341159820557,285,0.6027863549634462,0.5775952,High,High
82,40,26.18053296833514,93.03157657264813,0.4726173913043478,5.2095866203308105,5.848700523376465,294,0.1219772979427168,0.07538396,Low,Low
33,40,26.203605260645517,89.82996323785363,0.48750000000000004,7.541438579559326,2.2647855281829834,271,0.013788833678472796,0.0065160324,Low,Low
905,10,25.0917568225782,93.27726610111047,0.8051695652173914,7.958152770996094,23.35135841369629,286,0.494973901298493,0.5278644,High,High
75,40,26.776516338923635,92.86219021024694,0.5114913043478261,5.069534778594971,1.3923962116241455,272,1.6490788514484307e-05,0.0132064875,Low,Low
127,10,25.76110498632198,92.98041968383161,0.7560478260869565,4.631077766418457,7.448803424835205,301,0.4323057914654414,0.24489465,Medium,High
995,10,26.20561057132067,93.51989996955159,0.8208913043478261,5.558996200561523,24.72869300842285,328,0.4663446621795443,0.3749381,Medium,High
974,10,25.34876354661336,92.80326112586863,0.6936,7.183628082275391,16.95858383178711,309,0.6012324953901428,0.70890146,Very High,High
68,40,26.570426553979466,92.08164174698834,0.5615,5.049450397491455,1.3910001516342163,272,1.6490788514484307e-05,0.01220899,Low,Low
1122,10,25.778184683139504,92.16882658169442,0.7603000000000001,5.944211959838867,9.250696182250977,301,0.245911433735513,0.11442245,Low,Medium
323,10,25.533613102331167,93.32316540015884,0.8041173913043479,5.124654293060303,17.05036735534668,329,0.19759519631341327,0.18338004,Low,Low
103,40,27.17170403094833,94.8775869762113,0.5755478260869565,7.002487659454346,2.968712568283081,255,5.634232869954597e-05,0.00434278,Low,Low
177,40,25.93005712948046,93.96694704614453,0.6257434782608696,6.457705020904541,1.0312031507492065,286,0.19071758900785665,0.08782067,Low,Low
82,40,26.737950168818777,92.53015569966064,0.5215869565217391,5.746335983276367,2.1249403953552246,291,0.0030419803925642295,0.013815386,Low,Low
125,10,26.13369529843936,93.88959213249265,0.5725260869565217,6.529478073120117,4.969377517700195,303,0.11350643140377052,0.16269894,Low,Low
89,40,26.90481569956338,94.03229344469126,0.2551652173913044,7.386166095733643,4.173252582550049,290,0.009945815180721101,0.009451452,Low,Low
83,40,26.971714636240726,94.12883900454334,0.6162434782608697,7.695245742797852,1.0405734777450562,301,0.00546497749414564,0.018140906,Low,Low
80,40,26.62356319989399,92.0885110680384,0.6150826086956522,4.9934468269348145,3.244272470474243,277,0.06424416044149693,0.04304996,Low,Low
39,40,26.348705535895487,91.13121381177474,0.5134434782608697,5.047268390655518,0.9274099469184875,271,0.01983000824920172,0.012388253,Low,Low
89,40,26.8840545154572,94.3449191087712,0.5786782608695652,6.483922481536865,2.125594139099121,292,6.19895176523798e-05,0.006035891,Low,Low
325,10,25.910592765840143,91.66948525917029,0.6977565217391304,5.103399753570557,2.2600820064544678,270,0.24161087359409572,0.12806575,Low,Medium
88,40,26.94239119122686,93.64588856761375,0.5665869565217392,6.1247878074646,0.9274099469184875,247,5.634232869954597e-05,0.0047902046,Low,Low
223,10,25.857581630874954,93.50286261165395,0.7745130434782609,5.489796161651611,8.240163803100586,313,0.35466845856852225,0.26143047,Medium,Medium
83,40,26.97300251484235,93.80068637764494,0.5593043478260871,7.06028938293457,3.119002103805542,254,0.0022817482503805393,0.0060421648,Low,Low
135,40,27.87388531587481,95.75256244834523,0.6256521739130435,8.391550064086914,3.704791784286499,298,0.04203466142792766,0.056620337,Low,Low
123,10,27.309905086478153,95.30345646497429,0.600095652173913,7.0372538566589355,0.0,277,0.02068931454570842,0.023278931,Low,Low
85,10,25.86304383952348,91.44866855159584,0.6588782608695652,5.817934513092041,7.448923587799072,267,0.3393079847011877,0.29169434,Medium,Medium
73,40,26.61131518693663,90.7343558340968,0.6415652173913043,5.965041160583496,2.780909299850464,283,0.02814161104289195,0.008999392,Low,Low
168,10,26.805040435484592,90.51007215690119,0.6235434782608696,5.9262776374816895,0.9274099469184875,266,0.30286610479890436,0.1293158,Low,Medium
134,10,27.895339595626176,95.73048238062333,0.6740869565217391,8.840816497802734,1.0493130683898926,321,0.047513714534701074,0.08970911,Low,Low
81,40,26.77635531487227,93.69348079100874,0.04089565217391305,5.636923789978027,2.967435836791992,253,0.004556573605290573,0.0077038994,Low,Low
30,10,24.960374561583087,92.60815117522772,0.540913043478261,9.775341033935547,3.581482172012329,288,0.07549380127210406,0.07725905,Low,Low
901,10,26.303613884564413,93.42630012925825,0.8028913043478262,4.986250877380371,15.881760597229004,348,0.2247334604557955,0.07127179,Low,Medium
946,10,26.3807263002902,93.699930158027,0.7825478260869565,5.851365566253662,3.464144229888916,331,0.18687408411918982,0.1523447,Low,Low
27,40,24.846297470860836,92.97353213547778,0.5935739130434783,10.75383472442627,2.1169700622558594,290,0.3391825571849153,0.24858582,Medium,Medium
483,10,25.341591418871825,93.24586601102055,0.7716913043478262,6.311609745025635,16.58311653137207,351,0.7130980540726787,0.78745306,Very High,Very High
61,80,26.538177008824416,91.50947077585468,0.5371478260869565,5.57822847366333,3.4658310413360596,252,0.0026505121712268277,0.024554567,Low,Low
18,40,24.906437370905017,92.51098601174722,0.40418260869565215,10.048543930053711,0.9274099469184875,254,0.18461878426376857,0.030495694,Low,Low
106,40,27.447973847512614,95.02706091135636,0.6073478260869565,6.693644046783447,1.0450278520584106,282,0.004030761256523865,0.007986657,Low,Low
84,40,26.68869056471053,91.65252886880506,0.512695652173913,5.28802490234375,2.2727348804473877,312,0.03407598738268104,0.024496917,Low,Low
122,80,27.7196048211105,95.37056243923895,-0.039288888888888894,8.43044662475586,2.9705333709716797,291,0.015784272408871005,0.015088877,Low,Low
357,10,25.46834697545476,92.80728857673529,0.7446956521739131,6.114633083343506,9.414121627807617,301,0.3600765343635109,0.26638123,Medium,Medium
182,10,26.735861213212406,90.24445347177836,0.7457826086956523,5.995786666870117,7.288980960845947,269,0.26971374797372444,0.18801072,Low,Medium
128,10,26.673685271958625,90.10651285691516,0.7335304347826087,6.746210098266602,5.067627906799316,276,0.2468774364339845,0.21184282,Medium,Medium
200,10,26.760119162181525,90.32146471214692,0.7515000000000001,6.43351936340332,5.179542064666748,276,0.26221654277032963,0.21505906,Medium,Medium
120,10,26.207399664179682,93.84156391803984,0.5961130434782609,6.5973663330078125,1.3885750770568848,249,0.008393617498620198,0.015811067,Low,Low
59,10,26.365272262797514,91.65755839676847,0.5253913043478261,4.846367835998535,3.704791784286499,292,0.20254710019145258,0.21130624,Medium,Medium
602,10,26.006384879615474,92.43356321732252,0.7212782608695653,5.127140045166016,22.345470428466797,334,0.8464444980621858,0.90550655,Very High,Very High
88,40,26.91568912671443,94.29355078057384,0.5826913043478261,6.682145118713379,6.362200736999512,277,0.07807719131215893,0.05364857,Low,Low
16,40,24.75316847570941,92.75519051309362,0.32056,10.888627052307129,2.242222309112549,297,0.3518077658407277,0.1652578,Low,Medium
99,80,27.442498779402612,94.8048601524415,-0.045423809523809526,6.706501007080078,0.0,264,0.00010797534640159413,0.007299685,Low,Low
746,10,25.340336640027402,93.35311088693192,0.745208695652174,5.738531112670898,12.258747100830078,345,0.4092269267878743,0.3117602,Medium,High
82,40,26.08389506256325,92.97835185343696,0.37397391304347827,5.308316707611084,1.0325549840927124,298,0.013422855658691791,0.011085827,Low,Low
32,40,26.140612981766225,89.87184670752366,0.5074347826086957,7.434948921203613,2.7802884578704834,282,0.005995722141062792,0.008570181,Low,Low
84,40,26.7892670805784,94.10680127957993,0.593995652173913,6.160747051239014,0.9274099469184875,279,0.0014485743779428801,0.007366003,Low,Low
45,40,26.520973012901486,91.16218454612564,0.5964869565217391,5.545485019683838,4.2409749031066895,284,0.0022873954393333733,0.022333717,Low,Low
83,40,26.804792724078528,93.1358249712169,0.49944782608695654,5.551051616668701,0.0,281,0.009473281488670547,0.018437162,Low,Low
193,10,25.751099796873547,92.762165207885,0.7636391304347826,5.8471221923828125,15.294896125793457,282,0.628539463729206,0.70897573,Very High,High
67,40,26.605787796079348,92.3461386933975,0.4924434782608696,5.778796195983887,2.9668941497802734,273,1.6490788514484307e-05,0.013495457,Low,Low
275,10,26.55203401935085,94.30560357705086,0.8154130434782609,6.600235462188721,22.51906394958496,314,0.3805033451844152,0.57532763,High,Medium
84,10,26.62046446535528,91.81110244123268,0.6410695652173913,4.900136470794678,2.7802884578704834,296,0.23224364605182288,0.18721376,Low,Medium
84,40,27.00869083020432,93.98695129846436,0.6370739130434784,6.880859375,4.175390243530273,253,0.01800864163463142,0.012040623,Low,Low
358,10,25.62940979952422,93.27491824634704,0.7185173913043479,4.5168280601501465,8.173734664916992,347,0.6057422587234559,0.35672045,Medium,High
19,40,24.70426111508093,92.461087678056,0.3362809523809524,9.91019058227539,2.241492748260498,263,0.053901425055170926,0.016380375,Low,Low
220,10,26.532223955131037,93.29775202136224,0.7500782608695652,4.969355583190918,5.547544956207275,254,0.2530668184907882,0.1153943,Low,Medium
771,10,26.284310814826604,93.55622371544422,0.8280260869565218,5.593973636627197,23.06644058227539,318,0.45323061332238174,0.308471,Medium,High
111,60,26.7587298305954,92.11906198180186,0.4004521739130435,5.272734642028809,3.8468427658081055,258,0.005669907436310728,0.019997315,Low,Low
23,40,24.909829666542112,92.76427001173329,0.5991173913043478,10.539266586303711,4.2286810874938965,287,0.2570579724263732,0.15142214,Low,Medium
77,40,26.692132425156977,92.52422407249254,0.5028347826086957,5.487695693969727,4.168919086456299,296,0.002692011010723208,0.02229705,Low,Low
154,10,27.960713863973034,95.84905520186443,0.7185652173913043,9.044215202331543,3.4817793369293213,333,0.2031393876502972,0.22534974,Medium,Medium
43,40,26.309931949483612,91.29398826907733,0.48260000000000003,4.91748046875,2.7768805027008057,266,0.002284941085275347,0.011942736,Low,Low
29,10,24.779155678508786,92.29179031551175,0.7156217391304348,10.193900108337402,1.8543341159820557,258,0.31001696646489935,0.2675919,Medium,Medium
78,10,26.609560386727896,93.17034450248494,0.643295652173913,5.318650722503662,5.2543487548828125,258,0.24294105629001844,0.1581482,Low,Medium
94,10,27.17723807345064,94.70948559273062,0.6317739130434783,6.697267532348633,2.788670301437378,262,0.03826047619984361,0.032427542,Low,Low
211,10,26.01949916246348,93.27666080768817,0.7581260869565217,5.144014358520508,1.3873411417007446,296,0.2519433587863725,0.1846283,Low,Medium
150,10,27.545670923034717,95.8230356401051,0.6947782608695653,6.98750638961792,4.567325592041016,298,0.13830713099957592,0.119530074,Low,Low
90,10,25.879991041909005,91.11823514051504,0.6265000000000001,6.259805679321289,10.900680541992188,290,0.727092669604702,0.69345015,High,Very High
67,40,26.243922785412767,92.57929452073094,0.5734130434782609,4.68540620803833,2.2654378414154053,326,0.0625670262301484,0.045752782,Low,Low
24,40,25.953987010215286,89.87197653196938,0.4687434782608696,7.3078999519348145,1.8543341159820557,324,0.08502119795782019,0.021756167,Low,Low
110,10,26.66250684384271,90.1983623970255,0.6675521739130436,6.364376544952393,1.3916218280792236,303,0.022963589756062688,0.03451602,Low,Low
57,40,26.289108131430588,92.22641280022462,0.3576304347826087,5.011172771453857,0.0,287,0.013423655586457972,0.012036195,Low,Low
94,10,26.625131813678536,90.10067037645092,0.7523217391304349,7.07444429397583,2.2716851234436035,253,0.03871654866326431,0.019656617,Low,Low
109,10,26.648345112387723,94.25843726676071,0.6837826086956522,6.66696834564209,4.6273674964904785,259,0.04636656477912685,0.049653865,Low,Low
810,10,25.76834333008561,92.37053414577032,0.7454391304347826,6.056466102600098,3.704791784286499,300,0.21069709542948709,0.08532288,Low,Medium
94,10,26.602872510033666,93.9560178471994,0.6675913043478261,6.470938682556152,2.1243414878845215,263,0.009458277651692687,0.021215465,Low,Low
42,40,26.280466552517012,91.26537257329768,0.5274304347826088,4.75742244720459,2.7764902114868164,269,0.013621642476426957,0.015302984,Low,Low
110,40,26.316670512278037,93.86519976914363,0.5863260869565218,6.378964424133301,3.6114251613616943,266,0.003389675662032879,0.008927439,Low,Low
18,10,24.631636970568323,92.46053462680511,0.4653521739130435,9.907974243164062,2.2404143810272217,256,0.1274239535850298,0.047901507,Low,Low
89,40,26.554420017493673,93.8311166974884,0.5800739130434783,6.163519382476807,2.9667320251464844,256,5.634232869954597e-05,0.0048427866,Low,Low
108,10,27.52229084658877,94.26401960473169,0.5711478260869566,6.581480026245117,1.0457342863082886,289,0.01698375129658763,0.02218402,Low,Low
49,40,26.00738902233026,91.4557194570246,0.5009391304347827,4.598418712615967,1.3872612714767456,276,0.01205771839188018,0.018757569,Low,Low
526,10,26.407204441087767,93.00565266081608,0.8053913043478261,4.951613903045654,9.587315559387207,331,0.07534093205066988,0.048606325,Low,Low
271,10,25.07496331657052,92.68001201410871,0.7438434782608696,9.383251190185547,7.651562690734863,304,0.5893144204601832,0.5849487,High,High
887,10,26.263206659748654,93.42165397660857,0.8124478260869565,5.0650787353515625,19.602388381958008,355,0.32966089557721984,0.24153502,Medium,Medium
77,40,26.797854740382185,92.9933975338127,0.5448086956521739,5.269626617431641,0.9274099469184875,265,0.0017265932247568939,0.00844381,Low,Low
31,80,26.176901005334816,90.67857359839502,0.29012608695652176,6.908987998962402,0.0,283,0.05664416799877813,0.0105526,Low,Low
64,40,26.557488063647224,91.57828359680413,0.5308913043478262,5.346305847167969,3.4660375118255615,259,5.634232869954597e-05,0.012354508,Low,Low
67,10,26.58402905609905,91.40953783673355,0.6368608695652175,5.274825572967529,1.3910901546478271,270,0.07108536556690678,0.03695598,Low,Low
176,10,26.550092379681587,93.53434409037305,0.7753695652173913,5.572445392608643,22.112369537353516,244,0.7296787581308225,0.8701093,Very High,Very High
470,10,26.196755232803284,92.88316906617263,0.7681869565217392,4.702877044677734,20.666540145874023,340,0.41447979293704323,0.19516654,Low,High
114,40,27.196666724123364,95.2077263454697,0.5321956521739131,7.222339153289795,1.8543341159820557,253,5.634232869954597e-05,0.0045987614,Low,Low
99,10,26.902235784240794,94.48125439895169,0.6098217391304348,6.471229553222656,4.245517730712891,300,0.03551682198294443,0.061552268,Low,Low
93,40,27.329867423544655,94.3267942944083,0.5754086956521739,6.821145534515381,3.2629950046539307,285,6.19895176523798e-05,0.011808418,Low,Low
90,10,26.766482727629864,93.2280412906007,0.6944347826086957,5.280038833618164,3.113326072692871,287,0.08808893902951255,0.058599025,Low,Low
67,80,26.738552210134436,93.30221995417992,0.30797391304347826,5.645938873291016,2.7802884578704834,274,0.002694344142157666,0.014617525,Low,Low
106,10,27.19597848690509,94.9176846115698,0.6683608695652175,6.930919170379639,1.8543341159820557,258,0.007206534352910684,0.017257117,Low,Low
626,10,25.364109072246684,93.19921366600396,0.8040695652173914,6.285632610321045,13.140485763549805,286,0.3257342383682404,0.1712107,Low,Medium
89,40,26.829705725623466,94.30801558012594,0.5202173913043479,6.258127212524414,1.8543341159820557,282,1.6490788514484307e-05,0.006058995,Low,Low
143,40,26.768992066677875,90.42712695602233,0.5714652173913043,6.46410608291626,1.3923450708389282,277,0.03478357614952171,0.015709776,Low,Low
53,40,26.225901835955497,90.0710282735051,0.6371,7.728521347045898,1.3886981010437012,299,0.01643737441995418,0.017017577,Low,Low
55,40,26.45539045264842,91.8180817460459,0.47729130434782613,4.477388858795166,1.8543341159820557,295,0.01518272185735154,0.02358772,Low,Low
76,60,26.583459284784986,90.21022203944834,0.37115652173913044,6.768795013427734,1.0370211601257324,255,0.002694344142157666,0.00885283,Low,Low
89,60,26.661503405521646,93.84431907288369,0.6008304347826088,6.187429904937744,2.967071056365967,268,0.01405845042344172,0.01377407,Low,Low
41,40,26.342353493824312,90.91688508326726,0.33283913043478264,5.385525226593018,4.240582466125488,301,0.022104190380639717,0.014431078,Low,Low
79,40,26.69192756620743,93.72086624988962,0.558508695652174,6.012073993682861,1.0380048751831055,262,0.005899529405454414,0.0056283483,Low,Low
237,10,26.111458173639875,92.43045522957576,0.7157173913043479,4.86875581741333,35.36852264404297,271,0.9083804680139798,0.931508,Very High,Very High
116,10,27.639210126707184,95.30746850005163,0.665304347826087,7.0823516845703125,2.7802884578704834,272,0.014536934693829698,0.026075315,Low,Low
976,10,25.37746689023015,92.80053867180348,0.7668260869565218,6.792962551116943,12.167200088500977,314,0.5050334407751121,0.55343884,High,High
23,10,24.892563316378553,92.7523010577091,0.4862826086956522,10.461831092834473,2.2443184852600098,285,0.17568379479027152,0.15807052,Low,Low
89,40,26.864760852587857,94.28709831613526,0.6051913043478261,6.492920398712158,2.784355640411377,273,0.0049199012591474005,0.007328906,Low,Low
147,10,27.430929445063363,95.5866647128159,0.8014695652173913,6.276587009429932,1.8543341159820557,288,0.09662121391190405,0.047539648,Low,Low
17,40,24.819186363515552,92.40134847133399,0.35279565217391307,10.204423904418945,3.1995253562927246,265,0.1365802381523556,0.07032718,Low,Low
404,10,25.044688222273535,93.20381053655477,0.7962217391304348,8.072572708129883,18.734935760498047,353,0.5447499767890835,0.77800196,Very High,High
53,40,26.061664530513607,91.60462299481728,0.5517260869565217,4.2621169090271,1.3876174688339233,291,0.06138011772184291,0.027790887,Low,Low
102,10,25.919923280742033,92.68274468995803,0.7145652173913043,5.526453018188477,8.51657772064209,303,0.3599361390466244,0.36357862,Medium,Medium
96,40,26.73184820158796,94.24182257151719,0.6760826086956522,6.700430870056152,3.467926025390625,276,0.02904351799732546,0.021342557,Low,Low
1035,10,25.832565071641312,92.20658778242469,0.7336391304347827,5.699540615081787,18.72275161743164,279,0.49014876428447723,0.27490443,Medium,High
85,60,27.07490366519845,94.18043690435275,0.4801304347826087,7.417377948760986,2.9683966636657715,312,0.05434425384398834,0.037645873,Low,Low
95,40,26.213417881558758,93.15499374755308,0.4612391304347826,5.457823753356934,2.0667288303375244,270,0.001686741684571832,0.009651156,Low,Low
66,10,26.47467793550217,92.44637891443338,0.5325739130434783,4.947088718414307,1.3903557062149048,287,0.07525039491762468,0.09849951,Low,Low
398,10,27.56461153559274,94.36872149187839,0.7587782608695652,6.546237468719482,2.2876296043395996,259,0.1870495412243679,0.06541411,Low,Low
58,40,26.498336303616437,90.22396490335014,0.553095652173913,6.932117462158203,1.3905141353607178,270,1.6490788514484307e-05,0.0039278334,Low,Low
141,10,27.62385445783901,95.64482984139427,0.6439391304347827,7.317212104797363,2.288655996322632,275,0.07471286945821638,0.054542094,Low,Low
98,40,27.19118171735971,94.74167665554126,0.5779478260869565,6.697267532348633,5.0010986328125,255,0.059946428442246076,0.031874612,Low,Low
125,10,26.663517289950732,90.10380676312839,0.7292434782608697,6.746210098266602,1.8543341159820557,281,0.04382266306965581,0.050961778,Low,Low
91,10,26.86224177978851,92.91554922322571,0.5941173913043478,5.800957202911377,3.469348907470703,281,0.0630843759725444,0.08607671,Low,Low
107,60,27.579490951358117,94.87483444076543,0.442895652173913,6.411702632904053,2.7943356037139893,283,0.010477016248927617,0.018515646,Low,Low
298,10,26.780192234031432,90.64118011394677,0.7948695652173914,5.491256237030029,0.9274099469184875,287,0.15495662936095306,0.054321844,Low,Low
65,10,26.236747474240158,92.63917131422215,0.5794173913043479,4.782480239868164,3.0990350246429443,298,0.19226144011711827,0.13617377,Low,Low
238,10,27.171638812818916,95.3858387864529,0.7944695652173913,7.030588626861572,19.24537467956543,314,0.4773242634603337,0.54185027,High,High
45,40,26.285885004578894,91.13320118095123,0.5213782608695652,5.043895721435547,2.2661185264587402,264,0.0025626176237522292,0.010145059,Low,Low
206,10,25.750576137830752,93.02936569840247,0.7559434782608696,4.465906620025635,3.704791784286499,275,0.2645263768580674,0.12421096,Low,Medium
165,10,26.791074596872907,91.92791653703756,0.6536391304347826,4.812911510467529,1.3924967050552368,293,0.2962844967106466,0.21385357,Medium,Medium
83,10,26.19198510274495,92.96022394328017,0.5649826086956522,5.304300308227539,3.6085774898529053,294,0.06647875973647549,0.06681977,Low,Low
278,10,25.347968071750937,93.1598124166308,0.7442913043478261,6.793236255645752,7.3788604736328125,310,0.5201105160334503,0.5622931,High,High
130,10,26.76390607419649,94.68043284236789,0.8181913043478262,6.945366382598877,2.7802884578704834,266,0.13220615042308645,0.043134037,Low,Low
89,40,26.627690469700703,93.89637836097204,0.565195652173913,6.150116443634033,3.109548330307007,269,0.0006854543256950758,0.005412516,Low,Low
61,40,26.669162366520283,91.28560251904945,0.6002869565217391,5.737945079803467,1.3916670083999634,265,0.0007293127971028182,0.009901247,Low,Low
191,10,25.843473803711973,93.34742569127523,0.7327913043478261,4.719996452331543,4.6273674964904785,297,0.255710198934482,0.23518108,Medium,Medium
801,10,25.40784711986892,92.70300983565143,0.7312304347826087,6.315807342529297,6.308595180511475,307,0.28785316300149616,0.212618,Medium,Medium
101,40,27.34989828667139,94.8547617895149,0.5059347826086957,6.553901672363281,2.1277174949645996,242,0.0017265932247568939,0.0071957563,Low,Low
745,10,25.76989431045339,91.2016379310831,0.7554521739130435,7.056971549987793,9.844583511352539,310,0.46099836480944467,0.4845138,High,High
32,10,24.583919317975877,92.96840691566942,0.6350347826086957,9.756470680236816,0.9274099469184875,274,0.13207978597663936,0.09068681,Low,Low
45,10,24.641166331388792,92.81933393445117,0.6870521739130435,10.640317916870117,4.474277496337891,265,0.3674523211663618,0.36519715,Medium,Medium
56,10,26.638526615520544,91.22114995574516,0.5586652173913044,5.494021892547607,2.1244988441467285,275,0.01272662258973009,0.031255905,Low,Low
72,10,26.229370228848772,92.64617083348939,0.6008695652173913,4.782480239868164,6.545626640319824,309,0.4269256698744659,0.44110107,High,High
51,40,26.394926633067204,91.56350670537003,0.4967217391304348,5.032259941101074,0.9274099469184875,274,0.00032070804925348416,0.012602377,Low,Low
468,10,26.30922486879796,93.15266429727333,0.7031565217391305,5.199253082275391,16.1603946685791,312,0.8498596530309472,0.8699738,Very High,Very High
187,30,25.675591451103372,92.83710979599832,0.7252304347826087,5.598331451416016,5.060476779937744,279,0.3219884856356739,0.38236502,Medium,Medium
82,80,26.83691225605288,93.96517559858236,0.3438652173913044,6.3979878425598145,1.3928099870681763,268,0.006090755056167271,0.007077906,Low,Low
108,10,27.226552737217588,95.07121875032308,0.6159391304347827,6.877619743347168,0.9274099469184875,263,0.014618123860881328,0.024890915,Low,Low
50,10,24.964550562675615,92.65913325013531,0.7617695652173914,9.844245910644531,10.250694274902344,276,0.5347719248713895,0.5394636,High,High
25,10,24.575136299575856,92.41445452647503,0.6051652173913044,10.154508590698242,2.754964590072632,264,0.24261288924666127,0.2280146,Medium,Medium
56,40,26.38138848159061,92.30924168056453,0.48273478260869573,5.014750957489014,2.9661898612976074,264,0.004177668277169866,0.0098096505,Low,Low
161,40,26.73652894887761,90.86779193114116,0.6532217391304348,5.592296600341797,2.782609224319458,249,0.16214800728543874,0.03205757,Low,Low
53,10,24.62530954344781,92.83430731954539,0.7198434782608696,10.640317916870117,0.9274099469184875,276,0.5358715583047636,0.48314026,High,High
99,10,26.69202159682346,89.90039383388435,0.6868608695652174,6.788049697875977,2.075334072113037,264,0.004869670509259528,0.016655065,Low,Low
174,10,27.365687522021933,95.69986153441005,0.7858826086956522,6.513613700866699,10.488351821899414,312,0.489845277442283,0.5055691,High,High
40,40,26.350519989189394,91.09219254685651,0.5007782608695652,5.236977577209473,1.3895258903503418,273,0.01237502548623655,0.010234686,Low,Low
139,30,27.5870003088825,95.6032490240256,0.6811521739130435,7.150399208068848,2.09199857711792,280,0.05027619343217564,0.034565818,Low,Low
62,40,26.535658066820538,91.61472006318284,0.48683043478260873,5.121142387390137,4.139590740203857,258,5.634232869954597e-05,0.012905395,Low,Low
48,40,26.575008435107815,91.03116301749843,0.6267434782608696,5.977927207946777,2.2708542346954346,256,0.03031059233520088,0.007864074,Low,Low
48,10,24.505558582906936,92.34691439058145,0.6914304347826087,9.919666290283203,10.17110824584961,277,0.5496953889159194,0.48703507,High,High
77,40,26.73939569568898,93.93284063130983,0.5825130434782609,6.466911315917969,2.124948024749756,262,5.634232869954597e-05,0.0059007243,Low,Low
40,40,26.234644298766273,90.25121191414311,0.5194130434782609,7.907287120819092,2.265289306640625,272,0.01286683637776358,0.014915938,Low,Low
62,10,26.67042606065243,91.26253380316741,0.6334173913043478,5.737945079803467,2.781712532043457,263,0.10767691396199972,0.06767472,Low,Low
71,10,26.583048665554436,92.33130874430239,0.6732391304347827,5.378529071807861,2.7802884578704834,261,0.07515146260933624,0.03462634,Low,Low
56,30,25.940922738301904,91.13990147217024,0.6052347826086957,5.679971218109131,0.9274099469184875,289,0.010045899350469595,0.032531045,Low,Low
533,10,25.130192558270675,92.87589835280012,0.7672608695652174,8.813605308532715,29.546907424926758,305,0.7462407055438856,0.8164279,Very High,Very High
67,10,26.764781398000213,91.19286331400718,0.7682347826086957,5.326898574829102,1.0386689901351929,270,0.13981901935812688,0.040456913,Low,Low
364,30,25.17412967050195,93.02793562961638,0.7567652173913043,8.024421691894531,13.570112228393555,331,0.8488073740226424,0.88025403,Very High,Very High
601,80,25.508746406804388,92.681590041634,0.5979,6.361863136291504,9.250447273254395,314,0.7309855582219822,0.7899674,Very High,Very High
66,40,26.525471113754744,92.81399290172472,0.5058086956521739,4.8667426109313965,1.0364962816238403,280,0.01976093036919606,0.041928846,Low,Low
70,40,26.586999755283554,91.54648667908504,0.6401217391304348,5.559905052185059,1.3911107778549194,271,0.013872319894676272,0.016648248,Low,Low
79,10,26.875928425336898,93.75593868212324,0.6086,6.149852275848389,2.078691005706787,265,0.017290920727111313,0.026999071,Low,Low
49,10,26.497281461999677,91.086738641856,0.6153913043478261,5.3788604736328125,2.966552257537842,282,0.10665894937128016,0.06510775,Low,Low
1362,10,25.277579203379617,93.37287731088227,0.7416086956521739,5.888121604919434,34.554908752441406,349,0.6007787166559896,0.6495438,High,High
118,40,27.697407858336828,95.12720799583506,0.610208695652174,7.188418388366699,2.7802884578704834,270,0.013625007340851125,0.0064157466,Low,Low
303,10,25.901556546297435,91.33549208312137,0.6843260869565218,5.296744346618652,27.567399978637695,309,0.941218820936027,0.9307022,Very High,Very High
111,10,26.83497029651769,94.64382552058348,0.6457782608695652,6.6024088859558105,3.6234705448150635,276,0.0791051642380303,0.068339325,Low,Low
988,10,25.388402804134422,92.78551502870273,0.7736652173913043,6.9755659103393555,8.219707489013672,324,0.4296189542206709,0.44957605,High,High
245,10,24.986476425752432,92.62921505613606,0.7960826086956523,9.775341033935547,34.72746276855469,274,0.5413682810547704,0.5966294,High,High
46,40,26.231657612507814,91.50848584967245,0.5231130434782609,4.173367500305176,0.9274099469184875,269,0.054597142191609487,0.026963988,Low,Low
47,40,26.610781482085496,91.11912724412649,0.5403173913043479,5.726959228515625,2.2714462280273438,265,0.0028981059390005446,0.008908761,Low,Low
114,10,26.3665571763215,93.9344351884253,0.6841565217391304,6.556094169616699,2.123305320739746,278,0.02042052366487201,0.030800473,Low,Low
31,80,26.000601642210313,90.09249472262714,0.0579695652173913,6.870268821716309,2.1217269897460938,281,0.024604271594383734,0.008195278,Low,Low
111,10,27.19376060876936,95.06526796448132,0.7041478260869566,6.914967060089111,2.126999855041504,266,0.025733723774197696,0.0178082,Low,Low
304,10,26.336446496869996,93.7411244287796,0.7529956521739131,6.121710777282715,8.536476135253906,288,0.20125006638003393,0.14152776,Low,Medium
108,40,27.00626732937433,95.07571873943765,0.5323739130434784,7.323709487915039,2.081097364425659,275,0.002522766083567167,0.0056275483,Low,Low
176,10,26.752553914795914,90.26438282874206,0.7551478260869565,6.522374629974365,4.249144554138184,246,0.17358791712022145,0.08269503,Low,Low
65,60,26.47944087502362,92.0797829478662,0.4702521739130435,4.69881534576416,2.2692811489105225,292,0.07028973372451693,0.10530006,Low,Low
135,10,26.74014892604492,90.37549490137091,0.6851217391304348,6.154320240020752,0.0,290,0.03196161484251097,0.037382957,Low,Low
48,40,26.268469533897076,91.62048773732857,0.5108173913043478,4.918097496032715,2.265834331512451,286,0.003597931910333677,0.01503404,Low,Low
74,40,26.753046071371468,92.95248543919038,0.5288391304347826,5.269626617431641,0.9274099469184875,258,0.0017265932247568939,0.008269634,Low,Low
263,10,25.882248422866393,92.68787804352935,0.7738,5.556946754455566,4.116489887237549,286,0.2724606666372706,0.24436723,Medium,Medium
62,10,26.33778598958618,90.49233171922951,0.5452391304347827,6.7781901359558105,22.52130699157715,289,0.9262379878232503,0.9128709,Very High,Very High
91,40,26.994222183873383,94.52217712730247,0.6245173913043478,6.314075469970703,0.0,298,0.00612562191482757,0.014640743,Low,Low
43,10,26.323717602135265,91.3361107357043,0.47539565217391305,4.778807163238525,2.966010093688965,280,0.16736980194917403,0.086469345,Low,Low
30,10,24.749799796969207,92.690394753663,0.7054739130434783,10.601967811584473,6.864963054656982,260,0.3110195552723584,0.3047544,Medium,Medium
129,10,27.55283738333739,94.42986152881983,0.6171478260869565,6.575724124908447,0.9274099469184875,278,0.05113451720207191,0.06219256,Low,Low
46,40,26.45252616356616,90.98599096792691,0.5195869565217391,5.2839860916137695,2.0709993839263916,264,0.00023249716350713656,0.0067864247,Low,Low
356,10,25.51350268580001,93.29452718645433,0.8007652173913044,5.0659332275390625,12.291577339172363,343,0.17953323141991345,0.122206815,Low,Low
310,10,25.91148769210961,91.66624748756803,0.6752304347826087,5.103399753570557,9.378704071044922,266,0.39831516425124724,0.36669782,Medium,Medium
107,10,26.915165261390477,92.72705299594702,0.6566217391304349,5.8355231285095215,3.4699316024780273,295,0.15349831458913887,0.1245198,Low,Low
123,10,26.743654546806113,91.80381028693503,0.7334739130434783,4.923382759094238,1.0384761095046997,283,0.1556241798070471,0.1281941,Low,Low
120,10,27.160213303080873,95.20910213357291,0.6396913043478262,7.222339153289795,2.0839552879333496,260,0.008548066482669517,0.02060296,Low,Low
694,10,25.07238333385282,93.08077155508393,0.8065434782608696,8.200037002563477,24.409393310546875,321,0.6473531488765459,0.88835514,Very High,High
97,10,26.63616133794636,94.02402191760686,0.6957217391304348,6.310431957244873,2.7802884578704834,273,0.025467990855493672,0.03283248,Low,Low
695,10,25.25207640533697,92.8866437421515,0.785713043478261,7.7635498046875,20.350099563598633,291,0.8302867305108605,0.8730842,Very High,Very High
674,10,26.337066400516843,93.67292323187039,0.785804347826087,6.053843975067139,33.65559768676758,331,0.7259035988632297,0.76731414,Very High,Very High
176,10,26.78436390268747,90.36031411624268,0.6400260869565217,6.280435562133789,3.4684951305389404,260,0.41974744387513535,0.20496717,Medium,High
138,10,27.923410503471437,95.7012080329453,0.7185695652173913,9.414463996887207,1.8543341159820557,315,0.15700806016752294,0.14579365,Low,Low
55,40,26.595826367053732,90.85587875831175,0.6009782608695652,6.123903274536133,1.3911707401275635,265,0.0007293127971028182,0.005037177,Low,Low
135,80,27.775839829818537,95.69133636766776,0.07526190476190477,7.96293830871582,0.9274099469184875,284,0.02364229310411282,0.021997672,Low,Low
242,60,26.865865458937108,90.42680972433918,0.4814739130434783,5.285831928253174,1.3930078744888306,292,0.35903460826375133,0.30285448,Medium,Medium
69,10,26.27208617192413,92.59562460002988,0.6509652173913043,4.857574939727783,4.23997688293457,312,0.2715191382416583,0.24720736,Medium,Medium
294,10,25.826318623592176,93.23220817111493,0.756004347826087,4.264008045196533,5.913187503814697,330,0.21300979735667594,0.063957945,Low,Medium
546,10,26.055805187715304,93.49181551313133,0.7431695652173913,5.318340301513672,17.991092681884766,374,0.7239158083748972,0.7248598,Very High,Very High
131,10,27.84596922576422,95.54139520032712,0.6244217391304349,8.658476829528809,0.0,296,0.060705882153865014,0.10256868,Low,Low
723,10,26.365354321332077,93.67357648495259,0.8174869565217392,5.459715366363525,16.06037139892578,353,0.26793637946893656,0.08861385,Low,Medium
118,10,27.519980079157463,95.14001462343671,0.6601565217391304,6.583608627319336,1.045710563659668,277,0.01668762233863423,0.031086057,Low,Low
79,40,26.206206499730957,93.04310311009027,0.5612826086956523,5.237712383270264,2.7755062580108643,289,0.005099329836097093,0.011542297,Low,Low
97,10,26.856690157228,93.38555860313399,0.5966739130434783,5.489648818969727,2.9676926136016846,263,0.03353514735645315,0.032463234,Low,Low
113,40,27.147801237941547,95.21310392962809,0.6245826086956522,7.4518842697143555,1.394956111907959,261,0.003472413396005412,0.008635307,Low,Low
201,10,25.47224107086575,93.0659981878246,0.7789391304347827,5.837181568145752,9.828088760375977,302,0.4454121083385159,0.5491786,High,High
50,40,26.524287373104066,91.3129497534063,0.5017260869565218,5.245665073394775,0.0,292,0.006941629972963558,0.010217273,Low,Low
794,10,26.138763727087362,93.47223797547048,0.8191478260869566,5.192713260650635,25.29316520690918,328,0.3813192845979276,0.2882376,Medium,Medium
43,40,26.28816269017981,91.20115010652943,0.4756782608695652,4.818373680114746,3.704791784286499,269,0.02031734474069164,0.022190627,Low,Low
34,40,24.47365806235121,92.31718756844555,0.5798869565217392,10.145463943481445,5.406309604644775,280,0.3192896329322827,0.5401087,High,Medium
242,60,26.83727935665058,90.24563242165752,0.41340000000000005,5.402279853820801,3.623522996902466,273,0.35123452526067206,0.20389017,Medium,Medium
754,30,25.486657234422662,92.64966884301803,0.6713260869565217,6.813338756561279,4.812061309814453,311,0.5712189296093456,0.6094278,High,High
83,10,26.819728251979825,92.99481850182286,0.6890217391304349,5.598343372344971,0.0,270,0.06209822250036602,0.042638596,Low,Low
160,40,25.863664949482818,93.8522623130929,0.6094565217391305,6.316402435302734,4.236492156982422,280,0.20880610346780082,0.05321919,Low,Medium
57,10,26.315540264077224,92.21146369153062,0.5606260869565217,4.944434642791748,1.0346108675003052,257,0.06925478823930037,0.051019244,Low,Low
107,40,26.83209978710608,92.51655225416351,0.5699913043478261,5.638049602508545,3.1151301860809326,273,0.0033498241218478174,0.012086201,Low,Low
40,40,26.365265202294566,90.99699487570435,0.5018478260869565,5.163161754608154,2.1232993602752686,283,0.006013475033479918,0.013838305,Low,Low
49,10,26.22033892508209,89.9093357634762,0.6844130434782609,7.432221412658691,3.462440252304077,285,0.11653931333359928,0.048567045,Low,Low
187,10,24.471942528654697,92.889053069671,0.7815478260869565,9.72518253326416,16.09222412109375,262,0.6726057748208606,0.660743,High,High
120,10,26.93103562860759,92.63128514093793,0.6091434782608697,5.660716533660889,2.0797078609466553,297,0.05055573942940105,0.06684105,Low,Low
83,40,27.112279811069026,94.14515347807507,0.5726739130434784,8.07517147064209,3.257148504257202,277,0.0029108602473760688,0.016737191,Low,Low
93,40,26.06687404610101,93.12026186155403,0.4970173913043478,5.243635654449463,1.387652039527893,255,5.634232869954597e-05,0.006747207,Low,Low
156,10,27.28008926752797,95.66454915727124,0.6742565217391304,6.836032867431641,3.2616467475891113,309,0.1617551225991255,0.15221903,Low,Low
29,10,24.54272444049685,92.24904570015863,0.6749391304347826,10.090218544006348,6.3243889808654785,263,0.40152672260241656,0.5111315,High,High
47,60,26.198504290909913,91.39317038895352,0.18468260869565217,4.185506343841553,2.9656224250793457,267,0.07233902830319275,0.036135003,Low,Low
218,10,25.845472639479716,93.14189504137191,0.7630130434782609,4.165361404418945,8.239334106445312,319,0.21577137908899047,0.10102616,Low,Medium
145,10,26.712160568091285,90.67120091081257,0.7231347826086957,5.223232746124268,0.9274099469184875,283,0.17163435473456057,0.11927743,Low,Low
150,40,27.389027434719452,95.80760205260451,0.5573739130434783,7.102043628692627,3.1306326389312744,292,0.04958471892073307,0.015483857,Low,Low
676,10,25.777591313219308,92.29118734557557,0.6861869565217391,6.316733360290527,4.6273674964904785,270,0.24928806970163148,0.12103642,Low,Medium
98,60,27.39049167189198,94.581463956082,0.5076608695652174,6.733941555023193,4.561984062194824,280,0.008732134249132857,0.05011143,Low,Low
107,40,26.3812860909192,93.8830076221079,0.6975217391304348,6.4288249015808105,0.9274099469184875,283,0.007278172343193251,0.009166577,Low,Low
120,40,27.461266142190706,95.23829651089048,0.6032521739130435,6.852067470550537,1.3971576690673828,237,0.013250822093605494,0.007955414,Low,Low
117,10,26.72031252009129,90.441579330487,0.6739521739130435,6.235572814941406,2.1248626708984375,273,0.022709932984848122,0.03141535,Low,Low
40,10,24.621514761209905,92.76099202638692,0.6659565217391304,10.70238208770752,4.6273674964904785,271,0.2844446059160687,0.33749735,Medium,Medium
63,40,26.50471364025352,92.62450345260397,0.5130652173913043,4.9984002113342285,0.0,270,0.002244291337598872,0.013303736,Low,Low
48,40,26.432981277751164,90.70866065222619,0.5093304347826088,6.112355709075928,1.3900766372680664,291,0.001927681014276329,0.0063266405,Low,Low
58,40,26.591225838142474,91.3465670044189,0.5268347826086958,5.560474872589111,1.037091612815857,297,0.001371729496506882,0.015355808,Low,Low
52,40,26.274162187520197,91.80395584326837,0.4277608695652174,4.941909313201904,0.9274099469184875,289,0.016121624671575602,0.011907013,Low,Low
114,10,26.44217225877116,93.8744401432475,0.5674,6.346049785614014,3.704791784286499,262,0.03583485665698359,0.02767907,Low,Low
116,40,27.481740396861177,95.2369341249779,0.5793869565217391,6.852067470550537,1.8543341159820557,242,0.0017265932247568939,0.006836832,Low,Low
49,60,26.641237263824014,91.15503668499916,0.6038086956521739,5.604332447052002,1.3914768695831299,264,0.026913188465784933,0.020721786,Low,Low
179,10,26.745040289795416,90.64414230829449,0.6979695652173913,5.467298984527588,4.6273674964904785,293,0.2714731005220645,0.34858152,Medium,Medium
107,10,27.44513863732591,94.24245997830299,0.5787478260869565,7.252084732055664,2.7924277782440186,281,0.011661665965370223,0.0209696,Low,Low
127,40,27.519655545551107,95.60155565171276,0.6492347826086957,6.863354206085205,2.7934863567352295,269,0.010104697879548975,0.0070125256,Low,Low
104,10,26.874819332138934,93.28073912163816,0.7098608695652174,5.396610260009766,1.8543341159820557,271,0.07339408710022545,0.039013714,Low,Low
462,10,25.348025774441837,93.26161399387087,0.7535173913043478,6.340333461761475,16.081485748291016,355,0.7687448326841138,0.8753798,Very High,Very High
76,40,26.565196719523648,92.16437251313926,0.5892478260869566,5.064815044403076,2.7802915573120117,288,0.006735824643100408,0.016799645,Low,Low
101,10,26.72985500052566,94.19595887189976,0.5667826086956522,6.545255184173584,0.9274099469184875,282,0.015127315395321785,0.021205971,Low,Low
107,60,27.47278784561854,94.48120047814221,0.4586608695652174,6.857406139373779,1.045262098312378,254,0.005195469808498867,0.010057661,Low,Low
102,10,26.808364012656092,94.60520344682608,0.6455652173913043,6.6024088859558105,2.1252553462982178,285,0.020549936772022086,0.03945082,Low,Low
121,10,26.674078564270786,90.01183953779339,0.7523826086956522,7.113708972930908,2.7802884578704834,269,0.030915330731798606,0.018822554,Low,Low
41,40,26.374984762037414,91.11307057827577,0.4481086956521739,5.092482566833496,2.7777445316314697,281,0.005651389126844912,0.015065522,Low,Low
133,40,27.880281143691303,95.52559554231323,0.5505695652173913,9.481834411621094,1.0491676330566406,291,0.025136886029404424,0.01285511,Low,Low
53,10,26.287698616681364,91.42955883955727,0.6035086956521739,4.439283847808838,1.3891066312789917,289,0.21298656550212922,0.14988904,Low,Medium
250,10,26.81106137120303,90.55816980779367,0.7938869565217391,5.361422538757324,4.244700908660889,293,0.12896664447026682,0.062008552,Low,Low
77,40,26.66699687581369,93.4397835731925,0.6414217391304349,5.291947841644287,2.7802884578704834,257,0.027083360018267045,0.011085357,Low,Low
53,40,26.328940575585133,91.7828407556214,0.4436173913043478,4.815507411956787,2.7771313190460205,279,0.011466269601476035,0.016665742,Low,Low
37,40,26.267244424532866,90.26977181826476,0.478895652173913,7.263875961303711,0.9274099469184875,292,0.05142763842636094,0.011445105,Low,Low
125,10,27.71224671734854,94.88666112696662,0.6004826086956522,7.157754898071289,2.2902064323425293,263,0.020494530555140666,0.020673182,Low,Low
57,10,25.972567046885086,91.0161036555009,0.749095652173913,5.5323262214660645,2.964931011199951,289,0.12419455702210451,0.087718315,Low,Low
62,80,26.43902147518203,92.30959579303013,0.06471363636363636,5.060944557189941,0.9274099469184875,269,0.004011707502838501,0.012702043,Low,Low
54,10,26.514837046988273,90.88137876101025,0.6591043478260871,6.011904239654541,3.4655773639678955,281,0.1161169210496381,0.044827707,Low,Low
55,40,26.693945770578157,91.11675114228639,0.4730521739130435,5.729454517364502,1.3918347358703613,269,1.6490788514484307e-05,0.0074021835,Low,Low
101,10,26.562873687556987,94.01204960644247,0.6439913043478261,6.34372091293335,2.124166250228882,281,0.010252373098571332,0.030531438,Low,Low
108,80,27.49587364256873,94.9079651174184,-0.027162500000000003,6.567724704742432,1.397405982017517,285,0.0002574301182189814,0.009567792,Low,Low
85,40,26.96993675232938,94.17931622942109,0.5210521739130435,7.429184436798096,2.7802884578704834,285,0.0002574301182189814,0.007873048,Low,Low
62,40,26.53618119246768,91.65512452058458,0.5760695652173913,4.967759609222412,2.1240475177764893,269,0.004464123500135718,0.013105035,Low,Low
69,80,26.60805548039313,93.08747170600053,0.37400869565217393,5.173596382141113,0.9274099469184875,265,0.010684746136140727,0.013245127,Low,Low
423,10,25.80747630608564,92.6450199659417,0.7965565217391305,5.868940353393555,25.144441604614258,317,0.419271296564588,0.5060889,High,High
117,40,27.164997644780726,93.8812772179017,0.5601391304347826,7.289458274841309,2.1268677711486816,238,0.005067095016871589,0.0068504247,Low,Low
124,10,27.309667983791645,95.27885251932534,0.5047782608695652,7.11765193939209,0.9274099469184875,286,0.03986374128998782,0.026659347,Low,Low
92,40,26.94159998609747,94.74728059669152,0.6111260869565217,7.035367488861084,3.847294330596924,269,0.018246337649108747,0.010496488,Low,Low
48,10,26.03156787751226,90.90902962534213,0.6679913043478262,5.918515205383301,6.437843322753906,317,0.37599747612019274,0.13509817,Low,Medium
79,40,26.81928131327998,92.75639495679647,0.606,5.343659400939941,2.1253039836883545,296,0.013390710741690208,0.012224992,Low,Low
117,10,26.66799033329909,90.78185572395782,0.7422000000000001,5.935243606567383,2.074894428253174,287,0.04176398073094466,0.031554487,Low,Low
301,10,25.544976131457783,92.94003065042989,0.7881,5.9025444984436035,13.782889366149902,277,0.32130006309293785,0.27146313,Medium,Medium
105,40,27.285199473680493,94.85665315293456,0.5283,6.706308841705322,2.0862932205200195,238,0.005067095016871589,0.007928845,Low,Low
54,30,26.241309897509968,92.16438377814886,0.4105478260869565,4.724163055419922,1.033947467803955,269,0.041001070350610486,0.023630574,Low,Low
102,10,26.573406487919048,93.98807363263623,0.6677913043478261,6.381656169891357,5.171132564544678,288,0.18677765050750125,0.17394845,Low,Low
98,10,24.977489676837067,92.71410498625326,0.765604347826087,10.101689338684082,4.484316825866699,279,0.5466775558697994,0.5381976,High,High
69,60,26.61947214476248,92.58661187032985,0.011891304347826087,5.156529426574707,3.6184263229370117,240,0.011046400265556196,0.041329205,Low,Low
50,40,26.61062942100974,91.06586092757897,0.5439086956521739,5.805015563964844,0.9274099469184875,291,0.002040693033687473,0.011643173,Low,Low
206,40,25.8466070125211,93.40765929037057,0.6502652173913044,5.253640651702881,3.600794792175293,286,0.3171045864999163,0.2077955,Medium,Medium
126,10,26.67114020982631,90.25666791001053,0.7416782608695652,6.484507083892822,3.4672653675079346,280,0.14314510381167098,0.09185845,Low,Low
257,10,27.313530468295703,95.90206299612632,0.8137739130434783,7.421565055847168,15.539596557617188,309,0.352622106195442,0.37837607,Medium,Medium
648,10,26.183896097058696,93.68004375982437,0.8197391304347826,6.013975620269775,19.400527954101562,367,0.4616585490138897,0.61383396,High,High
54,10,26.301869908144734,89.98419836217975,0.6773391304347827,7.15976095199585,4.161093235015869,292,0.06843070755009457,0.04111108,Low,Low
61,40,26.462262062859697,92.51061268770515,0.4833913043478261,5.021246433258057,0.9274099469184875,268,0.002059781709610982,0.011291294,Low,Low
61,10,24.46152618158162,93.02936738906816,0.8080739130434783,9.001044273376465,18.656658172607422,275,0.6042683211263085,0.43459624,High,High
69,10,26.660755489778282,92.98672052847422,0.6491217391304348,5.412974834442139,0.9274099469184875,270,0.06089407497581081,0.04590129,Low,Low
408,10,25.612597666700236,93.33585913776518,0.7783913043478261,4.695601940155029,12.078457832336426,349,0.5039059119803692,0.26566535,Medium,High
30,40,24.60332994658259,92.63509131599623,0.6106956521739131,10.56418514251709,2.039346933364868,266,0.267002116897332,0.14615601,Low,Medium
57,40,26.39142428314864,92.32194578249798,0.5547347826086957,5.014750957489014,3.845951795578003,273,0.002801041062859733,0.017944038,Low,Low
677,30,25.737685608447826,92.62071467077668,0.8085521739130436,6.003452301025391,24.236000061035156,314,0.5557291135555331,0.61471206,High,High
279,10,26.08703050063903,92.23216027985379,0.7289304347826088,5.05930233001709,18.349939346313477,263,0.576912302245476,0.5179332,High,High
1330,10,25.19201740597965,92.7277618360243,0.7685391304347826,8.256783485412598,12.049562454223633,311,0.5347790451643081,0.5535465,High,High
154,10,27.495277713529312,95.81743894252337,0.721295652173913,6.997732162475586,1.3974000215530396,277,0.12069043492158474,0.053294446,Low,Low
89,40,27.03494644406925,94.37361280186875,0.5575913043478261,6.33609676361084,2.27854061126709,334,0.04341111157220503,0.01606399,Low,Low
103,60,27.4116630823952,94.45260313427877,0.4295869565217391,6.8643975257873535,5.52636194229126,270,0.07501927921737282,0.04412662,Low,Low
42,40,26.118084708405114,91.17371483355745,0.5429695652173914,5.132481098175049,1.387987494468689,275,0.001290454213095491,0.0092441505,Low,Low
146,10,27.50981637389092,95.7186901181579,0.6811,7.366354942321777,2.7802884578704834,292,0.06989219270160006,0.048479307,Low,Low
79,80,26.938940262992972,93.97725055558041,0.06667391304347826,7.257404327392578,0.9274099469184875,282,0.0031722928601063843,0.011218988,Low,Low
49,10,26.51575212981535,91.02896923096824,0.601495652173913,5.855353832244873,3.2414767742156982,275,0.05325903403726563,0.040767167,Low,Low
56,10,26.398307645309092,90.59695029556043,0.6599434782608696,6.755617618560791,2.7802884578704834,288,0.04536273836359082,0.029975073,Low,Low
101,10,26.8447123205542,94.59508544745245,0.6110608695652174,6.405804634094238,8.458510398864746,286,0.37694243159816565,0.28078657,Medium,Medium
505,10,25.411700301553882,93.40087297252946,0.7620260869565217,5.408249378204346,17.965341567993164,364,0.7934432124721256,0.803055,Very High,Very High
135,10,26.678806343192253,90.05146548427186,0.7288,6.861291885375977,0.0,257,0.04828579704570548,0.035633415,Low,Low
62,40,26.08319421791168,92.26782594329626,0.625404347826087,5.510480880737305,3.4609994888305664,273,0.04711240148646058,0.041287698,Low,Low
112,10,27.35948557690892,94.14494115002883,0.5761000000000001,7.489241123199463,3.6360085010528564,272,0.028985474042363867,0.03748808,Low,Low
115,40,27.608030884116726,95.2447867049731,0.3829608695652174,7.018194198608398,2.128918170928955,278,0.004709312971131641,0.0045085684,Low,Low
50,40,26.47134286499432,90.33855617336899,0.5201,6.972291469573975,2.123763084411621,279,1.6490788514484307e-05,0.005143123,Low,Low
731,10,25.343711273172367,92.89762882556848,0.743395652173913,7.57315731048584,22.294889450073242,293,0.8314596073741748,0.8348585,Very High,Very High
250,10,26.334881798983695,92.93095715635263,0.8013695652173913,4.884398460388184,26.231966018676758,307,0.2667452126078938,0.29037187,Medium,Medium
153,10,27.502276724490365,95.65392503351968,0.7804608695652174,6.963757514953613,2.0903873443603516,284,0.07570051207029174,0.05046173,Low,Low
246,10,25.11291864935437,92.93513522100848,0.5739695652173913,8.288005828857422,1.0242060422897339,327,0.503117697711371,0.7783336,Very High,High
60,10,25.91956406964536,91.01951591403738,0.6462173913043479,5.813442707061768,1.0311107635498047,286,0.06388336303613949,0.08258818,Low,Low
112,40,26.08405865168222,93.20435161922451,0.5735826086956523,5.448123455047607,2.262859344482422,308,0.019024662733883545,0.021736285,Low,Low
95,10,24.52225338434697,92.36771295369769,0.7750260869565218,10.426803588867188,7.099551677703857,290,0.270094946242884,0.30311915,Medium,Medium
110,10,27.193810266732374,95.07363045089296,0.6654739130434784,6.914967060089111,1.0426362752914429,263,0.005466470294470858,0.017700016,Low,Low
152,40,25.913401081218726,93.88947877376302,0.5654956521739131,6.465196132659912,1.3866513967514038,257,0.04980260191810563,0.014289796,Low,Low
501,10,26.132540103835698,93.33251994141895,0.7803565217391304,5.232095718383789,18.7633113861084,347,0.46661674176309903,0.5113413,High,High
34,40,26.28067406230049,90.46587006678031,0.4902608695652174,6.80978536605835,1.0342986583709717,330,0.0911540217680853,0.027919948,Low,Low
295,10,25.504756666595277,92.966497838159,0.7179,5.76761531829834,12.050414085388184,320,0.6564803073866707,0.71204704,Very High,High
74,40,25.918584784994604,91.52103248155261,0.6061695652173913,5.249736785888672,2.2602102756500244,267,0.0040017627992293345,0.008214758,Low,Low
37,10,24.94603831267032,92.84243064907302,0.7148826086956522,10.330382347106934,2.2451226711273193,291,0.40752823367210095,0.2263622,Medium,High
52,10,26.44536364555885,90.00977549946647,0.6326086956521739,7.435059547424316,0.0,245,0.02580338910189421,0.028571388,Low,Low
50,40,26.321407464248395,91.6350651078269,0.4987304347826087,4.896826267242432,0.9274099469184875,311,0.03780849028527743,0.0318949,Low,Low
62,40,26.443877121229868,91.99436272156717,0.5342086956521739,4.429608345031738,2.778663396835327,302,0.027796119891710352,0.04921996,Low,Low
67,40,26.53212258097123,92.86321900684241,0.5405434782608696,5.009805202484131,2.072429895401001,292,0.0035907634515523145,0.016859127,Low,Low
113,10,27.41597382887474,95.10072194875151,0.6812956521739131,6.85582160949707,0.9274099469184875,257,0.00557929475282921,0.017234966,Low,Low
66,10,24.899321875960872,93.03405322335878,0.7300478260869565,10.75485897064209,1.0224292278289795,285,0.6269754029015986,0.68367964,High,High
48,40,26.42546615047045,91.35035772404098,0.539913043478261,4.692432880401611,2.7802884578704834,286,0.010682463631033038,0.019113082,Low,Low
35,10,24.615406254853777,92.92104854764634,0.6710608695652174,10.27145004272461,3.057698965072632,273,0.25630817616018353,0.28465718,Medium,Medium
112,10,26.31291981531581,93.95259973112523,0.6576434782608697,6.83835506439209,1.3892745971679688,295,0.015727487518205303,0.02828602,Low,Low
105,40,27.242826341689316,93.99777049840513,0.49298695652173913,8.256119728088379,5.64355993270874,244,0.09335827776465071,0.06096416,Low,Low
73,80,26.73926702684679,93.36247026052982,0.35600000000000004,5.3935017585754395,11.299074172973633,261,0.6662554246574915,0.34536424,Medium,High
28,10,24.69507789948701,92.57917008661212,0.5510260869565218,10.425435066223145,3.0596487522125244,259,0.056773850177748574,0.07757331,Low,Low
253,10,26.52366983492193,93.48789850599928,0.7966869565217392,5.411005973815918,30.9309139251709,261,0.4135910155574623,0.28394443,Medium,High
30,40,26.097015097075143,89.89258993874458,0.42721304347826095,7.111746788024902,2.774070978164673,303,0.037464284168776715,0.00872747,Low,Low
243,30,26.837829932057126,90.28213338632465,0.6621304347826087,5.486536502838135,4.741665363311768,290,0.4452197336653175,0.4170318,High,High
85,40,27.08031434603962,94.07966458629366,0.5711913043478262,7.698115825653076,0.0,284,0.004240113844020003,0.008837638,Low,Low
77,40,26.8714193818937,93.67431228462767,0.6404521739130435,5.811822414398193,4.151761531829834,255,0.03531404655028407,0.02570614,Low,Low
112,10,26.44113921512979,93.84413459957207,0.6934304347826087,6.360642910003662,0.9274099469184875,249,0.009225647451813706,0.020099433,Low,Low
89,10,27.103172831062004,93.98031923185889,0.5524347826086957,7.861133575439453,1.394645094871521,247,0.018632946089795308,0.02404908,Low,Low
98,10,26.4778104691106,93.00485201830706,0.7453478260869565,4.933037757873535,1.0360654592514038,291,0.11289293367642239,0.12339492,Low,Low
33,40,26.212419452446476,90.32085364911741,0.4495217391304348,7.684044361114502,2.2649292945861816,283,0.030294440163560542,0.010716791,Low,Low
476,10,26.11733525852917,93.64503164721305,0.8090695652173914,5.732536792755127,4.822512626647949,333,0.18574279564069085,0.1383744,Low,Low
294,10,25.291400340507078,93.04202223771503,0.7941043478260871,7.604825973510742,6.777103900909424,320,0.30075549035686094,0.22347967,Medium,Medium
313,10,26.346678757734754,93.70578767160619,0.7934,6.121710777282715,16.77304458618164,317,0.44422047263382286,0.40787378,High,High
70,10,24.646224731411657,92.50224978834996,0.7186739130434784,10.16728687286377,1.0203478336334229,263,0.5104673460495721,0.50181323,High,High
69,10,25.99284939285089,91.5334406622386,0.6539565217391304,4.632450580596924,1.0317533016204834,306,0.20210659644190673,0.101819076,Low,Medium
23,10,24.555036479241597,92.43952281852202,0.5626347826086957,10.154508590698242,1.3781570196151733,279,0.2352351832253798,0.2926517,Medium,Medium
28,40,25.95626614468233,89.89743736161746,0.4524782608695652,7.3078999519348145,1.3869297504425049,334,0.1004723449187197,0.024004964,Low,Low
39,40,26.076495473705375,91.01434870382731,0.44046521739130434,5.808966159820557,2.1220521926879883,258,0.022964375694394003,0.0134627335,Low,Low
112,40,27.196940616025934,93.91997765587611,0.5479304347826087,7.671218395233154,1.8543341159820557,250,0.001728391126690217,0.0051402375,Low,Low
93,40,26.911842634030666,94.66861038070743,0.5300391304347827,7.021971702575684,2.276461124420166,280,1.6490788514484307e-05,0.0059620375,Low,Low
17,90,24.896498711027018,92.5154120038962,0.37619565217391304,10.62091064453125,2.0441572666168213,262,0.1462256542976638,0.05867156,Low,Low
116,40,27.230827318668045,95.24621689235141,0.5399391304347826,7.178342342376709,0.9274099469184875,268,0.002059781709610982,0.0046317205,Low,Low
120,60,27.774704546774984,95.1461940212148,0.5600913043478262,7.098469257354736,0.9274099469184875,262,0.0014846025607117275,0.010455002,Low,Low
100,10,26.587799822751368,93.5971708127356,0.703608695652174,5.573747634887695,1.3911163806915283,264,0.07366988612100349,0.052968495,Low,Low
68,40,26.56900640501897,92.0660925484756,0.5457347826086957,5.049450397491455,2.124191999435425,290,0.002596644551456921,0.013646517,Low,Low
284,10,25.60297334037446,92.8261035556497,0.7730043478260871,5.882900238037109,2.056072473526001,344,0.43549456319421487,0.35542908,Medium,High
329,10,26.810389588616403,90.18809022815297,0.7780434782608696,5.378761291503906,7.450073719024658,275,0.19572723503264214,0.15543863,Low,Low
63,40,26.564176238366667,89.96961444943693,0.6087086956521739,7.23746395111084,4.982070446014404,240,0.09211883522820973,0.061852176,Low,Low
72,40,26.717188304665974,93.02444210075265,0.5524478260869565,5.294651508331299,2.7823452949523926,273,0.0036901810654832684,0.008924145,Low,Low
330,10,26.82302238525747,91.48095550756365,0.7772826086956522,4.706239700317383,51.54722213745117,304,0.4302696781078,0.17551029,Low,High
95,40,26.693012984611332,91.80019897785513,0.5639695652173913,4.973471641540527,0.9274099469184875,290,0.016776749190935802,0.019901566,Low,Low
96,40,26.48554599421493,94.05818518097773,0.5756652173913044,6.663372039794922,0.0,301,0.0006195391706794198,0.009620391,Low,Low
66,40,26.498404558278423,92.09651509883432,0.5379173913043478,4.69881534576416,3.1060447692871094,287,0.016855260744273143,0.03018449,Low,Low
112,80,27.34932530454555,95.1882288176446,0.4417695652173913,7.003401756286621,1.3963686227798462,243,0.0048396565631352705,0.00782042,Low,Low
561,10,26.06110234244246,92.3765700799573,0.7279565217391304,5.205132007598877,24.786605834960938,306,0.8280117058335634,0.8871025,Very High,Very High
182,60,26.785604768745422,90.58846989253286,0.4118565217391304,6.01010799407959,2.7802884578704834,281,0.26073469121625226,0.06976913,Low,Medium
1073,10,25.29276189239745,93.43140076483762,0.8011304347826087,5.928534507751465,23.958606719970703,311,0.5310400576516818,0.35435316,Medium,High
73,80,26.67249492235634,92.86908310632504,0.12592173913043478,5.190356254577637,2.124650239944458,253,0.006867092118223115,0.012082028,Low,Low
72,40,26.00047640950931,92.93243797563642,0.4669826086956522,5.511613845825195,1.0318214893341064,266,0.0018102767358727937,0.009976658,Low,Low
87,40,26.670802270333716,91.77713235166325,0.5390086956521739,5.03716516494751,6.200044631958008,310,0.1736842555383846,0.16467257,Low,Low
150,10,26.69690936534525,90.0172886382297,0.7088652173913044,7.113708972930908,2.2728734016418457,270,0.12250609531307023,0.04100418,Low,Low
78,40,26.82448320292064,93.52596337230392,0.5120521739130435,5.519869804382324,0.9274099469184875,259,0.0017265932247568939,0.012347486,Low,Low
71,80,26.780284693672066,93.480647150541,0.6175739130434783,5.280500888824463,10.31757926940918,297,0.7528501175958021,0.8456256,Very High,Very High
47,40,26.13357026139558,91.32930571650516,0.4684739130434783,4.7414045333862305,2.263655185699463,290,0.013268832426789109,0.021248126,Low,Low
72,80,26.589163100136457,92.90063078315492,0.3925217391304348,5.095338344573975,5.864664554595947,306,0.1743786346833906,0.19036743,Low,Low
75,10,26.494960666349474,92.94646199431472,0.5913913043478262,5.175045490264893,1.3904918432235718,278,0.03526987052218721,0.05120663,Low,Low
177,40,26.845079905102278,92.10806572429905,0.6090565217391304,5.200366497039795,4.172035217285156,280,0.2693813305335658,0.15896189,Low,Medium
220,10,25.755200640358233,93.34480275672925,0.8280173913043478,4.591035842895508,8.629684448242188,299,0.09882597347681567,0.045780722,Low,Low
93,10,27.35758267935295,94.44204444355806,0.6098043478260871,6.874850749969482,3.4748570919036865,275,0.037775119085895995,0.053366825,Low,Low
64,40,26.401173256195023,92.6445696589941,0.5408869565217391,5.006565093994141,1.8543341159820557,297,0.0035907634515523145,0.016440487,Low,Low
79,80,26.875771902093348,93.93325047309231,0.05582608695652174,6.699946403503418,6.913737773895264,273,0.18940330286100676,0.07362311,Low,Low
93,40,27.406865780074213,94.51913234324324,0.642404347826087,6.967790126800537,4.2501044273376465,285,0.025788260982053477,0.01900492,Low,Low
60,40,26.05101072881103,92.6719885908046,0.5217086956521739,5.484004020690918,0.9274099469184875,311,0.040956937795819146,0.03115878,Low,Low
99,10,27.268901174087304,94.48798197608127,0.6677913043478261,6.4391279220581055,5.577416896820068,304,0.2173549900715461,0.2016789,Medium,Medium
97,40,27.270715975857158,94.77398849828563,0.4924565217391304,6.57075834274292,3.704791784286499,269,1.6490788514484307e-05,0.008439719,Low,Low
97,40,26.961976324781602,94.84247092242839,0.516308695652174,7.150029182434082,2.7802884578704834,266,5.634232869954597e-05,0.004516959,Low,Low
51,40,26.454399332176553,91.57771101202674,0.4374913043478261,4.885560989379883,1.390219807624817,267,0.006613781021476957,0.013121209,Low,Low
281,10,26.55335231212309,94.31749377987481,0.8042565217391304,6.600235462188721,29.18218994140625,301,0.36457960274288687,0.53548074,High,Medium
54,40,26.179440634385063,92.16071805703231,0.4397478260869565,4.855961322784424,2.965564250946045,281,0.024599297420902385,0.023965035,Low,Low
104,40,27.1335459662158,95.00570059404308,0.6262565217391304,7.0489726066589355,1.0420736074447632,265,0.0036964878271001757,0.008820338,Low,Low
31,40,26.056079431106646,90.05520528505342,0.3018347826086957,7.409947395324707,2.1219642162323,303,0.044098679554898344,0.008569088,Low,Low
26,10,24.843487301896506,92.56257726170178,0.675095652173913,9.960885047912598,7.176615238189697,268,0.24888777331386322,0.18829195,Low,Medium
312,10,26.071256738238052,91.99603488303396,0.722804347826087,4.812652587890625,20.331342697143555,287,0.8208637373377426,0.6750862,High,Very High
45,40,26.033007000233905,91.08869164868624,0.5272304347826087,5.897444248199463,0.9274099469184875,289,0.002216847868495064,0.011632637,Low,Low
275,10,26.316418196441806,90.3501398084288,0.7126086956521739,6.9493231773376465,32.08123016357422,293,0.9024224587762546,0.9174419,Very High,Very High
181,10,26.8050251650399,91.85079967009432,0.6949434782608697,4.850386142730713,2.967527151107788,288,0.26639804397659594,0.2587573,Medium,Medium
42,40,24.53124034175587,92.73007918423598,0.5540913043478262,10.795260429382324,2.9607338905334473,273,0.2986295456821618,0.31113765,Medium,Medium
131,10,27.856598670589378,95.32751591992123,0.6834565217391304,9.899460792541504,2.130092144012451,276,0.19666082942449853,0.12011528,Low,Low
32,40,26.212788000776673,89.85909831087345,0.5581608695652174,7.464692115783691,1.0336956977844238,272,0.017300570179602726,0.008520615,Low,Low
31,40,24.66900755788135,92.70652398707304,0.6853826086956523,10.680307388305664,7.123048305511475,283,0.5215875822370976,0.37436804,Medium,High
136,30,27.47352622986824,95.69902397726335,0.5913260869565218,6.650227069854736,3.1330316066741943,314,0.08053263246592145,0.0869417,Low,Low
31,40,26.10105883538749,89.89109744083069,0.45651304347826094,7.434948921203613,2.122157096862793,314,0.07954736408767162,0.021137161,Low,Low
110,40,27.446106416693006,95.08682074526078,0.5874304347826087,6.713373184204102,2.7924435138702393,253,5.634232869954597e-05,0.00526389,Low,Low
114,40,27.639163118729357,94.8533909392154,0.5253,6.583539009094238,0.0,250,0.0025626176237522297,0.0056563052,Low,Low
43,80,26.144556249284882,91.29648274013785,0.07080869565217392,4.880363941192627,4.157983779907227,265,0.025739020606274067,0.03177266,Low,Low
930,10,25.32067844777989,93.35950061994816,0.7388217391304348,5.738531112670898,22.851015090942383,317,0.6716801352918182,0.6505721,High,High
93,10,25.94893881844651,92.87014769232644,0.6359086956521739,5.244869709014893,3.603083372116089,309,0.20144590248033953,0.17698269,Low,Medium
44,40,26.072942006727203,90.68782457014093,0.42382608695652174,6.961010932922363,1.3876920938491821,286,0.00886772645228341,0.005580145,Low,Low
71,40,26.67183858586155,92.84717814641498,0.49583478260869573,5.079442024230957,2.27245831489563,255,0.002281748250380539,0.011528579,Low,Low
95,10,26.704201184198382,91.77928449373175,0.5838521739130436,5.1191816329956055,1.8543341159820557,308,0.05813073799219224,0.084057756,Low,Low
48,40,26.65670400894897,91.13730684049636,0.5103217391304348,5.729454517364502,2.967055082321167,293,0.0002574301182189814,0.011886062,Low,Low
37,60,26.0918339136632,90.64469858410098,0.42110000000000003,6.837855339050293,1.387816071510315,288,0.07712028452852206,0.014641445,Low,Low
110,40,26.652784969205477,94.33154261250043,0.5954260869565218,6.539404392242432,2.9670426845550537,261,5.634232869954597e-05,0.005201215,Low,Low
42,40,24.32039358128598,92.52938507762464,0.5620782608695652,10.591166496276855,5.7803778648376465,279,0.3379036299877758,0.37953177,Medium,Medium
174,10,26.25295924041113,91.72020269985438,0.6781608695652175,4.7272114753723145,17.123897552490234,268,0.866480073619796,0.8615901,Very High,Very High
100,40,26.905744635461968,94.84139400094037,0.6246608695652174,7.213907241821289,1.393282413482666,263,0.002505237104570882,0.008752356,Low,Low
51,10,25.967388075885836,91.12026123544895,0.5889782608695653,5.344224452972412,2.9649157524108887,271,0.017530069084406397,0.020261822,Low,Low
193,10,25.760441757366124,93.36546706211392,0.7678434782608696,4.821926593780518,4.235626220703125,277,0.21571314451268003,0.12992142,Low,Medium
51,40,26.04780158884719,91.52401973960899,0.45960869565217394,4.7584686279296875,1.387526512145996,282,0.007575186848439932,0.01696836,Low,Low
127,30,27.80810212053607,95.66946658716472,0.5415347826086957,8.412005424499512,0.0,291,0.028764890428406967,0.0297255,Low,Low
94,60,27.068846777820852,94.76499275752477,0.46535652173913045,6.907912731170654,4.839023113250732,258,0.02554034350018941,0.059576415,Low,Low
47,10,24.60186124221563,92.69784847716964,0.7568,10.851677894592285,3.573941707611084,272,0.47937520565563574,0.43093774,High,High
119,10,26.916444374252993,93.36166051459595,0.7770260869565218,5.609070777893066,5.186661243438721,254,0.2540194117248772,0.13385357,Low,Medium
83,40,26.839621100311085,94.03903253395899,0.4830130434782609,6.508494853973389,2.275249719619751,287,0.001927681014276329,0.008374416,Low,Low
148,60,27.32475245084247,95.83444079774159,0.7221260869565217,7.043171405792236,1.0438660383224487,280,0.18263131994068296,0.0683094,Low,Low
58,40,26.531311790676483,90.13791887411081,0.5630739130434783,7.236311435699463,2.7802884578704834,253,5.634232869954597e-05,0.0041667647,Low,Low
66,10,26.442132187683978,92.43268498349543,0.5248086956521739,4.817118167877197,2.2686660289764404,287,0.16702634288071294,0.16477257,Low,Low
45,80,26.22360737903223,91.22866287674945,0.25988260869565216,4.767054557800293,2.1226844787597656,243,0.015554332875415761,0.021477971,Low,Low
96,40,26.057052649748904,93.145139886608,0.5301043478260871,5.243635654449463,0.9274099469184875,254,5.634232869954597e-05,0.007426896,Low,Low
40,40,24.413735103690854,92.44794481975744,0.5993086956521739,10.136466979980469,2.1152703762054443,277,0.2000097105320044,0.26370057,Medium,Medium
354,10,25.949885586231186,92.5608005060222,0.7714869565217392,5.646051406860352,6.18310022354126,293,0.1501196385304715,0.16281983,Low,Low
91,40,26.702010200294225,91.69971022250931,0.5585347826086957,5.191351890563965,2.782137870788574,288,0.003931120395187764,0.012660962,Low,Low
46,40,24.47068344236433,92.55075896224224,0.5296086956521739,10.794017791748047,2.7537100315093994,306,0.4329035998581113,0.54858476,High,High
55,10,26.594978907486134,90.78552737081561,0.6833956521739131,6.293918609619141,1.0371242761611938,261,0.030747505166252433,0.02033581,Low,Low
46,40,26.15227268941828,91.10167431045731,0.5300347826086957,5.193960666656494,1.033158779144287,267,0.00023249716350713656,0.00832962,Low,Low
34,40,24.54382229783505,92.84564183375845,0.5995521739130435,10.904757499694824,1.0195127725601196,268,0.4752359216176366,0.5265792,High,High
144,10,27.346715833459868,95.49551894753898,0.7799304347826087,6.727466106414795,2.087447166442871,324,0.12117555928851917,0.1065524,Low,Low
69,40,26.548733495529536,92.96585308121864,0.4523260869565217,5.053229808807373,1.8543341159820557,266,0.0009361986986257198,0.011173994,Low,Low
84,40,27.051991660904935,94.09411505966806,0.5805652173913043,7.698115825653076,4.6273674964904785,292,0.015514102932348338,0.020223156,Low,Low
74,10,26.504885730053743,92.50199636024395,0.5375,5.2655158042907715,2.966575860977173,290,0.04040967533799874,0.03987311,Low,Low
37,60,26.316101969131566,90.61459290604188,0.7036521739130436,6.4005889892578125,3.4634554386138916,314,0.21089338957458664,0.1767518,Low,Medium
79,40,26.810810976605854,93.69225874725065,0.5365478260869565,5.738404273986816,1.0390909910202026,247,0.005899529405454414,0.010456788,Low,Low
51,10,26.12826535695375,90.49988129056166,0.5736478260869565,7.1568121910095215,1.0329474210739136,288,0.006602255656163817,0.01967018,Low,Low
126,10,27.230603554023652,95.27850861489364,0.630304347826087,7.132602691650391,2.968905448913574,279,0.042013507102407824,0.06287202,Low,Low
59,40,26.51148298916725,90.59293018959053,0.5356565217391305,6.594480037689209,0.9274099469184875,314,0.029896348876798106,0.017179236,Low,Low
95,40,26.879078824094417,94.73480271989443,0.6180782608695652,7.218018054962158,1.393099308013916,260,0.008614354118210509,0.00814725,Low,Low
113,40,27.705797047512867,94.94147332868268,0.5731217391304348,6.925353527069092,1.3989039659500122,276,1.6490788514484307e-05,0.0049911872,Low,Low
49,40,26.060375291861494,90.82682351049039,0.6268304347826087,6.144413948059082,2.965198516845703,296,0.04553340089002277,0.013195393,Low,Low
101,10,26.75265882443617,94.35903985619268,0.6985913043478261,6.28899621963501,5.642733573913574,275,0.15007870873214088,0.14756705,Low,Low
101,40,26.726546438782087,92.16782341651924,0.5438130434782609,5.455504894256592,2.0759613513946533,277,1.6490788514484307e-05,0.009676177,Low,Low
74,80,26.78151064374752,92.8763502245638,0.11449565217391305,5.069534778594971,8.257193565368652,268,0.3649352054427283,0.16623074,Low,Medium
42,40,26.1203106370096,90.90926491236615,0.5347869565217391,5.777181625366211,1.3880021572113037,305,0.010906536991873316,0.016205799,Low,Low
73,10,25.93614843214831,92.76617194359523,0.6016043478260871,5.763184070587158,0.9274099469184875,294,0.029495798044336184,0.05543391,Low,Low
840,10,25.643162677998248,92.59225645711109,0.7434086956521739,6.082192420959473,7.654091835021973,312,0.23884526122953825,0.15367413,Low,Medium
27,40,24.658355905659402,92.94237474120666,0.43129130434782614,10.437344551086426,0.9274099469184875,289,0.43655900020152055,0.11950284,Low,High
79,10,26.641876369461812,91.92186108253539,0.4976913043478261,4.68865442276001,3.466949224472046,277,0.3200490664375862,0.28882343,Medium,Medium
901,10,26.083401801953826,93.49128513343791,0.7546217391304348,5.318340301513672,9.862235069274902,330,0.2787769716756438,0.12063831,Low,Medium
89,60,27.122936164220178,94.4538980429781,0.5779782608695653,6.623215675354004,2.0832619667053223,311,0.043293404555486914,0.043108616,Low,Low
115,80,27.683920096890336,95.27403621444958,-0.02411111111111111,7.614662170410156,0.9274099469184875,276,0.0005859240643503121,0.008257114,Low,Low
55,40,26.25938535260543,92.10474298240857,0.4537130434782609,5.0477800369262695,3.704791784286499,260,0.01150012031828832,0.014792632,Low,Low
110,40,27.56880309650858,94.70399158486565,0.4793304347826087,6.399081707000732,1.3979238271713257,267,5.634232869954597e-05,0.004833654,Low,Low
156,40,26.791644933952664,91.9222720108818,0.5398086956521739,4.812911510467529,3.622450351715088,285,0.09387650632252928,0.06613415,Low,Low
87,40,26.6894712279951,91.92560836270545,0.5616695652173913,4.779409408569336,3.4674642086029053,300,0.04878128799464446,0.060264327,Low,Low
173,10,24.991499440492117,93.03414260051876,0.748495652173913,9.919360160827637,4.937143802642822,308,0.38193594682407683,0.44106713,High,Medium
196,10,25.86843845349141,93.29257934721966,0.7216782608695652,4.584468841552734,8.189984321594238,309,0.37894926628101444,0.28032628,Medium,Medium
590,10,25.827353564702022,92.36222836270461,0.7904304347826088,5.738534927368164,12.979362487792969,303,0.30767270137651687,0.19929166,Low,Medium
39,80,26.29470022263907,90.89860977752066,0.06962173913043479,5.686260223388672,3.2357912063598633,258,0.02019288750253971,0.015149221,Low,Low
489,10,26.27399722889261,93.57769251049919,0.8228478260869566,5.593973636627197,33.04062271118164,328,0.3674687193405276,0.4012215,High,Medium
177,10,25.951558791060283,93.47846941323634,0.7661478260869565,5.811264514923096,5.062410354614258,293,0.24207162429274537,0.3311079,Medium,Medium
94,40,27.075687312367684,93.87250419566574,0.5099347826086957,6.896856784820557,1.3944541215896606,242,0.0017265932247568939,0.006659985,Low,Low
156,40,26.719195896268495,90.8330022594168,0.6922739130434783,5.586957931518555,1.3920083045959473,279,0.06948497803177368,0.028637227,Low,Low
92,10,27.18032516848859,94.09989852186906,0.6601782608695652,8.520663261413574,1.8543341159820557,277,0.030089039818054743,0.044848423,Low,Low
71,40,26.57406629089543,91.82611833928577,0.5747608695652174,4.941302299499512,2.96679425239563,291,0.009577588253401407,0.019576304,Low,Low
37,10,24.472819097610582,92.30235875318623,0.7367260869565218,10.145463943481445,2.960570812225342,280,0.47007094694687895,0.3369072,Medium,High
39,40,26.306491539110176,90.78322001265013,0.5117826086956522,6.143835544586182,2.1230430603027344,301,0.013416826801377896,0.008445435,Low,Low
193,10,25.931330859814988,93.58766907604407,0.7574217391304349,5.759420871734619,7.239841938018799,279,0.2729740673131021,0.27304786,Medium,Medium
86,40,26.8213159873929,94.23133131419907,0.4837782608695652,6.586296081542969,1.3927035331726074,274,0.00032070804925348416,0.006413167,Low,Low
19,40,24.94314852171441,92.74436738720233,0.4655826086956522,10.303535461425781,2.2450766563415527,300,0.3040960170865208,0.13398132,Low,Medium
54,40,26.22601002481724,92.00186217962866,0.3494304347826087,4.7356276512146,0.0,271,0.027684683503704583,0.011689054,Low,Low
71,40,26.599967495835884,92.30800270274362,0.5487739130434783,5.378529071807861,2.1243293285369873,282,1.6490788514484307e-05,0.008648833,Low,Low
143,10,26.229921854949048,93.21019503025059,0.6823565217391304,5.432765483856201,11.79391098022461,269,0.7296920326711116,0.77052623,Very High,Very High
46,80,26.25919956860129,91.28326079074677,0.37797391304347827,4.75742244720459,0.9274099469184875,261,0.0263630150811826,0.02189431,Low,Low
389,10,25.915756182962454,92.58475410784715,0.7287304347826087,5.646051406860352,10.362898826599121,307,0.5398725824194645,0.6924625,High,High
41,10,26.247159233863975,89.8939452584993,0.5959782608695652,7.464692115783691,0.9274099469184875,275,0.013717303174554111,0.020676488,Low,Low
549,10,25.42083159019479,93.45304456427606,0.7400260869565217,5.268389701843262,6.8854756355285645,376,0.5208291911317603,0.45880747,High,High
537,10,26.493518245224287,93.55000178568461,0.7755521739130435,5.539882183074951,16.966510772705078,328,0.49248668367182763,0.64250726,High,High
64,40,26.141349241466003,92.59319448893416,0.41323043478260874,5.001204490661621,0.9274099469184875,347,0.11414023137840268,0.033738684,Low,Low
115,10,27.471079966664878,94.22941885044307,0.6524304347826088,7.12297248840332,1.397228479385376,276,0.009569211681926466,0.027097566,Low,Low
47,40,26.50876723638562,91.24044452669357,0.5292782608695652,5.367281913757324,3.2412972450256348,278,1.6490788514484307e-05,0.009160477,Low,Low
930,10,26.264116174464213,93.55240325962401,0.8383434782608696,5.593973636627197,44.51972579956055,357,0.512845824180996,0.3094314,Medium,High
58,40,26.207246798959357,92.28743209838808,0.44298695652173914,5.0163493156433105,0.9274099469184875,287,0.019738607193393282,0.015206591,Low,Low
353,10,26.357142491438776,93.50951685743641,0.8200521739130434,5.485350608825684,30.20693588256836,308,0.2721010387737042,0.217982,Medium,Medium
78,10,24.4759631207351,92.49191468665317,0.7440695652173913,10.453795433044434,8.550276756286621,278,0.3801970971740519,0.35001376,Medium,Medium
92,40,26.72816460604371,92.35180078773791,0.5266304347826087,6.168098449707031,0.9274099469184875,291,0.0026413057065144594,0.006825367,Low,Low
58,80,26.163140864818427,92.34865702481243,0.4928173913043478,5.205904006958008,1.0332547426223755,294,0.018412327976764828,0.026729457,Low,Low
32,40,26.14934933209483,90.15401667785328,0.4322608695652174,7.599794864654541,2.1223647594451904,302,0.05050061166768936,0.011556815,Low,Low
72,10,24.99211385142201,92.70293456324994,0.8004608695652174,10.101689338684082,16.699766159057617,287,0.6069972227714537,0.61786026,High,High
51,40,26.277501028352997,91.70451688792397,0.5642782608695652,4.7272114753723145,3.1001224517822266,275,0.018609778339498485,0.013940429,Low,Low
43,40,26.10060550885491,90.49794268765942,0.6251130434782609,7.1568121910095215,6.241106033325195,266,0.1337862987686607,0.048441708,Low,Low
54,40,26.490114714533135,89.94480162909713,0.5127521739130435,7.271484375,0.9274099469184875,240,0.0017265932247568939,0.0074129784,Low,Low
556,10,26.37542207994125,93.04980728117172,0.7975869565217392,4.489351749420166,17.343990325927734,302,0.1832820026501006,0.04973021,Low,Low
140,10,27.376319165203544,95.54438659678901,0.7319565217391304,6.062510967254639,1.3965585231781006,307,0.15667169941951872,0.099834524,Low,Low
85,50,26.589280733450074,93.40436680998404,0.5906652173913043,5.451346397399902,4.242741107940674,258,0.02901995721653689,0.048187703,Low,Low
34,40,26.009893297101808,90.05493790334724,0.4025217391304348,6.870268821716309,1.3872793912887573,295,0.04892552824427155,0.008113415,Low,Low
122,10,27.658384593276768,95.39197759758451,0.7305956521739131,7.769158363342285,1.0470329523086548,280,0.058183334469556494,0.07011478,Low,Low
63,40,26.53725128768383,91.68810377759887,0.5885391304347827,4.967759609222412,2.270231246948242,262,0.0033960476286684395,0.014937827,Low,Low
148,10,27.285597440211028,95.53361471638867,0.7789391304347827,6.31523323059082,1.0434951782226562,306,0.11036208709770685,0.09485458,Low,Low
470,10,25.977100788485675,92.19370740475459,0.6778913043478262,5.344660758972168,6.903086185455322,303,0.36989589962675934,0.33687967,Medium,Medium
98,10,26.996834670627752,94.78294817703923,0.6399826086956523,6.984742641448975,3.6273040771484375,267,0.0559988594272175,0.031028107,Low,Low
315,10,25.629151974498065,92.7499041344057,0.7263739130434783,5.785641193389893,4.148001194000244,312,0.41083328985457046,0.61136687,High,High
462,10,26.497299058028776,93.44722736757852,0.7965521739130436,5.444455146789551,14.238061904907227,303,0.22756078134960195,0.108109325,Low,Medium
79,10,26.61973445165487,91.85578544446763,0.587008695652174,4.731832504272461,2.7802884578704834,277,0.2647822838198121,0.1822861,Low,Medium
96,40,26.473211011862393,94.05807557082616,0.4892086956521739,6.663372039794922,2.1237716674804688,329,0.04341383925153303,0.018296916,Low,Low
58,40,26.342000856381876,92.2057254713228,0.5909826086956522,4.944434642791748,2.267031669616699,253,0.0033960476286684395,0.0114060305,Low,Low
115,40,27.345988455036682,95.22345412969997,0.2660130434782609,6.978525161743164,0.9274099469184875,246,0.004950838812123391,0.003929427,Low,Low
498,10,25.984632456176985,92.4257513647666,0.7621173913043479,5.347092628479004,13.684298515319824,326,0.3650296894385349,0.26302084,Medium,Medium
691,10,25.46395308490686,92.74068009758291,0.7052782608695652,6.208961009979248,13.599186897277832,292,0.5138236927409706,0.38508257,Medium,High
96,60,27.151660124690117,94.5135531921419,0.03734782608695652,6.520483493804932,4.178353786468506,287,0.008162552265252608,0.02437582,Low,Low
111,10,27.612917766935603,94.82448116609056,0.6068347826086957,6.817759037017822,0.9274099469184875,251,0.0022500797100098286,0.016756648,Low,Low
802,10,25.292365584875377,92.9191291340233,0.7492695652173913,7.6677093505859375,4.096310615539551,316,0.45576958310131716,0.28043786,Medium,High
312,10,26.192477410663514,93.67275681129185,0.795995652173913,6.013975620269775,24.097158432006836,311,0.4129417230297943,0.52377874,High,High
60,40,26.224156794498228,92.41729614407303,0.5684739130434783,4.697667598724365,2.0669209957122803,306,0.010794179540476363,0.027020179,Low,Low
64,10,25.9379745341251,90.77233916108443,0.5669913043478261,6.814089298248291,2.7719976902008057,286,0.02892232751850955,0.02475949,Low,Low
69,40,26.548742933172864,92.12893392053377,0.551904347826087,4.881619453430176,2.7800674438476562,283,0.02021840966243118,0.028374692,Low,Low
218,10,25.79097503088222,93.49656895098035,0.8151478260869566,5.2894287109375,5.5553131103515625,312,0.18759927387265327,0.07889225,Low,Low
165,10,27.37747345988452,95.64206507894664,0.7391434782608697,6.262543201446533,7.329681873321533,342,0.3889402557051138,0.41384178,High,Medium
204,10,26.812763650859836,90.37301012049433,0.6933478260869566,5.233117580413818,3.249217987060547,270,0.3578367918158558,0.22486262,Medium,Medium
111,10,27.427013353620584,95.01801183841452,0.6572608695652175,6.693644046783447,1.044827938079834,272,0.010727319890136724,0.027869828,Low,Low
173,10,26.73374539792067,90.65401546876198,0.5924434782608696,5.223232746124268,3.2471494674682617,277,0.377420685012573,0.24854569,Medium,Medium
165,10,25.7345366838735,93.15314838058794,0.6557000000000001,3.9167962074279785,2.257291316986084,281,0.39170618288670267,0.28444418,Medium,Medium
424,10,25.726860992541333,92.63904921440464,0.790013043478261,6.003452301025391,21.763378143310547,313,0.4741512529751176,0.5660954,High,High
49,40,26.107126994475863,91.54452659393013,0.4633260869565217,3.9313628673553467,2.0648462772369385,266,0.054710164691018075,0.024693286,Low,Low
775,40,25.87208067224774,92.370951218426,0.757208695652174,5.73064661026001,11.230672836303711,295,0.30597052245970735,0.12249172,Low,Medium
1043,10,26.256123912469818,93.39351997018235,0.7929260869565218,4.856328964233398,24.050748825073242,351,0.4178151743027667,0.18879981,Low,High
71,10,26.610823151399916,89.95248986412842,0.6181739130434784,7.162275791168213,1.8543341159820557,238,0.04511988537610531,0.045149013,Low,Low
95,10,26.85632976945143,93.42758092247557,0.6605782608695653,5.699769973754883,4.252830505371094,277,0.08809106975103216,0.11720629,Low,Low
110,40,27.6562370396502,94.88147472608526,0.5286782608695653,6.963998794555664,1.398549199104309,266,5.634232869954597e-05,0.0041875616,Low,Low
131,10,26.870129304181642,92.51078843486688,0.807795652173913,5.422721862792969,1.393038272857666,295,0.12042623755529351,0.06260805,Low,Low
23,10,24.499084912780727,92.25162231328763,0.695104347826087,9.896159172058105,2.0376553535461426,250,0.1565511966197915,0.05772875,Low,Low
106,80,27.56641622176599,94.8616699736763,0.05775909090909091,6.411702632904053,0.9274099469184875,259,0.0005859240643503121,0.0065957117,Low,Low
113,10,25.790698146579675,93.06688486856093,0.6624913043478261,4.147935390472412,7.985625743865967,315,0.6188127986366552,0.6259117,High,High
35,10,24.648717428379488,92.82395472281911,0.656913043478261,10.640317916870117,7.165698528289795,270,0.4256373939202861,0.42296803,High,High
70,60,26.128520085460334,91.7479726005409,0.47728695652173914,4.535181045532227,6.242559909820557,286,0.27340691527644223,0.54696155,High,Medium
43,40,26.017774075088916,91.15430905688567,0.4743695652173913,5.822479248046875,0.0,288,0.0065618332900017,0.018159563,Low,Low
88,10,26.740330156503052,92.60383961099144,0.6277608695652175,5.609938621520996,3.8467977046966553,322,0.1451095633663157,0.17947027,Low,Low
115,10,26.35586726257474,93.91287896167424,0.6755130434782609,6.556094169616699,3.4638779163360596,281,0.08364320955619894,0.059443947,Low,Low
1049,10,25.143281028306195,92.78301383290669,0.7215304347826087,9.274908065795898,22.95175552368164,298,0.5291750812928758,0.50767326,High,High
27,40,24.706537637295362,92.83317783938249,0.4788304347826087,10.691202163696289,3.0599279403686523,282,0.08458881006093258,0.09033523,Low,Low
992,10,25.211699416666285,93.31746560531874,0.7701695652173913,6.458276748657227,15.347406387329102,320,0.4911362827103304,0.3875552,Medium,High
467,10,25.83563078676864,92.6828538701829,0.7895608695652174,5.715381145477295,19.925960540771484,307,0.36380627680077793,0.41003776,High,Medium
42,40,26.380531973810825,90.10492419001174,0.5000521739130436,7.349661827087402,0.9274099469184875,248,0.00021600637499265222,0.0060254433,Low,Low
638,10,25.619652950455645,92.66151311076327,0.7626478260869566,5.999862194061279,10.945111274719238,385,0.6591660645250685,0.7242899,Very High,High
298,10,25.803688331096044,93.31352588891376,0.7875869565217392,4.719996452331543,7.404735565185547,335,0.11815201977908912,0.034406688,Low,Low
53,40,26.69806259758105,91.18691028538788,0.5505304347826088,5.5469255447387695,1.3918629884719849,272,1.6490788514484307e-05,0.010395429,Low,Low
217,10,26.717763458315847,94.50322436965473,0.8344,6.518024444580078,11.274099349975586,264,0.2654797985647952,0.1268944,Low,Medium
100,40,26.95828032431091,94.69605510442958,0.6631521739130435,6.826453685760498,3.704791784286499,285,0.030406478143715544,0.017372822,Low,Low
89,40,27.055650552032272,94.58587001414536,0.5933869565217391,6.16401481628418,1.0413477420806885,300,6.19895176523798e-05,0.006650232,Low,Low
201,40,26.89806099443979,92.3770623751627,0.6126782608695652,5.621772289276123,5.9198102951049805,277,0.4484519802539472,0.25413036,Medium,High
456,10,25.211278813795364,93.07263921991904,0.7178826086956522,7.583954334259033,15.536589622497559,337,0.9542113644323623,0.9394145,Very High,Very High
652,10,26.182566767339516,93.68047083411894,0.8008869565217391,6.013975620269775,15.511828422546387,366,0.4704737906584835,0.5355929,High,High
91,30,27.121332913512102,94.6085159205419,0.6594695652173913,6.549590110778809,0.0,296,0.016142027089038617,0.020386148,Low,Low
90,40,26.739537021487973,92.43137569640696,0.5903826086956522,6.020870208740234,2.124948024749756,291,0.0007309530548329713,0.005517674,Low,Low
120,40,27.486470230270132,95.26263490135513,0.5667739130434784,6.933089256286621,1.045393943786621,250,0.005013692676165201,0.0045676962,Low,Low
60,40,26.532296766528845,89.96461502627885,0.6144826086956522,7.279365062713623,0.0,265,0.0037329009524958144,0.010398736,Low,Low
70,40,26.418741979311136,92.90507508912084,0.6503695652173913,5.250519275665283,1.3899818658828735,290,0.020529793418188672,0.015694203,Low,Low
133,40,26.047074272962618,93.92628275987597,0.5637739130434783,6.290045738220215,1.38752281665802,249,0.002229142401819953,0.0071008075,Low,Low
85,10,24.307519725734853,92.43563683367111,0.7838347826086958,10.25502872467041,10.70588493347168,297,0.4057518857260679,0.39520618,Medium,High
296,10,26.29598238435499,93.7275407159787,0.7866260869565217,6.0955071449279785,4.1609721183776855,297,0.07466211950665266,0.062815085,Low,Low
115,40,27.410509361135823,95.25198345105687,0.6652478260869565,6.95588493347168,3.265174627304077,259,0.011482354064454336,0.011803862,Low,Low
80,80,26.826142752885325,93.78952424346647,0.07355652173913044,5.939974308013916,3.114962339401245,259,0.003198685427699914,0.0074389908,Low,Low
87,40,26.926509653080476,94.26876020158087,0.6085304347826087,6.682145118713379,3.625636339187622,282,0.02472037194511047,0.020714318,Low,Low
85,40,26.950461362339293,94.28043772733544,0.5472304347826087,6.8052592277526855,0.9274099469184875,279,1.6490788514484307e-05,0.00720171,Low,Low
99,10,26.743357932683757,92.27659876995237,0.5569826086956522,6.1090407371521,3.6213154792785645,300,0.04700094293238393,0.041676834,Low,Low
91,10,26.788929600270645,93.26475577397669,0.7410826086956522,5.13528299331665,2.274404525756836,285,0.09412533981760075,0.07825835,Low,Low
202,40,26.89895864333276,92.42260438597302,0.6027304347826087,5.695202827453613,1.0399022102355957,288,0.24645168804845508,0.17545874,Low,Medium
102,10,27.036110808689926,94.99791035060727,0.7048478260869565,7.302731990814209,2.126281261444092,266,0.02384150633737079,0.01840408,Low,Low
78,40,26.64598830410039,92.43995516185223,0.482304347826087,5.640060901641846,0.9274099469184875,294,0.004712231288621577,0.013416308,Low,Low
222,10,26.52740748387037,93.15354916762236,0.7888000000000001,4.950605869293213,13.055691719055176,286,0.29770873136075926,0.1400597,Low,Medium
31,40,25.978793414098494,90.18515312730428,0.4718086956521739,7.9287896156311035,1.031628966331482,311,0.1091100207263085,0.048212092,Low,Low
135,60,26.709564495888355,90.18370790462697,0.525504347826087,6.1400604248046875,5.918615818023682,291,0.16316956649284153,0.17978933,Low,Low
64,40,26.57468291258028,92.86881240047323,0.4824086956521739,4.870016098022461,2.7802884578704834,307,0.030834156502833027,0.046936892,Low,Low
30,10,24.694416238031703,92.64718272020168,0.6270260869565217,10.300514221191406,4.179973125457764,280,0.3446596188881451,0.29919675,Medium,Medium
158,10,25.83689483258887,92.72517464874646,0.7290565217391305,5.670004367828369,13.190512657165527,293,0.7396136386691615,0.77586246,Very High,Very High
239,10,24.980594451315653,92.93985678740101,0.7743869565217392,9.842574119567871,32.272743225097656,302,0.690209495037457,0.7719381,Very High,High
74,40,26.081020839489756,92.9353617086949,0.46419130434782613,5.377686023712158,4.967850208282471,293,0.08636616788006722,0.047163032,Low,Low
80,40,26.026421868380723,92.95847663803909,0.5375739130434783,5.379156589508057,5.14691162109375,268,0.07862600379910767,0.03300658,Low,Low
52,40,26.02417626328888,91.43559287511981,0.6484652173913044,4.782754898071289,3.0934126377105713,253,0.09176135455005492,0.01617434,Low,Low
151,10,25.023438525658666,93.080235855468,0.7870478260869566,9.112756729125977,23.827415466308594,324,0.6482076114434749,0.75434166,Very High,High
109,10,27.077494615112457,95.10916663808561,0.6281913043478261,7.343905925750732,2.126469135284424,254,0.012197594585901977,0.025593916,Low,Low
1259,10,26.142728204574304,93.50288206714173,0.8195434782608696,5.2055745124816895,18.003578186035156,350,0.2343694859666824,0.09069525,Low,Medium
232,10,25.559806114733664,93.14635697924811,0.8019565217391305,4.759927749633789,3.2173664569854736,353,0.3272414784183731,0.08565881,Low,Medium
46,10,26.365277603179692,89.9037264778723,0.7082173913043478,7.140440940856934,2.7802884578704834,262,0.055767301321341556,0.02353771,Low,Low
57,40,26.477096952893334,91.96903013182536,0.49146521739130433,4.460555553436279,3.8461575508117676,278,0.02873778753472582,0.034517944,Low,Low
357,10,25.499078065902598,92.91457620547708,0.8099478260869566,6.279621601104736,16.881481170654297,347,0.2805349488662444,0.26309153,Medium,Medium
90,40,27.055831102425852,94.64070684897258,0.4748521739130435,6.318654537200928,0.0,288,0.0008149797712460214,0.007615031,Low,Low
462,10,25.119860793654354,92.54625357393796,0.7645739130434783,9.454079627990723,15.002121925354004,322,0.7544880492021674,0.6838124,High,Very High
39,40,26.113478302236842,90.89724636568845,0.5251608695652175,5.881920337677002,2.0649638175964355,303,0.01230252742308999,0.015972884,Low,Low
1192,10,25.190089844374725,92.81704494875959,0.7717173913043478,8.676661491394043,7.448145866394043,331,0.4077296772042147,0.28328544,Medium,High
123,80,27.78695937796339,95.5297242388452,0.5571478260869566,7.958944320678711,1.399488091468811,294,0.014441124768110374,0.025490385,Low,Low
1041,10,26.22359405146265,93.55701891439494,0.8277695652173914,5.562027454376221,20.49281120300293,357,0.4007744655685329,0.43189096,High,High
154,10,27.451683229483148,95.70249073948246,0.7789,6.839957237243652,0.9274099469184875,311,0.14789077465883452,0.10319925,Low,Low
46,10,26.30313897896943,90.25582923776817,0.5443652173913043,7.101196765899658,3.463319778442383,294,0.03481446328721,0.02914749,Low,Low
102,10,26.712268776136586,92.1443500238605,0.5617782608695653,5.228788375854492,1.0381896495819092,273,0.024447564793340704,0.03850985,Low,Low
61,10,25.966201182778928,91.25105582864191,0.6484739130434783,5.039600849151611,3.227463960647583,279,0.21010004308087427,0.08675324,Low,Medium
39,40,26.31412165800267,91.05825556954268,0.49537391304347833,5.1968770027160645,1.0345959663391113,285,0.013125184658132677,0.017932639,Low,Low
26,10,24.722137273565114,92.71591446213269,0.6531347826086957,10.622041702270508,6.3264851570129395,271,0.39412403819035247,0.37878764,Medium,Medium
57,40,26.248885873531485,92.27025519384532,0.42726956521739134,5.0163493156433105,1.034016728401184,285,0.010079161031682287,0.010802514,Low,Low
836,10,26.243610338190724,93.60056027957111,0.8149173913043478,5.983579635620117,4.239730358123779,348,0.28122134708499386,0.13072033,Low,Medium
488,10,25.48437629516507,93.28958052586918,0.7555000000000001,5.456809997558594,24.368921279907227,351,0.8004984596774308,0.82767516,Very High,Very High
115,10,26.314561952750676,94.03765407931861,0.6281913043478261,6.54990816116333,2.9659817218780518,325,0.0982012459220897,0.08006234,Low,Low
69,40,26.60254635252663,93.27544290759819,0.5153391304347826,5.132803440093994,7.728786468505859,287,0.3393268032870353,0.16720864,Low,Medium
126,30,27.82542778653035,95.553043719299,0.6075652173913043,8.49507999420166,5.309903621673584,307,0.18276137071073828,0.2958761,Medium,Low
97,40,27.29628050144162,94.56243438238019,0.5721521739130435,6.542684555053711,3.4741690158843994,273,1.6490788514484307e-05,0.012006638,Low,Low
105,40,27.22737462640829,93.99542095741495,0.5672347826086958,8.256119728088379,2.7802884578704834,265,5.634232869954597e-05,0.009087467,Low,Low
33,40,26.282077372437126,90.39396276004979,0.4596217391304348,7.093236446380615,4.825310707092285,280,0.04193371804166535,0.030076291,Low,Low
62,80,26.567999503584364,92.53894122373342,-0.032215,5.135985851287842,2.9667749404907227,240,0.00520400968094713,0.017027853,Low,Low
78,80,26.620499987860764,93.05507876405309,0.0051619047619047625,5.173596382141113,3.466714859008789,275,0.006867092118223115,0.030087477,Low,Low
98,40,26.720084420157434,91.39553205501383,0.5270913043478261,5.537591457366943,2.124861240386963,256,5.634232869954597e-05,0.010164413,Low,Low
65,40,26.45418382730911,92.62791159935485,0.42247826086956525,5.014208793640137,0.9274099469184875,276,0.006420513602188168,0.011216741,Low,Low
101,40,26.730069641087553,91.49761704326498,0.49638695652173914,5.329493999481201,1.0383517742156982,270,1.6490788514484307e-05,0.0070534344,Low,Low
40,40,26.114574092208276,90.87519421952032,0.5483739130434784,5.881920337677002,3.845292568206787,291,0.014764715237721597,0.01678818,Low,Low
392,10,26.316069434344534,93.19202871640469,0.7415826086956522,5.199253082275391,13.24245834350586,352,0.7946650553487987,0.8335899,Very High,Very High
421,10,25.444192544833346,92.84878002183517,0.7645869565217391,6.39232873916626,14.879254341125488,315,0.5551267511964222,0.53971076,High,High
63,80,26.612012030690355,92.88297788362642,0.030330434782608696,4.87711763381958,12.90615177154541,289,0.7524306055993915,0.7330631,Very High,Very High
72,80,26.654870518954713,93.36112374822136,0.48756086956521744,5.197147846221924,0.0,255,0.01580561321963648,0.019259354,Low,Low
78,40,26.12722950335594,93.00445478232258,0.49818260869565223,5.329677104949951,4.227321624755859,289,0.0002574301182189814,0.017745074,Low,Low
82,40,26.821616108486793,94.17314691555447,0.518395652173913,6.649055480957031,0.9274099469184875,291,0.004712231288621577,0.011441156,Low,Low
28,40,25.958645451023923,90.09818639117883,0.4340347826086957,7.593830108642578,2.2608482837677,283,0.021568091623822786,0.008601297,Low,Low
135,40,27.892208053539825,95.74689952466291,0.5939739130434784,8.840816497802734,1.0492833852767944,309,0.04558258183143115,0.03103846,Low,Low
48,40,26.232267338143618,91.50547623230065,0.5454913043478261,4.173367500305176,2.067064046859741,272,0.062112570718067216,0.026246952,Low,Low
58,40,26.508359569950017,92.47538941549993,0.37774347826086957,5.222517013549805,1.3905813694000244,293,0.009524006006058643,0.009459039,Low,Low
97,10,26.773593278166988,91.04347180399851,0.8359130434782609,5.34638786315918,4.54115629196167,282,0.23019235720451708,0.05232155,Low,Medium
774,10,25.057578596989316,92.91666143404699,0.7619565217391304,8.642134666442871,34.845741271972656,296,0.4746767835103642,0.3115898,Medium,High
62,40,26.069310785987703,92.6046857289643,0.5322913043478261,5.303548336029053,1.3876665830612183,314,0.04090302398469953,0.02285905,Low,Low
66,40,26.504556560704387,91.97892255715021,0.5246782608695653,4.716253757476807,4.138463020324707,288,0.023253602846651653,0.049476843,Low,Low
107,40,27.179069802438782,95.05669402557473,0.6256260869565218,6.914967060089111,2.0843074321746826,266,0.0020262369310428286,0.007964967,Low,Low
630,10,26.33784087034971,93.68064269544037,0.781404347826087,6.053843975067139,26.905134201049805,337,0.8105188514972749,0.80662626,Very High,Very High
90,10,26.654132372542428,94.05435147360977,0.6504869565217392,6.589131832122803,1.3915653228759766,271,0.011085478597056992,0.02097002,Low,Low
344,10,26.405259540414917,93.42076964894054,0.7774565217391305,5.368814945220947,11.594935417175293,319,0.4902250003449982,0.34241125,Medium,High
74,20,26.7335667974952,92.75320812381209,0.5233739130434784,5.3603715896606445,1.3921047449111938,277,0.026750181213354682,0.021173315,Low,Low
47,40,26.3680607390997,91.40922291609822,0.5402782608695652,4.592665672302246,2.0694854259490967,279,0.007502589185471797,0.016147599,Low,Low
480,10,24.99207120677299,93.0902053665196,0.7903347826086957,9.571197509765625,12.529598236083984,315,0.5585480432710715,0.48808047,High,High
22,10,24.78152661623688,92.6470270344755,0.5344173913043478,10.269015312194824,2.042264938354492,259,0.11054229138018246,0.12662433,Low,Low
75,10,26.762706605519597,92.70324802915125,0.6668608695652174,5.266210556030273,0.9274099469184875,305,0.10319494386459098,0.06538388,Low,Low
102,10,27.000716189775662,94.79912558975896,0.6525391304347826,6.7089738845825195,2.786221742630005,274,0.018455169535625794,0.033734214,Low,Low
47,60,26.05955373739222,91.47031368984705,0.23511739130434786,4.042051792144775,0.0,264,0.07930152010016964,0.042934924,Low,Low
235,10,25.803174146709953,93.4753090690194,0.8041782608695652,5.377810478210449,9.3711576461792,296,0.14519799426558477,0.07143401,Low,Low
45,40,26.37189714976956,90.71045817795687,0.5481434782608696,6.138373374938965,3.6126935482025146,282,0.0006854543256950758,0.0100417165,Low,Low
455,10,26.522504553233105,93.37927044830252,0.7996130434782609,5.211501598358154,5.917441368103027,300,0.13585924522652001,0.074239105,Low,Low
88,40,27.075416042315425,94.30411393637718,0.5189565217391304,6.715871810913086,0.9274099469184875,310,0.023390232648246925,0.018509947,Low,Low
109,80,27.629427360815317,95.1356268493289,-0.020743478260869568,6.918920516967773,2.288757801055908,312,0.022026042520324897,0.015123084,Low,Low
74,40,26.645857108048833,92.45149312858189,0.4879565217391304,5.465568542480469,1.0375854969024658,297,0.004712231288621577,0.016349329,Low,Low
53,40,26.611592311087016,91.26474184112838,0.5696565217391304,5.681514263153076,2.1243796348571777,277,1.6490788514484307e-05,0.008865282,Low,Low
116,40,27.63363847163286,95.25276050129949,0.46718695652173914,7.114947319030762,2.129038095474243,274,0.005020075017905166,0.006919479,Low,Low
159,10,24.273168111491046,92.239559866212,0.7423434782608697,10.108785629272461,19.747034072875977,266,0.6484863894900501,0.58232147,High,High
41,40,26.332322851675137,91.17035408742876,0.538795652173913,4.965579986572266,2.266873359680176,297,0.006554911224641161,0.016275918,Low,Low
49,80,26.273180353342443,91.93777178553495,0.008730434782608695,4.609692573547363,2.7763946056365967,313,0.06217555780158706,0.040689994,Low,Low
230,10,25.89635627152435,93.33101287795321,0.7436782608695652,4.839534759521484,3.090062141418457,303,0.31313831276510706,0.16366181,Low,Medium
120,40,25.997085850085476,93.2415908318686,0.6992739130434783,5.005937099456787,2.7802884578704834,260,0.04889542236518707,0.027373409,Low,Low
159,40,27.962062128665753,95.85616304962062,0.6541826086956523,8.81950569152832,4.255312919616699,334,0.2752783634101287,0.1547267,Low,Medium
51,40,26.28213338391392,91.89539163563009,0.46680434782608704,4.732241153717041,0.0,302,0.03168530665717544,0.02448495,Low,Low
414,10,25.440787633759772,93.35159196262197,0.7519043478260871,5.5238423347473145,5.121755599975586,380,0.7631691537774777,0.9004244,Very High,Very High
44,10,26.045234311252454,91.06665437965219,0.5275347826086957,5.897444248199463,5.063075542449951,286,0.13565330315514018,0.118576795,Low,Low
115,40,26.300552179536094,94.03518454851691,0.5479826086956522,6.54990816116333,2.068279981613159,319,0.027829110397721634,0.01284143,Low,Low
50,10,26.420040049363077,90.29214177876753,0.5667173913043478,6.994955539703369,3.6138057708740234,280,0.03179951531641072,0.02844832,Low,Low
53,60,26.12913497770963,91.60377933127891,0.4691608695652174,4.085036754608154,1.0329548120498657,264,0.08781309548864531,0.057554986,Low,Low
59,60,26.42938541436345,90.56178455844106,0.6196826086956523,6.659162998199463,3.2392473220825195,297,0.08855192496082925,0.087304935,Low,Low
72,10,25.91924559882917,91.12491559928104,0.6882739130434783,5.679971218109131,4.153583526611328,287,0.11167981336086716,0.10481213,Low,Low
46,10,26.30597071999845,90.6586978404178,0.5934608695652174,6.309460163116455,4.825713634490967,310,0.14709894097422732,0.12477373,Low,Low
397,10,25.43913322066654,93.40826211187667,0.7294304347826087,5.408249378204346,21.651241302490234,382,0.9468111710370923,0.97188765,Very High,Very High
231,10,26.707750084676185,94.51129443058466,0.797695652173913,6.518024444580078,13.371387481689453,273,0.30718753024391493,0.29546314,Medium,Medium
81,40,25.85905618315975,92.94098474866378,0.5311173913043479,5.135383129119873,3.601073980331421,303,0.006035705637732711,0.031299062,Low,Low
76,10,26.028633771898562,92.8794464464823,0.45424347826086964,5.407916069030762,5.467487335205078,285,0.16689235925635093,0.16532476,Low,Low
115,10,24.275269673670795,92.42270513137271,0.6959565217391305,10.490352630615234,2.1147351264953613,282,0.5046551152668025,0.37427843,Medium,High
136,40,27.86145135554087,95.84221293928756,0.6550826086956523,8.290627479553223,1.0489848852157593,310,0.07403751050978774,0.05824209,Low,Low
207,10,26.02733474657683,90.50585992768043,0.7082260869565218,6.710035800933838,19.929569244384766,262,0.7343336602859483,0.8626713,Very High,Very High
42,40,26.47049641561694,91.12262756374413,0.5241086956521739,5.205773830413818,3.4651033878326416,279,0.0,0.017901234,Low,Low
117,40,26.262459141610762,93.90918000555533,0.6932,6.7185845375061035,2.1228528022766113,320,0.053368899637481156,0.02344086,Low,Low
50,10,26.392389976131025,90.2170472521838,0.6420782608695652,7.107200622558594,5.065568923950195,291,0.235973763655443,0.14944413,Low,Medium
116,10,26.67414285950165,94.3362275016968,0.7476565217391304,6.539404392242432,2.2724952697753906,270,0.03758163945286326,0.023311447,Low,Low
731,10,26.26991066209212,93.46561929263987,0.7806652173913043,5.257135391235352,19.695152282714844,333,0.3707848275347727,0.24079505,Medium,Medium
96,40,26.735371339028152,92.30627478437465,0.4661,6.1377739906311035,4.24403190612793,299,0.0034896825197322763,0.014063799,Low,Low
393,10,26.12566947375444,93.37381123022591,0.8243739130434783,5.33831262588501,12.726174354553223,340,0.14139310104334557,0.07984344,Low,Low
72,40,26.69939784481449,92.95400988646115,0.5148826086956523,5.412974834442139,3.6202874183654785,257,5.634232869954597e-05,0.017667321,Low,Low
92,40,26.871216987249447,93.03688545487556,0.6126956521739131,5.644434928894043,0.9274099469184875,277,0.011547481150256497,0.013243912,Low,Low
55,80,26.586501217245143,90.90598707654448,0.5290565217391304,5.9384260177612305,5.253316402435303,266,0.07444983518718913,0.03353797,Low,Low
25,10,24.96376467934354,92.74233655938163,0.6446782608695653,10.101689338684082,1.8543341159820557,305,0.49894642114348536,0.46388415,High,High
92,40,26.499402110951824,94.1119418390312,0.5457260869565217,6.842996597290039,0.0,310,0.026331657889569444,0.014053284,Low,Low
28,40,24.725628204637985,92.55569253331119,0.6197,9.97029972076416,2.041343927383423,273,0.14041622600787929,0.046586674,Low,Low
108,10,27.669432525231862,94.95873876826134,0.6270217391304348,6.56485652923584,2.289457082748413,264,0.021553003780288103,0.030792594,Low,Low
912,10,26.1696090789856,93.52854108234314,0.8117347826086957,5.272641658782959,29.848228454589844,338,0.406586220758522,0.17391954,Low,High
30,60,25.978169770948146,90.1492353077039,0.4814521739130435,7.579896450042725,2.772521495819092,291,0.05116940074007214,0.017262407,Low,Low
63,80,26.446012054410758,92.3047194442658,0.035472727272727274,5.060944557189941,1.0357805490493774,282,0.006867092118223115,0.019574275,Low,Low
106,40,27.3468130617529,94.9668683142241,0.423795652173913,6.492395877838135,2.969287633895874,251,0.005308914493170009,0.004268727,Low,Low
45,40,26.525383487466286,91.10646532259338,0.6059434782608696,5.583288192749023,1.3906952142715454,266,0.010941434495407893,0.008630969,Low,Low
103,40,26.033647573696065,93.16798023931979,0.4475608695652174,5.313849925994873,2.773242235183716,264,0.0047481720052481614,0.0072001694,Low,Low
134,10,26.770409956784327,94.6412100726148,0.7760043478260871,6.718958854675293,2.7830703258514404,275,0.0898653306322776,0.08398377,Low,Low
194,10,27.274936873291868,95.49366940118756,0.7934652173913044,6.943558692932129,6.922502040863037,333,0.21667905542664295,0.19762298,Low,Medium
96,40,26.0566645598385,93.15681304456142,0.5768565217391304,5.382511615753174,3.094268560409546,265,5.634232869954597e-05,0.007118776,Low,Low
110,40,26.415181560209085,94.16700243016464,0.564213043478261,6.860642433166504,3.2388756275177,268,0.004058639199213471,0.0048883623,Low,Low
34,80,26.122100188250503,90.19430232954346,0.2609,7.599794864654541,6.897731781005859,306,0.21115126296832082,0.08793629,Low,Medium
44,40,26.109652090280694,90.69064594090513,0.6082565217391305,6.884132385253906,2.1221940517425537,305,0.016841993717121865,0.010438829,Low,Low
59,40,26.230781621197707,92.66953087586768,0.4891347826086957,4.773712158203125,1.3887312412261963,287,0.009734283912682372,0.027746744,Low,Low
79,40,26.824240892345145,93.555540915585,0.5447608695652174,5.588420867919922,2.9675886631011963,267,0.004229278509397066,0.008436962,Low,Low
226,10,25.65938205698397,92.83810340504463,0.7667478260869566,5.598331451416016,6.176466464996338,303,0.19189417617715374,0.20736283,Medium,Low
708,10,26.064338380301454,93.46482395207313,0.7594478260869565,5.318340301513672,11.7676362991333,327,0.33772809645785484,0.18923342,Low,Medium
106,10,26.56610384570833,93.52961875716724,0.6777695652173913,5.572445392608643,1.390970230102539,242,0.056288793178579974,0.064837806,Low,Low
27,80,25.771427559325264,89.84272907051154,0.23572608695652175,6.789942264556885,3.5991175174713135,320,0.06987429781686541,0.024994342,Low,Low
51,30,26.48250009646489,90.18019735797273,0.5651086956521739,6.990228652954102,2.123811960220337,241,0.010775547358439545,0.012444824,Low,Low
23,60,24.665435132056054,92.35387818476732,0.47703913043478263,9.754547119140625,4.179055690765381,258,0.04467205039921155,0.032389775,Low,Low
94,40,26.496768778989264,94.16304167414572,0.5100739130434783,7.057633876800537,2.1238739490509033,296,0.0002574301182189814,0.0058155796,Low,Low
72,40,26.57678308786072,90.2760254378139,0.5587565217391305,6.768281936645508,2.2708816528320312,251,0.0008923667276948814,0.0051251077,Low,Low
46,80,26.446582500873273,90.68171587662695,0.5066782608695652,6.239703178405762,1.8543341159820557,293,0.005001398142840312,0.012075313,Low,Low
47,10,26.011065201812965,90.89176744784048,0.6433695652173913,6.081470012664795,1.031914234161377,319,0.06392472037720479,0.046168927,Low,Low
150,10,26.288342567252073,92.96381707299363,0.6890304347826087,5.163473606109619,16.208616256713867,313,0.9367290547312874,0.953797,Very High,Very High
105,40,26.018781348460557,93.16790990882279,0.46815217391304353,5.313849925994873,2.2618119716644287,265,0.006737345912928937,0.0072001694,Low,Low
128,40,26.717148846562246,90.37041284070136,0.6543565217391304,6.154320240020752,3.6207034587860107,296,0.04028722594691957,0.021555312,Low,Low
60,10,26.31983598970102,90.05879465329923,0.7330217391304348,7.126979351043701,1.8543341159820557,271,0.08939989907780523,0.030141015,Low,Low
192,10,25.804253654901,93.58876840678079,0.6900173913043478,5.650210857391357,4.216335773468018,269,0.395264362935934,0.280999,Medium,Medium
232,10,26.271900550535687,92.83380965681874,0.7387478260869565,4.923030376434326,19.448644638061523,309,0.7232102992714704,0.6646242,High,Very High
19,40,24.95786048683777,92.5260050894102,0.5049043478260871,10.283059120178223,2.117414951324463,276,0.11449327492119389,0.10723017,Low,Low
98,40,27.404758967934463,94.22372673361482,0.5425304347826088,7.252084732055664,2.1279704570770264,276,1.6490788514484307e-05,0.005475277,Low,Low
54,10,26.42386288433988,90.55985075942482,0.658308695652174,6.659162998199463,3.1040406227111816,298,0.07171084630253526,0.036506433,Low,Low
115,10,26.565991145235866,93.73359659726114,0.6767347826086957,5.901209354400635,4.2425336837768555,267,0.049481180174077495,0.041000687,Low,Low
33,10,24.5640497421452,92.66553358243577,0.7266782608695652,10.864320755004883,0.9274099469184875,268,0.380155263993485,0.390781,Medium,Medium
219,10,26.84197756838271,90.42801150468782,0.508308695652174,5.889135360717773,1.3928442001342773,283,0.3796652196559973,0.2529772,Medium,Medium
57,40,26.334540226635966,92.22915445972733,0.6068652173913043,4.944434642791748,1.8543341159820557,252,0.00622796692840174,0.012589133,Low,Low
88,40,26.83429304042459,94.31639095777516,0.5242565217391304,6.258127212524414,4.252058029174805,284,0.0020406930336874735,0.014034129,Low,Low
56,40,26.228348126042615,92.19359543040008,0.5290391304347827,4.724163055419922,3.09881329536438,275,0.014049745805838038,0.01573347,Low,Low
460,10,26.050833673808857,93.53155101533514,0.8081043478260871,5.334474086761475,7.247007846832275,350,0.38579629751904854,0.21890748,Medium,Medium
269,10,25.598473574384283,93.06602706592734,0.7808173913043478,4.981430530548096,11.580660820007324,316,0.38161496178159426,0.273429,Medium,Medium
62,10,26.33654565414732,92.47705728218331,0.611195652173913,4.774064540863037,3.1017024517059326,301,0.2327385023303196,0.17031191,Low,Medium
179,10,26.56750534191538,93.2788665720629,0.7057565217391304,5.05623197555542,12.808494567871094,264,0.5889854683033209,0.643933,High,High
951,10,25.8312611489085,92.18629403558721,0.6960173913043478,5.842307090759277,14.338971138000488,298,0.42157899416504774,0.35600346,Medium,High
24,40,24.75453985057232,92.32680474463264,0.5770478260869565,10.077048301696777,1.379362940788269,273,0.14440782820605197,0.13578933,Low,Low
488,10,24.318888076521585,92.47195646859085,0.7110000000000001,10.590523719787598,29.967817306518555,275,0.6964901428188871,0.8648244,Very High,High
724,30,25.985431210752274,92.28835432473117,0.716895652173913,5.653661727905273,9.603170394897461,298,0.3437310247849641,0.3049756,Medium,Medium
47,10,24.837792762384233,93.18788999848914,0.8110913043478262,9.116560935974121,1.379870891571045,318,0.20036960720177935,0.08615462,Low,Medium
63,10,24.322950582293974,92.27034982498793,0.7082782608695652,9.7728271484375,2.1149191856384277,260,0.11504044878220668,0.053383254,Low,Low
42,40,26.027915139266756,91.17063323002242,0.4226304347826087,5.822479248046875,2.2619545459747314,277,0.0037042581844564837,0.010921291,Low,Low
36,80,26.185062821709984,90.92738445592782,0.0037,5.739637851715088,7.42708158493042,276,0.23058183845899322,0.12590285,Low,Medium
95,40,26.25567253744676,93.03268778433963,0.6653695652173913,4.919485092163086,4.239835739135742,311,0.15312226143858576,0.08780743,Low,Low
78,40,26.64469798810184,91.70396246823675,0.6258956521739131,5.052482604980469,4.536891460418701,290,0.07343506267848236,0.060861304,Low,Low
938,30,25.26916288391202,92.7957625654609,0.7324173913043478,7.89558744430542,9.197338104248047,315,0.7614636857771201,0.7626202,Very High,Very High
110,10,24.601930922558132,93.05779634933387,0.786013043478261,9.267619132995605,18.559518814086914,296,0.6901718703791588,0.58016974,High,High
61,40,26.719994381285517,91.26559263839599,0.5659217391304349,5.52034854888916,6.354983329772949,258,0.09327049859258632,0.055668,Low,Low
78,40,26.6416798006795,93.38916171812829,0.655308695652174,5.391082286834717,2.7813217639923096,257,0.025082130909374417,0.010882159,Low,Low
88,40,27.05965485858767,94.36862763232743,0.5870913043478261,6.491273880004883,2.9683480262756348,296,0.00027116448847561343,0.006592407,Low,Low
129,10,27.37111876986438,95.41854625761954,0.7456434782608696,6.7577996253967285,0.0,290,0.0400821415155156,0.05881169,Low,Low
191,10,24.440402284392448,92.96333593942664,0.7668086956521739,8.802117347717285,19.37468147277832,272,0.7417628718368767,0.75818604,Very High,Very High
59,10,24.546113436953533,92.6931292061279,0.784,10.599252700805664,14.1315279006958,273,0.5129209097344396,0.3533134,Medium,High
265,10,24.190834349123154,92.42853752399836,0.802795652173913,10.562591552734375,17.304353713989258,308,0.30163573496013313,0.14990357,Low,Medium
82,10,24.493968514262683,92.91049124562183,0.8091695652173914,9.408536911010742,6.323829174041748,263,0.19900496790820407,0.12174157,Low,Low
99,10,26.460158332645026,93.09479805208473,0.6775913043478261,5.230645656585693,8.536998748779297,268,0.3016076829298283,0.21158046,Medium,Medium
149,10,25.92130591685725,93.82756819121103,0.6701956521739131,6.371248245239258,2.7717812061309814,276,0.1092405170906381,0.073967345,Low,Low
1249,10,25.148143246440114,92.90567497389144,0.7441478260869565,8.288005828857422,5.909214019775391,329,0.6160319273546578,0.5906829,High,High
52,10,26.167729978059555,91.83921588832658,0.6422521739130436,4.553126811981201,1.3883148431777954,270,0.2271163197440754,0.07486567,Low,Medium
75,40,25.924095272937066,92.72849504320335,0.5123608695652174,5.557595252990723,2.771817445755005,274,0.00032070804925348416,0.0150309205,Low,Low
42,10,26.062489397664994,90.5947325504043,0.5462304347826087,6.98199987411499,3.605642318725586,312,0.07730122269178194,0.05237262,Low,Low
75,40,26.653547502741592,93.51774987209645,0.5034391304347826,5.582942485809326,2.1245665550231934,282,1.6490788514484307e-05,0.010451554,Low,Low
390,10,25.035413279416705,92.55244381516975,0.7364173913043478,9.751919746398926,28.393705368041992,319,0.7918657336810533,0.83870566,Very High,Very High
50,40,26.366811185832965,91.54534667735032,0.5121130434782609,5.091675281524658,0.9274099469184875,290,0.001371729496506882,0.015476632,Low,Low
102,10,27.240281164678365,94.88956587974968,0.6360173913043479,7.02774715423584,1.0430704355239868,241,0.018147265562860455,0.029604781,Low,Low
87,40,27.208255734472367,94.31246616024457,0.5891000000000001,7.327713966369629,2.1270647048950195,281,1.6490788514484307e-05,0.005767906,Low,Low
77,10,26.824281176939298,92.81322636050666,0.5712304347826087,5.359436988830566,1.0392156839370728,288,0.03803207810608335,0.04245802,Low,Low
116,10,27.275185815310707,95.22505432681652,0.6884043478260871,7.0254621505737305,0.9274099469184875,278,0.015884119874712277,0.02794094,Low,Low
535,10,26.181357338977858,93.40490900386303,0.8169347826086958,5.443140983581543,14.157135963439941,362,0.3430505300254927,0.24000391,Medium,Medium
109,10,26.752445074179125,94.56242360826297,0.6663521739130436,6.485351085662842,2.7828245162963867,272,0.026214009622671938,0.030471947,Low,Low
59,40,26.48877050380645,90.46900791780652,0.6026217391304348,6.759301662445068,2.123839855194092,289,0.0008463738702092035,0.0082467105,Low,Low
48,10,24.799235715070942,92.56971998816681,0.6715391304347826,10.317988395690918,3.448035717010498,275,0.4452883677039916,0.4629399,High,High
93,40,26.708980146971275,91.91677051142152,0.5851434782608697,4.894834518432617,2.1248130798339844,299,0.021831615172036963,0.026310856,Low,Low
284,10,26.06060939388194,91.71894478722311,0.7225043478260871,4.535303115844727,18.644655227661133,314,0.7088269886257362,0.48618045,High,Very High
83,40,26.151108670671274,93.03183088827458,0.449104347826087,5.2095866203308105,4.228142261505127,256,0.016071909131988613,0.017073942,Low,Low
102,40,26.729850092201815,91.94626583563328,0.5637391304347826,4.894834518432617,2.782515048980713,274,0.032723505746424915,0.024157638,Low,Low
84,40,26.955697874145752,94.14769879774948,0.5920173913043478,7.695245742797852,3.4703750610351562,287,0.0067848986764787065,0.015857724,Low,Low
32,60,26.142947604151992,90.46814973689689,0.4612173913043478,7.1568121910095215,12.454436302185059,301,0.6639817144847885,0.5144211,High,High
41,10,24.590369223099525,93.09189510721836,0.6919347826086957,9.229302406311035,4.226160526275635,280,0.11981897250059097,0.0914977,Low,Low
550,10,25.43408848413214,93.249605930338,0.7312608695652174,5.747434139251709,14.653276443481445,339,0.7380642922522488,0.77499974,Very High,Very High
80,40,26.687811904794284,93.70576670517463,0.4981869565217391,6.012073993682861,1.0379669666290283,274,0.004997985515493251,0.007730032,Low,Low
56,10,26.39590394919849,89.96857017393054,0.634104347826087,7.121886253356934,1.389827847480774,262,0.016459873520123937,0.022264918,Low,Low
125,10,24.421015649234455,92.59591594534429,0.7648826086956523,10.739355087280273,11.540351867675781,297,0.3287496869151544,0.43196616,High,Medium
